time_s,speed_limit_curvature_m_s,speed_limit_preview_m_s,speed_limit_omega_m_s,speed_limit_lateral_error_m_s,dominant_limit
0.0,0.9999561905860901,1.0,1.0,1.0,curvature
0.018466472625732422,0.9999647736549377,1.0,1.0,1.0,curvature
0.059195518493652344,0.999963104724884,1.0,1.0,1.0,curvature
0.09932637214660645,0.9999623894691467,1.0,1.0,1.0,curvature
0.13965606689453125,0.9999716281890869,1.0,1.0,1.0,curvature
0.18010663986206055,0.9999743103981018,1.0,1.0,1.0,curvature
0.2203810214996338,0.9999709725379944,1.0,1.0,1.0,curvature
0.2606348991394043,0.9999715089797974,1.0,1.0,1.0,curvature
0.301163911819458,0.9999780654907227,1.0,1.0,1.0,curvature
0.34222912788391113,0.9999772906303406,1.0,1.0,1.0,curvature
0.38304948806762695,0.9999780654907227,1.0,1.0,1.0,curvature
0.42359256744384766,0.9999735355377197,1.0,1.0,1.0,curvature
0.4640936851501465,0.9999786019325256,1.0,1.0,1.0,curvature
0.5052018165588379,0.9999823570251465,1.0,1.0,1.0,curvature
0.5457932949066162,0.9999825954437256,1.0,1.0,1.0,curvature
0.5857241153717041,0.9999743700027466,1.0,1.0,1.0,curvature
0.6265435218811035,0.9999739527702332,1.0,1.0,1.0,curvature
0.6673474311828613,0.9999704957008362,1.0,1.0,1.0,curvature
0.7080321311950684,0.9999879002571106,1.0,1.0,1.0,curvature
0.7483713626861572,0.9999877214431763,1.0,1.0,1.0,curvature
0.7889277935028076,0.9999867081642151,1.0,1.0,1.0,curvature
0.8297905921936035,0.9999895691871643,1.0,1.0,1.0,curvature
0.8702609539031982,0.9999916553497314,1.0,1.0,1.0,curvature
0.9102721214294434,0.9999906420707703,1.0,1.0,1.0,curvature
0.9508805274963379,0.9999901652336121,1.0,1.0,1.0,curvature
0.9910867214202881,0.9999848008155823,0.40442904829978943,1.0,1.0,preview
1.0320720672607422,0.9999024271965027,0.40442904829978943,1.0,1.0,preview
1.071810245513916,0.999893844127655,0.40442904829978943,1.0,1.0,preview
1.1121840476989746,0.9999345541000366,0.40442904829978943,1.0,1.0,preview
1.1536378860473633,0.9999960064888,0.40442904829978943,1.0,1.0,preview
1.1937987804412842,0.9999952912330627,0.40442904829978943,1.0,1.0,preview
1.2341217994689941,0.9999896287918091,0.40442904829978943,1.0,1.0,preview
1.2749576568603516,0.9999927282333374,0.40442904829978943,1.0,1.0,preview
1.3161752223968506,0.9999775290489197,0.40442904829978943,1.0,1.0,preview
1.3565163612365723,0.9999799728393555,0.40442904829978943,1.0,1.0,preview
1.396207332611084,0.9999913573265076,0.40442904829978943,1.0,1.0,preview
1.436556339263916,0.9999952912330627,0.40442904829978943,1.0,1.0,preview
1.4775803089141846,0.9999960064888,0.40442904829978943,1.0,1.0,preview
1.517967939376831,0.9999820590019226,0.40442904829978943,1.0,1.0,preview
1.5583925247192383,0.9999669790267944,0.40442904829978943,1.0,1.0,preview
1.5988330841064453,0.9999624490737915,0.40442904829978943,1.0,1.0,preview
1.6399285793304443,0.9999350905418396,0.40442904829978943,1.0,1.0,preview
1.6803951263427734,0.9999618530273438,0.40442904829978943,1.0,1.0,preview
1.72113037109375,0.999943196773529,0.40442904829978943,1.0,1.0,preview
1.7616262435913086,0.9999401569366455,0.40442904829978943,1.0,1.0,preview
1.8017327785491943,0.9999310970306396,0.40442904829978943,1.0,1.0,preview
1.8418142795562744,0.9999428391456604,0.40442904829978943,1.0,1.0,preview
1.883065938949585,0.9999558329582214,0.40442904829978943,1.0,1.0,preview
1.9238336086273193,0.9999895095825195,0.40442904829978943,1.0,1.0,preview
1.963667869567871,0.9999976754188538,0.40442904829978943,1.0,1.0,preview
2.0047121047973633,0.9999915361404419,0.40442904829978943,1.0,1.0,preview
2.045576333999634,0.9093299508094788,0.40442904829978943,1.0,1.0,preview
2.086162567138672,0.8362324237823486,0.40442904829978943,1.0,1.0,preview
2.1267080307006836,0.7817410230636597,0.40442904829978943,1.0,1.0,preview
2.16812801361084,0.7916483879089355,0.40442904829978943,1.0,1.0,preview
2.2084367275238037,0.8066936135292053,0.40442904829978943,1.0,1.0,preview
2.248347520828247,0.8229725956916809,0.40442904829978943,1.0,1.0,preview
2.288888454437256,0.8376615047454834,0.3676973879337311,1.0,1.0,preview
2.329335927963257,0.8699550628662109,0.3676973879337311,1.0,1.0,preview
2.3705201148986816,0.8928890824317932,0.3676973879337311,1.0,1.0,preview
2.4114789962768555,0.9037691354751587,0.3676973879337311,1.0,1.0,preview
2.4518191814422607,0.9129900336265564,0.3676973879337311,1.0,1.0,preview
2.49216365814209,0.9208798408508301,0.3676973879337311,1.0,1.0,preview
2.532599925994873,0.8379707336425781,0.3676973879337311,1.0,1.0,preview
2.572678565979004,0.7543653249740601,0.3676973879337311,1.0,1.0,preview
2.6129977703094482,0.6879511475563049,0.3676973879337311,1.0,1.0,preview
2.654231548309326,0.7064107060432434,0.3676973879337311,1.0,1.0,preview
2.694979429244995,0.7234119176864624,0.3676973879337311,1.0,1.0,preview
2.7351014614105225,0.7748199105262756,0.3676973879337311,1.0,1.0,preview
2.77638578414917,0.7917969226837158,0.3676973879337311,1.0,1.0,preview
2.816490650177002,0.807242214679718,0.3676973879337311,1.0,1.0,preview
2.8569140434265137,0.8223381042480469,0.3676973879337311,1.0,1.0,preview
2.89750599861145,0.8636230230331421,0.3676973879337311,1.0,1.0,preview
2.938122034072876,0.8908863067626953,0.3676973879337311,1.0,1.0,preview
2.9790098667144775,0.9381985068321228,0.3676973879337311,1.0,1.0,preview
3.019716501235962,0.9471800327301025,0.3676973879337311,1.0,1.0,preview
3.05975604057312,0.9525981545448303,0.3676973879337311,1.0,1.0,preview
3.1001036167144775,0.9084429144859314,0.3676973879337311,1.0,1.0,preview
3.1408305168151855,0.9188137650489807,0.3676973879337311,1.0,1.0,preview
3.181455373764038,0.881394624710083,0.3676973879337311,1.0,1.0,preview
3.2212703227996826,0.8885501623153687,0.3676973879337311,1.0,1.0,preview
3.2606468200683594,0.9407162070274353,0.3676973879337311,1.0,1.0,preview
3.30324387550354,0.9985381364822388,0.3676973879337311,1.0,1.0,preview
3.3433659076690674,0.9404380321502686,0.3676973879337311,1.0,1.0,preview
3.3845009803771973,0.941107988357544,0.3676973879337311,1.0,1.0,preview
3.424272298812866,0.9859470725059509,0.3676973879337311,1.0,1.0,preview
3.4647796154022217,0.989898145198822,0.3676973879337311,1.0,1.0,preview
3.5058705806732178,0.9907374978065491,0.3676973879337311,1.0,1.0,preview
3.546006917953491,0.9643172025680542,0.3676973879337311,1.0,1.0,preview
3.5873606204986572,0.9647944569587708,0.3676973879337311,1.0,1.0,preview
3.6281676292419434,0.9273955225944519,0.3676973879337311,1.0,1.0,preview
3.6683266162872314,0.9309678673744202,0.3676973879337311,1.0,1.0,preview
3.7086243629455566,0.9361259937286377,0.3676973879337311,1.0,1.0,preview
3.749293565750122,0.9102767705917358,0.3676973879337311,1.0,1.0,preview
3.7899391651153564,0.9149131774902344,0.3676973879337311,1.0,1.0,preview
3.8304953575134277,0.9213895797729492,0.3676973879337311,1.0,1.0,preview
3.871480941772461,0.8952689170837402,0.3676973879337311,1.0,1.0,preview
3.9117860794067383,0.9010441303253174,0.3676973879337311,1.0,1.0,preview
3.951850414276123,0.9393783211708069,0.3676973879337311,1.0,1.0,preview
3.992231607437134,0.9400432109832764,0.3676973879337311,1.0,1.0,preview
4.033501863479614,0.9696140885353088,0.3676973879337311,1.0,1.0,preview
4.07330060005188,0.9750075340270996,0.3676973879337311,1.0,1.0,preview
4.112993240356445,0.9779646396636963,0.3676973879337311,1.0,1.0,preview
4.153974771499634,0.9531050324440002,0.3676973879337311,1.0,1.0,preview
4.194936275482178,0.9551681876182556,0.3676973879337311,1.0,1.0,preview
4.234998941421509,0.9582986831665039,0.3676973879337311,1.0,1.0,preview
4.276453971862793,0.9351229667663574,0.3676973879337311,1.0,1.0,preview
4.316879510879517,0.9384523034095764,0.3676973879337311,1.0,1.0,preview
4.357109069824219,0.9231258630752563,0.3676973879337311,1.0,1.0,preview
4.398090362548828,0.927846372127533,0.3676973879337311,1.0,1.0,preview
4.439044952392578,0.9332237839698792,0.3676973879337311,1.0,1.0,preview
4.478976488113403,0.9167633056640625,0.3676973879337311,1.0,1.0,preview
4.519669771194458,0.9220974445343018,0.3676973879337311,1.0,1.0,preview
4.560463190078735,0.914627194404602,0.3676973879337311,1.0,1.0,preview
4.601058006286621,0.921166181564331,0.3676973879337311,1.0,1.0,preview
4.641314268112183,0.9278408288955688,0.3676973879337311,1.0,1.0,preview
4.681818723678589,0.8915975689888,0.3676973879337311,1.0,1.0,preview
4.722901344299316,0.8581943511962891,0.3676973879337311,1.0,1.0,preview
4.763017177581787,0.8208097219467163,0.3676973879337311,1.0,1.0,preview
4.8037495613098145,0.8318426012992859,0.3676973879337311,1.0,1.0,preview
4.844858646392822,0.8436141014099121,0.3676973879337311,1.0,1.0,preview
4.884780406951904,0.8443646430969238,0.3676973879337311,1.0,1.0,preview
4.925750255584717,0.8562994003295898,0.3676973879337311,1.0,1.0,preview
4.966477394104004,0.9580867290496826,0.3676973879337311,1.0,1.0,preview
5.005957126617432,0.9686301350593567,0.3676973879337311,1.0,1.0,preview
5.046885013580322,0.9724763035774231,0.3676973879337311,1.0,1.0,preview
5.087312459945679,0.933125376701355,0.3676973879337311,1.0,1.0,preview
5.128143072128296,0.9301013946533203,0.3676973879337311,1.0,1.0,preview
5.169583559036255,0.8571937680244446,0.3676973879337311,1.0,1.0,preview
5.209122657775879,0.8630064725875854,0.3676973879337311,1.0,1.0,preview
5.249422073364258,0.8725938200950623,0.3676973879337311,1.0,1.0,preview
5.289971828460693,0.8821570873260498,0.3676973879337311,1.0,1.0,preview
5.330277681350708,0.8235855102539062,0.3676973879337311,1.0,1.0,preview
5.370938777923584,0.7831497192382812,0.3676973879337311,1.0,1.0,preview
5.412051439285278,0.6965691447257996,0.3676973879337311,1.0,1.0,preview
5.452199935913086,0.6667971611022949,0.3676973879337311,1.0,1.0,preview
5.493462085723877,0.6840915679931641,0.3676973879337311,1.0,1.0,preview
5.533979892730713,0.6341577768325806,0.3676973879337311,1.0,1.0,preview
5.574045181274414,0.6672845482826233,0.3676973879337311,1.0,1.0,preview
5.614332914352417,0.6879094243049622,0.3676973879337311,1.0,1.0,preview
5.655318975448608,0.6484113335609436,0.3676973879337311,1.0,1.0,preview
5.6965172290802,0.6658343076705933,0.3676973879337311,1.0,1.0,preview
5.737018823623657,0.6866337656974792,0.3676973879337311,1.0,1.0,preview
5.776873588562012,0.6760998368263245,0.3676973879337311,1.0,1.0,preview
5.817230463027954,0.6952117085456848,0.3676973879337311,1.0,1.0,preview
5.8583831787109375,0.8203187584877014,0.8019206523895264,1.0,1.0,preview
5.899165868759155,0.8250895142555237,0.8019206523895264,1.0,1.0,preview
5.939265012741089,0.8380627036094666,0.8019206523895264,1.0,1.0,preview
5.979226589202881,0.8448198437690735,0.8019206523895264,1.0,1.0,preview
6.020172595977783,0.846179723739624,0.8019206523895264,1.0,1.0,preview
6.060075521469116,0.8575589656829834,0.8019206523895264,1.0,1.0,preview
6.100794553756714,0.8600439429283142,0.8019206523895264,1.0,1.0,preview
6.141278982162476,0.870864748954773,0.8019206523895264,1.0,1.0,preview
6.182952642440796,0.8739938735961914,0.8019206523895264,1.0,1.0,preview
6.22299861907959,0.891031801700592,0.900946319103241,1.0,1.0,curvature
6.26330828666687,0.8903257846832275,0.900946319103241,1.0,1.0,curvature
6.304514408111572,0.9111716747283936,1.0,1.0,1.0,curvature
6.344787836074829,0.915189266204834,1.0,1.0,1.0,curvature
6.385457992553711,0.9229890704154968,1.0,1.0,1.0,curvature
6.424950361251831,0.926433265209198,1.0,1.0,1.0,curvature
6.465770959854126,0.9319567084312439,1.0,1.0,1.0,curvature
6.5061187744140625,0.9353095889091492,1.0,1.0,1.0,curvature
6.54739785194397,0.9385820627212524,1.0,1.0,1.0,curvature
6.587683200836182,0.9449567198753357,1.0,1.0,1.0,curvature
6.628919363021851,0.9480729699134827,1.0,1.0,1.0,curvature
6.668790102005005,0.9496608972549438,1.0,1.0,1.0,curvature
6.709549188613892,0.9523375034332275,1.0,1.0,1.0,curvature
6.751007080078125,0.9540034532546997,1.0,1.0,1.0,curvature
6.791821479797363,0.9582234621047974,1.0,1.0,1.0,curvature
6.832049608230591,0.9604945778846741,1.0,1.0,1.0,curvature
6.872749328613281,0.9620476961135864,1.0,1.0,1.0,curvature
6.913198232650757,0.9648292660713196,1.0,1.0,1.0,curvature
6.953718423843384,0.9679489135742188,1.0,1.0,1.0,curvature
6.993569850921631,0.9726594686508179,1.0,1.0,1.0,curvature
7.033972978591919,0.9741906523704529,1.0,1.0,1.0,curvature
7.07444953918457,0.9756468534469604,1.0,1.0,1.0,curvature
7.115168571472168,0.9770175218582153,1.0,1.0,1.0,curvature
7.1562604904174805,0.9784278869628906,1.0,1.0,1.0,curvature
7.1962432861328125,0.9810810685157776,1.0,1.0,1.0,curvature
7.237241506576538,0.9825120568275452,1.0,1.0,1.0,curvature
7.2774529457092285,0.9835340976715088,1.0,1.0,1.0,curvature
7.318031311035156,0.984840452671051,1.0,1.0,1.0,curvature
7.35898494720459,0.9857223629951477,1.0,1.0,1.0,curvature
7.399518251419067,0.9882782697677612,1.0,1.0,1.0,curvature
7.4399094581604,0.9890356659889221,1.0,1.0,1.0,curvature
7.480512857437134,0.9902173280715942,1.0,1.0,1.0,curvature
7.520404100418091,0.9938322305679321,1.0,1.0,1.0,curvature
7.561376571655273,0.9980764389038086,1.0,1.0,1.0,curvature
7.602290153503418,0.9974924325942993,1.0,1.0,1.0,curvature
7.642227649688721,0.9964867830276489,1.0,1.0,1.0,curvature
7.683000564575195,0.9964914321899414,1.0,1.0,1.0,curvature
7.724201917648315,0.995792031288147,1.0,1.0,1.0,curvature
7.764672517776489,0.9959359765052795,1.0,1.0,1.0,curvature
7.804985523223877,0.9946290254592896,1.0,1.0,1.0,curvature
7.84631085395813,0.9948616027832031,1.0,1.0,1.0,curvature
7.886691331863403,0.9943122267723083,1.0,1.0,1.0,curvature
7.927691221237183,0.9967697262763977,1.0,1.0,1.0,curvature
7.9682087898254395,0.9888370633125305,1.0,1.0,1.0,curvature
8.008243083953857,0.9815371632575989,1.0,1.0,1.0,curvature
8.048569202423096,0.9822682738304138,1.0,1.0,1.0,curvature
8.089220523834229,0.983793318271637,1.0,1.0,1.0,curvature
8.130480289459229,0.9854251146316528,1.0,1.0,1.0,curvature
8.170747756958008,0.986247718334198,1.0,1.0,1.0,curvature
8.210701704025269,0.9679567217826843,1.0,1.0,1.0,curvature
8.251782894134521,0.9502936005592346,1.0,1.0,1.0,curvature
8.2912118434906,0.9334829449653625,1.0,1.0,1.0,curvature
8.332062721252441,0.9359251856803894,1.0,1.0,1.0,curvature
8.372894048690796,0.9387238025665283,1.0,1.0,1.0,curvature
8.413936853408813,0.9454139471054077,1.0,1.0,1.0,curvature
8.454144716262817,0.9489590525627136,1.0,1.0,1.0,curvature
8.494277715682983,0.9515739679336548,1.0,1.0,1.0,curvature
8.534977436065674,0.9570367932319641,1.0,1.0,1.0,curvature
8.575939655303955,0.9625387191772461,1.0,1.0,1.0,curvature
8.616743087768555,0.9188646674156189,0.7354109287261963,1.0,1.0,preview
8.65669870376587,0.8458844423294067,0.5815414190292358,1.0,1.0,preview
8.696182250976562,0.8439034223556519,0.5815414190292358,1.0,1.0,preview
8.737255334854126,0.8550150990486145,0.5815414190292358,1.0,1.0,preview
8.778685808181763,0.8594353199005127,0.5815414190292358,1.0,1.0,preview
8.818443536758423,0.8634443283081055,0.5815414190292358,1.0,1.0,preview
8.859415054321289,0.8449867963790894,0.5815414190292358,1.0,1.0,preview
8.900897979736328,0.8440005779266357,0.5815414190292358,1.0,1.0,preview
8.941699504852295,0.8552857041358948,0.5815414190292358,1.0,1.0,preview
8.981355667114258,0.8822001814842224,0.5815414190292358,1.0,1.0,preview
9.021464824676514,0.9248484969139099,0.5815414190292358,1.0,1.0,preview
9.062424898147583,0.9350346326828003,0.5815414190292358,1.0,1.0,preview
9.103500604629517,0.9414113163948059,0.5815414190292358,1.0,1.0,preview
9.144511938095093,0.9109597206115723,0.5815414190292358,1.0,1.0,preview
9.184579849243164,0.8635005950927734,0.5815414190292358,1.0,1.0,preview
9.224330186843872,0.845941960811615,0.5815414190292358,1.0,1.0,preview
9.26569128036499,0.8746826648712158,0.5815414190292358,1.0,1.0,preview
9.305912256240845,0.8861097097396851,0.5815414190292358,1.0,1.0,preview
9.347194194793701,0.8959197402000427,0.5815414190292358,1.0,1.0,preview
9.387867450714111,0.9296064376831055,0.5815414190292358,1.0,1.0,preview
9.42751431465149,0.9327402710914612,0.5815414190292358,1.0,1.0,preview
9.468479871749878,0.9014227986335754,0.5815414190292358,1.0,1.0,preview
9.509372234344482,0.871752142906189,0.5815414190292358,1.0,0.9985920190811157,preview
9.549894332885742,0.9049134254455566,0.5815414190292358,1.0,1.0,preview
9.590588092803955,0.913752555847168,0.5815414190292358,1.0,1.0,preview
9.631028413772583,0.9606894254684448,0.5815414190292358,1.0,1.0,preview
9.671207427978516,0.965417742729187,0.5815414190292358,1.0,1.0,preview
9.71178674697876,0.9947265386581421,0.5815414190292358,1.0,1.0,preview
9.75255799293518,0.9809392094612122,0.5815414190292358,1.0,1.0,preview
9.79402756690979,0.9698131084442139,0.5815414190292358,1.0,1.0,preview
9.833334684371948,0.9284160733222961,0.5815414190292358,1.0,1.0,preview
9.87420105934143,0.9319731593132019,0.5815414190292358,1.0,1.0,preview
9.914677143096924,0.9051920771598816,0.5815414190292358,1.0,1.0,preview
9.955854654312134,0.9099826812744141,0.5815414190292358,1.0,1.0,preview
9.995622873306274,0.8867010474205017,0.5815414190292358,1.0,1.0,preview
10.035197496414185,0.9004695415496826,0.5815414190292358,1.0,1.0,preview
10.075317859649658,0.9266967177391052,0.5815414190292358,1.0,1.0,preview
10.116667985916138,0.9334907531738281,0.5815414190292358,1.0,1.0,preview
10.157983541488647,0.9245604276657104,0.5815414190292358,1.0,1.0,preview
10.197956800460815,0.8973895907402039,0.5815414190292358,1.0,1.0,preview
10.238247871398926,0.8951871991157532,0.5815414190292358,1.0,1.0,preview
10.279678583145142,0.9023966789245605,0.5815414190292358,1.0,1.0,preview
10.320093631744385,0.9304649233818054,0.5815414190292358,1.0,1.0,preview
10.360773801803589,0.9375250339508057,0.5815414190292358,1.0,1.0,preview
10.401432752609253,0.9664106369018555,0.5815414190292358,1.0,1.0,preview
10.441337823867798,0.9972480535507202,0.5815414190292358,1.0,1.0,preview
10.482779741287231,0.995003879070282,0.5815414190292358,1.0,1.0,preview
10.522783994674683,0.968666136264801,0.5815414190292358,1.0,1.0,preview
10.563197135925293,0.9694151878356934,0.5815414190292358,1.0,1.0,preview
10.603625535964966,0.9464971423149109,0.5815414190292358,1.0,1.0,preview
10.644157886505127,0.9285432696342468,0.5815414190292358,1.0,1.0,preview
10.684959650039673,0.9111039638519287,0.5815414190292358,1.0,1.0,preview
10.726041793823242,0.9170048236846924,0.5815414190292358,1.0,1.0,preview
10.76640009880066,0.9033214449882507,0.5815414190292358,1.0,1.0,preview
10.806947469711304,0.9091297388076782,0.5815414190292358,1.0,1.0,preview
10.846874713897705,0.904117226600647,0.5815414190292358,1.0,1.0,preview
10.886754274368286,0.8973934650421143,0.711814284324646,1.0,1.0,preview
10.928340435028076,0.8955093026161194,0.711814284324646,1.0,1.0,preview
10.968415975570679,0.9183506369590759,1.0,1.0,1.0,curvature
11.008858680725098,0.9209347367286682,1.0,1.0,1.0,curvature
11.04917049407959,0.9269208312034607,1.0,1.0,1.0,curvature
11.090591430664062,0.9290017485618591,1.0,1.0,1.0,curvature
11.131068229675293,0.9310809969902039,1.0,1.0,1.0,curvature
11.172207355499268,0.9336745142936707,1.0,1.0,1.0,curvature
11.212334871292114,0.9364082217216492,1.0,1.0,1.0,curvature
11.252198457717896,0.9402151107788086,1.0,1.0,1.0,curvature
11.292253494262695,0.9427849054336548,1.0,1.0,1.0,curvature
11.332617998123169,0.9453469514846802,1.0,1.0,1.0,curvature
11.373920440673828,0.9470749497413635,1.0,1.0,1.0,curvature
11.414674520492554,0.9482054710388184,1.0,1.0,1.0,curvature
11.454562902450562,0.9520720839500427,1.0,1.0,1.0,curvature
11.496065855026245,0.9531847834587097,1.0,1.0,1.0,curvature
11.536853075027466,0.9555823802947998,1.0,1.0,1.0,curvature
11.577797651290894,0.9567911028862,1.0,1.0,1.0,curvature
11.617792129516602,0.957952082157135,1.0,1.0,1.0,curvature
11.657652854919434,0.9564210176467896,1.0,1.0,1.0,curvature
11.698500633239746,0.9527880549430847,1.0,1.0,1.0,curvature
11.739801406860352,0.9492222666740417,1.0,1.0,1.0,curvature
11.780115842819214,0.9507089257240295,1.0,1.0,1.0,curvature
11.820711135864258,0.952275812625885,1.0,1.0,1.0,curvature
11.86029601097107,0.9565690755844116,1.0,1.0,1.0,curvature
11.901358604431152,0.9583021402359009,1.0,1.0,1.0,curvature
11.942437887191772,0.9599664807319641,1.0,1.0,1.0,curvature
11.981801271438599,0.9621320366859436,1.0,1.0,1.0,curvature
12.023144245147705,0.9638431668281555,1.0,1.0,1.0,curvature
12.063650608062744,0.9673078060150146,1.0,1.0,1.0,curvature
12.1039400100708,0.9691269397735596,1.0,1.0,1.0,curvature
12.144624471664429,0.9707064628601074,1.0,1.0,1.0,curvature
12.18515157699585,0.9727458357810974,1.0,1.0,1.0,curvature
12.224647283554077,0.9748344421386719,1.0,1.0,1.0,curvature
12.265517950057983,0.9787560701370239,1.0,1.0,1.0,curvature
12.305957317352295,0.9800926446914673,1.0,1.0,1.0,curvature
12.3468017578125,0.9815762042999268,1.0,1.0,1.0,curvature
12.38737964630127,0.983018159866333,1.0,1.0,1.0,curvature
12.428113460540771,0.9844496846199036,1.0,1.0,1.0,curvature
12.468750953674316,0.9867709279060364,1.0,1.0,1.0,curvature
12.508413791656494,0.9881405234336853,1.0,1.0,1.0,curvature
12.548504114151001,0.9894213676452637,1.0,1.0,1.0,curvature
12.590129613876343,0.9520286917686462,0.7131547331809998,1.0,1.0,preview
12.630779266357422,0.8948352336883545,0.580355703830719,1.0,1.0,preview
12.670459508895874,0.8794780373573303,0.580355703830719,1.0,1.0,preview
12.712072134017944,0.883504331111908,0.580355703830719,1.0,1.0,preview
12.752634048461914,0.6925240755081177,0.33360350131988525,1.0,1.0,preview
12.79279637336731,0.7025905847549438,0.33360350131988525,1.0,1.0,preview
12.833917140960693,0.7292371988296509,0.33360350131988525,1.0,1.0,preview
12.873992681503296,0.7981148362159729,0.33360350131988525,1.0,1.0,preview
12.914982080459595,0.8502335548400879,0.33360350131988525,1.0,1.0,preview
12.956271171569824,0.9068133234977722,0.33360350131988525,1.0,1.0,preview
12.996262073516846,0.8966991901397705,0.33360350131988525,1.0,1.0,preview
13.036925077438354,0.9183922410011292,0.33360350131988525,1.0,1.0,preview
13.077915668487549,0.9490740895271301,0.33360350131988525,1.0,1.0,preview
13.118033409118652,0.9559714794158936,0.33360350131988525,1.0,1.0,preview
13.158277750015259,0.9898780584335327,0.33360350131988525,1.0,1.0,preview
13.198484659194946,0.984499454498291,0.33360350131988525,1.0,1.0,preview
13.239481925964355,0.9821755290031433,0.33360350131988525,1.0,1.0,preview
13.280503034591675,0.9357413053512573,0.33360350131988525,1.0,1.0,preview
13.32112717628479,0.9383688569068909,0.33360350131988525,1.0,1.0,preview
13.361462354660034,0.8998525142669678,0.33360350131988525,1.0,1.0,preview
13.402085065841675,0.9120640158653259,0.33360350131988525,1.0,1.0,preview
13.442911863327026,0.92559814453125,0.33360350131988525,1.0,1.0,preview
13.482761144638062,0.9027174711227417,0.33360350131988525,1.0,1.0,preview
13.523263216018677,0.8693552613258362,0.33360350131988525,1.0,1.0,preview
13.564175605773926,0.8765455484390259,0.33360350131988525,1.0,1.0,preview
13.604518413543701,0.8858444690704346,0.33360350131988525,1.0,1.0,preview
13.644888877868652,0.8942805528640747,0.33360350131988525,1.0,1.0,preview
13.685335397720337,0.8757473826408386,0.33360350131988525,1.0,1.0,preview
13.726285934448242,0.8831642866134644,0.33360350131988525,1.0,1.0,preview
13.76744532585144,0.891139030456543,0.33360350131988525,1.0,1.0,preview
13.806972026824951,0.8975889682769775,0.33360350131988525,1.0,1.0,preview
13.84719729423523,0.9357395172119141,0.33360350131988525,1.0,1.0,preview
13.888425350189209,0.9518089890480042,0.33360350131988525,1.0,1.0,preview
13.929198980331421,0.9567567110061646,0.33360350131988525,1.0,1.0,preview
13.969294309616089,0.9606384634971619,0.33360350131988525,1.0,1.0,preview
14.008802652359009,0.9343229532241821,0.33360350131988525,1.0,1.0,preview
14.049814462661743,0.9375216364860535,0.33360350131988525,1.0,1.0,preview
14.090714693069458,0.9473631381988525,0.33360350131988525,1.0,1.0,preview
14.131044149398804,0.925082266330719,0.33360350131988525,1.0,1.0,preview
14.172740459442139,0.9289253950119019,0.33360350131988525,1.0,1.0,preview
14.212733030319214,0.9345366358757019,0.33360350131988525,1.0,1.0,preview
14.253005266189575,0.9394003748893738,0.33360350131988525,1.0,1.0,preview
14.293284177780151,0.9246907830238342,0.33360350131988525,1.0,1.0,preview
14.334843873977661,0.9288811087608337,0.33360350131988525,1.0,1.0,preview
14.375160217285156,0.9778175950050354,0.33360350131988525,1.0,1.0,preview
14.415360450744629,0.9840944409370422,0.33360350131988525,1.0,1.0,preview
14.456889152526855,0.9862721562385559,0.33360350131988525,1.0,1.0,preview
14.497018814086914,0.9207812547683716,0.33360350131988525,1.0,1.0,preview
14.536726236343384,0.8092037439346313,0.33360350131988525,1.0,1.0,preview
14.577338218688965,0.7527966499328613,0.33360350131988525,1.0,1.0,preview
14.618176460266113,0.7623964548110962,0.33360350131988525,1.0,1.0,preview
14.65883493423462,0.7761262655258179,0.33360350131988525,1.0,1.0,preview
14.699963092803955,0.7767528891563416,0.33360350131988525,1.0,1.0,preview
14.739965915679932,0.7906616926193237,0.33360350131988525,1.0,1.0,preview
14.780733108520508,0.804719090461731,0.33360350131988525,1.0,1.0,preview
14.822097301483154,0.8185291886329651,0.33360350131988525,1.0,1.0,preview
14.86401629447937,0.831077516078949,0.33360350131988525,1.0,1.0,preview
14.904723644256592,0.836279034614563,0.33360350131988525,1.0,1.0,preview
14.944854497909546,0.8476420044898987,0.33360350131988525,1.0,1.0,preview
14.985857248306274,0.8587327599525452,0.33360350131988525,1.0,1.0,preview
15.02615761756897,0.7017126679420471,0.33360350131988525,1.0,0.9306354522705078,preview
15.065951585769653,0.7084817886352539,0.33360350131988525,1.0,0.937236487865448,preview
15.10531497001648,0.6135461330413818,0.33360350131988525,1.0,0.950791597366333,preview
15.146689176559448,0.6284225583076477,0.33360350131988525,1.0,0.9575110673904419,preview
15.187682390213013,0.6463029384613037,0.33360350131988525,1.0,0.9642333388328552,preview
15.227868556976318,0.56795334815979,0.33360350131988525,1.0,0.9711532592773438,preview
15.269490242004395,0.5821840167045593,0.33360350131988525,1.0,0.977853000164032,preview
15.309821128845215,0.6178765892982483,0.33360350131988525,1.0,0.9913607835769653,preview
15.35029935836792,0.5530314445495605,0.33360350131988525,1.0,0.9979418516159058,preview
15.390354633331299,0.5688667893409729,0.33360350131988525,1.0,1.0,preview
15.431159257888794,0.5789414644241333,0.33360350131988525,1.0,1.0,preview
15.471351146697998,0.5888357162475586,0.33360350131988525,1.0,1.0,preview
15.51159143447876,0.6182162165641785,0.33360350131988525,1.0,1.0,preview
15.55177617073059,0.563740074634552,0.33360350131988525,1.0,1.0,preview
15.593085527420044,0.5791342258453369,0.33360350131988525,1.0,1.0,preview
15.633583784103394,0.5992637276649475,0.33360350131988525,1.0,1.0,preview
15.674840688705444,0.55483078956604,0.33360350131988525,1.0,1.0,preview
15.714619398117065,0.5908162593841553,0.33360350131988525,1.0,1.0,preview
15.755887985229492,0.6114813685417175,0.33360350131988525,1.0,1.0,preview
15.795697212219238,0.5727452039718628,0.33360350131988525,1.0,1.0,preview
15.835477352142334,0.5902653336524963,0.33360350131988525,1.0,1.0,preview
15.876863956451416,0.6099403500556946,0.33360350131988525,1.0,1.0,preview
15.91786241531372,0.5974177718162537,0.33360350131988525,1.0,1.0,preview
15.958559513092041,0.6153981685638428,0.33360350131988525,1.0,1.0,preview
15.997811794281006,0.6347052454948425,0.33360350131988525,1.0,1.0,preview
16.038994550704956,0.7784813642501831,1.0,1.0,1.0,curvature
16.079720497131348,0.7856484651565552,1.0,1.0,1.0,curvature
16.12052273750305,0.7949509024620056,1.0,1.0,1.0,curvature
16.16064953804016,0.7989096641540527,1.0,1.0,1.0,curvature
16.20141363143921,0.8106536865234375,1.0,1.0,1.0,curvature
16.24196767807007,0.8149269223213196,1.0,1.0,1.0,curvature
16.28333592414856,0.8192756175994873,1.0,1.0,1.0,curvature
16.323651552200317,0.8369489312171936,1.0,1.0,1.0,curvature
16.363779544830322,0.8546240329742432,1.0,1.0,1.0,curvature
16.404772996902466,0.8659234642982483,1.0,1.0,1.0,curvature
16.445870637893677,0.8752633929252625,1.0,1.0,1.0,curvature
16.4872305393219,0.8787765502929688,1.0,1.0,1.0,curvature
16.527308225631714,0.882534384727478,1.0,1.0,1.0,curvature
16.566858768463135,0.8906496167182922,1.0,1.0,1.0,curvature
16.607356786727905,0.8943763375282288,1.0,1.0,1.0,curvature
16.647220849990845,0.8982396721839905,1.0,1.0,1.0,curvature
16.68791103363037,0.901992917060852,1.0,1.0,1.0,curvature
16.728463888168335,0.8986415266990662,1.0,1.0,1.0,curvature
16.769946575164795,0.8949421644210815,1.0,1.0,1.0,curvature
16.809696912765503,0.8917450308799744,1.0,1.0,1.0,curvature
16.84999656677246,0.8962013721466064,1.0,1.0,1.0,curvature
16.89132857322693,0.9014075398445129,1.0,1.0,1.0,curvature
16.931687116622925,0.9065636992454529,1.0,1.0,1.0,curvature
16.972503900527954,0.9111334681510925,1.0,1.0,1.0,curvature
17.012176752090454,0.9133407473564148,1.0,1.0,1.0,curvature
17.052862405776978,0.9157027006149292,1.0,1.0,1.0,curvature
17.095096111297607,0.9181498289108276,1.0,1.0,1.0,curvature
17.134580850601196,0.9249248504638672,1.0,1.0,1.0,curvature
17.175180673599243,0.9274263381958008,1.0,1.0,1.0,curvature
17.216404676437378,0.9310823678970337,1.0,1.0,1.0,curvature
17.256762266159058,0.933463454246521,1.0,1.0,1.0,curvature
17.297947645187378,0.9358158707618713,1.0,1.0,1.0,curvature
17.336690664291382,0.9458593726158142,1.0,1.0,1.0,curvature
17.377177715301514,0.9539271593093872,1.0,1.0,1.0,curvature
17.418017148971558,0.9613533020019531,1.0,1.0,1.0,curvature
17.458900690078735,0.963338315486908,1.0,1.0,1.0,curvature
17.498993635177612,0.9651790261268616,1.0,1.0,1.0,curvature
17.539746284484863,0.9690346121788025,1.0,1.0,1.0,curvature
17.580000638961792,0.7930118441581726,0.40442904829978943,1.0,1.0,preview
17.621954679489136,0.786286473274231,0.40442904829978943,1.0,1.0,preview
17.661243438720703,0.7895655035972595,0.40442904829978943,1.0,1.0,preview
17.701377868652344,0.8021865487098694,0.40442904829978943,1.0,1.0,preview
17.742167949676514,0.8489720821380615,0.40442904829978943,1.0,1.0,preview
17.78386688232422,0.879424512386322,0.40442904829978943,1.0,1.0,preview
17.824033737182617,0.8924481868743896,0.40442904829978943,1.0,1.0,preview
17.864793300628662,0.8797265291213989,0.40442904829978943,1.0,1.0,preview
17.906904220581055,0.849529504776001,0.40442904829978943,1.0,1.0,preview
17.946019887924194,0.8588958382606506,0.40442904829978943,1.0,1.0,preview
17.986632585525513,0.8723292946815491,0.40442904829978943,1.0,1.0,preview
18.027257204055786,0.9111858606338501,0.40442904829978943,1.0,1.0,preview
18.068180322647095,0.9242081046104431,0.40442904829978943,1.0,1.0,preview
18.108893632888794,0.9654473662376404,0.3440895676612854,1.0,1.0,preview
18.148458003997803,0.983188807964325,0.3440895676612854,1.0,1.0,preview
18.188995122909546,0.9814842939376831,0.3440895676612854,1.0,1.0,preview
18.229185104370117,0.9815391898155212,0.3440895676612854,1.0,1.0,preview
18.269930839538574,0.9495745897293091,0.3440895676612854,1.0,1.0,preview
18.310837745666504,0.8913732767105103,0.3440895676612854,1.0,1.0,preview
18.349703788757324,0.8719595670700073,0.3440895676612854,1.0,1.0,preview
18.39051389694214,0.8802217245101929,0.3440895676612854,1.0,1.0,preview
18.432771921157837,0.888974666595459,0.3440895676612854,1.0,1.0,preview
18.472564935684204,0.8976749181747437,0.3440895676612854,1.0,1.0,preview
18.513444662094116,0.937136709690094,0.3440895676612854,1.0,1.0,preview
18.553321838378906,0.888881504535675,0.3440895676612854,1.0,1.0,preview
18.594157695770264,0.8430637717247009,0.3440895676612854,1.0,1.0,preview
18.635059118270874,0.805576741695404,0.3440895676612854,1.0,1.0,preview
18.675922870635986,0.81521075963974,0.3440895676612854,1.0,1.0,preview
18.716228485107422,0.8513893485069275,0.3440895676612854,1.0,1.0,preview
18.756946325302124,0.8767576217651367,0.3440895676612854,1.0,1.0,preview
18.798079252243042,0.9219266772270203,0.3440895676612854,1.0,1.0,preview
18.838491201400757,0.9306632876396179,0.3440895676612854,1.0,1.0,preview
18.878438234329224,0.9365450143814087,0.3440895676612854,1.0,1.0,preview
18.920084714889526,0.9857611060142517,0.3440895676612854,1.0,1.0,preview
18.960524082183838,0.976094663143158,0.3440895676612854,1.0,1.0,preview
19.000383377075195,0.950106143951416,0.3440895676612854,1.0,1.0,preview
19.041073083877563,0.9272750020027161,0.3440895676612854,1.0,1.0,preview
19.081642150878906,0.8911603689193726,0.3440895676612854,1.0,1.0,preview
19.1224422454834,0.8955547213554382,0.3440895676612854,1.0,1.0,preview
19.16258478164673,0.9076552987098694,0.3440895676612854,1.0,1.0,preview
19.203598022460938,0.8786500692367554,0.3440895676612854,1.0,1.0,preview
19.243768215179443,0.8847188949584961,0.3440895676612854,1.0,1.0,preview
19.284345149993896,0.8932390213012695,0.3440895676612854,1.0,1.0,preview
19.32530689239502,0.8689610958099365,0.3440895676612854,1.0,1.0,preview
19.36498785018921,0.8837583661079407,0.3440895676612854,1.0,1.0,preview
19.40632390975952,0.8925746083259583,0.3440895676612854,1.0,1.0,preview
19.446436882019043,0.8723618388175964,0.3440895676612854,1.0,1.0,preview
19.485942602157593,0.8799477815628052,0.3440895676612854,1.0,1.0,preview
19.528125286102295,0.8887087106704712,0.3440895676612854,1.0,1.0,preview
19.56839156150818,0.8803843259811401,0.3440895676612854,1.0,1.0,preview
19.608309268951416,0.8881473541259766,0.3440895676612854,1.0,1.0,preview
19.649022102355957,0.8963441848754883,0.3440895676612854,1.0,1.0,preview
19.689836263656616,0.8025110363960266,0.3440895676612854,1.0,1.0,preview
19.73104763031006,0.7390548586845398,0.3440895676612854,1.0,1.0,preview
19.77059841156006,0.6979353427886963,0.3440895676612854,1.0,1.0,preview
19.81094741821289,0.7106542587280273,0.3440895676612854,1.0,1.0,preview
19.852007627487183,0.6517406702041626,0.3440895676612854,1.0,1.0,preview
19.892187356948853,0.6667727828025818,0.3440895676612854,1.0,1.0,preview
19.93422532081604,0.683896005153656,0.3440895676612854,1.0,1.0,preview
19.974491596221924,0.6569960117340088,0.3440895676612854,1.0,1.0,preview
20.014012813568115,0.6752153038978577,0.3440895676612854,1.0,1.0,preview
20.054863929748535,0.6947124600410461,0.3440895676612854,1.0,1.0,preview
20.094961404800415,0.7146485447883606,0.3440895676612854,1.0,1.0,preview
20.13539958000183,0.7326829433441162,0.3440895676612854,1.0,1.0,preview
20.174916744232178,0.7111126780509949,0.3440895676612854,1.0,1.0,preview
20.216151475906372,0.7275062799453735,0.3440895676612854,1.0,1.0,preview
20.256500244140625,0.7441772222518921,0.3440895676612854,1.0,1.0,preview
20.297698736190796,0.7144577503204346,0.3440895676612854,1.0,1.0,preview
20.338055849075317,0.7302135825157166,0.3440895676612854,1.0,1.0,preview
20.37837862968445,0.7641450762748718,0.3440895676612854,1.0,1.0,preview
20.4194393157959,0.7883844971656799,0.3440895676612854,1.0,1.0,preview
20.460652589797974,0.8046385645866394,0.3440895676612854,1.0,1.0,preview
20.501070499420166,0.831366777420044,0.3440895676612854,1.0,1.0,preview
20.540993690490723,0.8588414788246155,0.3440895676612854,1.0,1.0,preview
20.581549167633057,0.8987355828285217,0.3440895676612854,1.0,1.0,preview
20.622349739074707,0.940197229385376,0.3440895676612854,1.0,1.0,preview
20.66318917274475,0.9485335350036621,0.3440895676612854,1.0,1.0,preview
20.7037193775177,0.9535897970199585,0.3440895676612854,1.0,1.0,preview
20.74394178390503,0.9584311842918396,0.3440895676612854,1.0,1.0,preview
20.784099340438843,0.9931549429893494,0.3440895676612854,1.0,1.0,preview
20.825126886367798,0.990286111831665,0.3440895676612854,1.0,1.0,preview
20.86551570892334,0.9901865720748901,0.3440895676612854,1.0,1.0,preview
20.906424283981323,0.9907471537590027,0.3440895676612854,1.0,1.0,preview
20.94746208190918,0.951675534248352,0.3440895676612854,1.0,1.0,preview
20.98804020881653,0.9535284638404846,0.3440895676612854,1.0,1.0,preview
21.027926206588745,0.9567146897315979,0.3440895676612854,1.0,1.0,preview
21.06894326210022,0.6583815813064575,0.3440895676612854,1.0,0.8586928248405457,preview
21.10886836051941,0.6598662734031677,0.3440895676612854,1.0,0.8670023083686829,preview
21.149258375167847,0.5263158082962036,0.3440895676612854,1.0,0.8752117156982422,preview
21.189025402069092,0.5271155834197998,0.3440895676612854,1.0,0.8922944068908691,preview
21.22915530204773,0.5263158082962036,0.3440895676612854,1.0,0.9008957743644714,preview
21.270362377166748,0.5263158082962036,0.3440895676612854,1.0,0.9096074104309082,preview
21.31052541732788,0.5263158082962036,0.3440895676612854,1.0,0.9139347672462463,preview
21.352442979812622,0.5263158082962036,0.3440895676612854,1.0,0.9180976152420044,preview
21.39333724975586,0.5263158082962036,0.3440895676612854,1.0,0.9312988519668579,preview
21.433324337005615,0.5263158082962036,0.3440895676612854,1.0,0.940186083316803,preview
21.473867177963257,0.5263158082962036,0.3440895676612854,1.0,0.9491401314735413,preview
21.51353120803833,0.5263158082962036,0.3440895676612854,1.0,0.9584303498268127,preview
21.55446720123291,0.5263158082962036,0.3440895676612854,1.0,0.9675002098083496,preview
21.594646215438843,0.5263158082962036,0.3440895676612854,1.0,0.9860522747039795,preview
21.63578701019287,0.5263158082962036,0.3440895676612854,1.0,0.9952402114868164,preview
21.676419019699097,0.5263158082962036,0.3440895676612854,1.0,1.0,preview
21.717923402786255,0.5263158082962036,0.3440895676612854,1.0,1.0,preview
21.758172273635864,0.5263158082962036,0.3440895676612854,1.0,1.0,preview
21.798845052719116,0.5263158082962036,0.3440895676612854,1.0,1.0,preview
21.838623046875,0.5263158082962036,0.3440895676612854,1.0,1.0,preview
21.879718542099,0.5263158082962036,0.3440895676612854,1.0,1.0,preview
21.92126989364624,0.5826802253723145,1.0,1.0,1.0,curvature
21.961263418197632,0.5836004018783569,1.0,1.0,1.0,curvature
22.001060009002686,0.5914276242256165,1.0,1.0,1.0,curvature
22.04097819328308,0.607215166091919,1.0,1.0,1.0,curvature
22.081574201583862,0.6095312833786011,1.0,1.0,1.0,curvature
22.122004747390747,0.6184016466140747,1.0,1.0,1.0,curvature
22.16342854499817,0.6400103569030762,1.0,1.0,1.0,curvature
22.203248023986816,0.6577629446983337,1.0,1.0,1.0,curvature
22.244110345840454,0.6621832251548767,1.0,1.0,1.0,curvature
22.284090280532837,0.6671993136405945,1.0,1.0,1.0,curvature
22.32483458518982,0.6834508776664734,1.0,1.0,1.0,curvature
22.365477800369263,0.6914055943489075,1.0,1.0,1.0,curvature
22.405372619628906,0.708807110786438,1.0,1.0,1.0,curvature
22.44657278060913,0.7174604535102844,1.0,1.0,1.0,curvature
22.48746085166931,0.7219238877296448,1.0,1.0,1.0,curvature
22.527243852615356,0.7331159114837646,1.0,1.0,1.0,curvature
22.568276166915894,0.7462894916534424,1.0,1.0,1.0,curvature
22.60833716392517,0.7650884985923767,1.0,1.0,1.0,curvature
22.65012216567993,0.7778782844543457,1.0,1.0,1.0,curvature
22.69055151939392,0.7842723727226257,1.0,1.0,1.0,curvature
22.730421781539917,0.789542019367218,1.0,1.0,1.0,curvature
22.77139949798584,0.7985891699790955,1.0,1.0,0.9999209642410278,curvature
22.811884880065918,0.8078240156173706,1.0,1.0,0.9889678955078125,curvature
22.852084398269653,0.812665581703186,1.0,1.0,0.9833691120147705,curvature
22.89314317703247,0.8195120096206665,1.0,1.0,0.9780996441841125,curvature
22.934004306793213,0.8255902528762817,1.0,1.0,0.9745712280273438,curvature
22.97409224510193,0.8315007090568542,1.0,1.0,0.9716938734054565,curvature
23.014739274978638,0.8451194167137146,1.0,1.0,0.9663748741149902,curvature
23.054851293563843,0.8525672554969788,1.0,1.0,0.964253306388855,curvature
23.09604573249817,0.5263158082962036,0.40442904829978943,1.0,0.9624412655830383,preview
23.136080503463745,0.5263158082962036,0.40442904829978943,1.0,0.9608751535415649,preview
23.176705598831177,0.5263158082962036,0.40442904829978943,1.0,0.9597049355506897,preview
23.21590542793274,0.5263158082962036,0.40442904829978943,1.0,0.9635457992553711,preview
23.257009267807007,0.5263158082962036,0.40442904829978943,1.0,0.9692180156707764,preview
23.29797387123108,0.5263158082962036,0.40442904829978943,1.0,0.976231038570404,preview
23.337996244430542,0.5263158082962036,0.40442904829978943,1.0,0.9788327813148499,preview
23.379061460494995,0.533156156539917,0.40442904829978943,1.0,0.982158362865448,preview
23.419086933135986,0.6185517907142639,0.40442904829978943,1.0,0.9908834099769592,preview
23.460078716278076,0.689333438873291,0.40442904829978943,1.0,0.9958168268203735,preview
23.50090718269348,0.7212919592857361,0.40442904829978943,1.0,1.0,preview
23.541898488998413,0.8197596073150635,0.40442904829978943,1.0,1.0,preview
23.582849264144897,0.8507972359657288,0.40442904829978943,1.0,1.0,preview
23.623847007751465,0.9922680854797363,0.40442904829978943,1.0,1.0,preview
23.663682460784912,0.994656503200531,0.40442904829978943,1.0,1.0,preview
23.70393991470337,0.9905695915222168,0.40442904829978943,1.0,1.0,preview
23.744117736816406,0.8934763073921204,0.40442904829978943,1.0,1.0,preview
23.784756660461426,0.8904800415039062,0.40442904829978943,1.0,1.0,preview
23.82596445083618,0.8083345293998718,0.40442904829978943,1.0,1.0,preview
23.866270065307617,0.816696047782898,0.40442904829978943,1.0,1.0,preview
23.906880617141724,0.7538840770721436,0.40442904829978943,1.0,1.0,preview
23.946784257888794,0.7662114500999451,0.40442904829978943,1.0,1.0,preview
23.987953901290894,0.7795003056526184,0.40442904829978943,1.0,1.0,preview
24.028254985809326,0.7465675473213196,0.40442904829978943,1.0,1.0,preview
24.06833815574646,0.7617616653442383,0.40442904829978943,1.0,1.0,preview
24.110018014907837,0.7213891744613647,0.40442904829978943,1.0,1.0,preview
24.15100336074829,0.7532233595848083,0.40442904829978943,1.0,1.0,preview
24.19144582748413,0.7890840172767639,0.40442904829978943,1.0,1.0,preview
24.231831550598145,0.7915512323379517,0.35290560126304626,1.0,1.0,preview
24.273252725601196,0.8078355193138123,0.35290560126304626,1.0,1.0,preview
24.313032627105713,0.8219333291053772,0.35290560126304626,1.0,1.0,preview
24.352932453155518,0.7855952978134155,0.35290560126304626,1.0,1.0,preview
24.393789052963257,0.7972732186317444,0.35290560126304626,1.0,1.0,preview
24.434919357299805,0.8027694821357727,0.35290560126304626,1.0,1.0,preview
24.475245475769043,0.8372471332550049,0.35290560126304626,1.0,1.0,preview
24.51523494720459,0.8261116147041321,0.35290560126304626,1.0,1.0,preview
24.555501699447632,0.837554931640625,0.35290560126304626,1.0,1.0,preview
24.59564232826233,0.8497240543365479,0.35290560126304626,1.0,1.0,preview
24.635732650756836,0.8311160802841187,0.35290560126304626,1.0,1.0,preview
24.67718768119812,0.8411672115325928,0.35290560126304626,1.0,1.0,preview
24.717988967895508,0.8526344299316406,0.35290560126304626,1.0,1.0,preview
24.758535385131836,0.8275610208511353,0.35290560126304626,1.0,1.0,preview
24.79929232597351,0.8376128673553467,0.35290560126304626,1.0,1.0,preview
24.839205741882324,0.8288910388946533,0.35290560126304626,1.0,1.0,preview
24.8791720867157,0.8401393294334412,0.35290560126304626,1.0,1.0,preview
24.920953273773193,0.8517115116119385,0.35290560126304626,1.0,1.0,preview
24.9611234664917,0.8354173898696899,0.35290560126304626,1.0,1.0,preview
25.001583337783813,0.845935046672821,0.35290560126304626,1.0,1.0,preview
25.04197669029236,0.8682926893234253,0.35290560126304626,1.0,1.0,preview
25.08277702331543,0.7869586944580078,0.35290560126304626,1.0,1.0,preview
25.123634338378906,0.7953915596008301,0.35290560126304626,1.0,1.0,preview
25.16405439376831,0.7839187979698181,0.35290560126304626,1.0,1.0,preview
25.205700874328613,0.7014646530151367,0.35290560126304626,1.0,1.0,preview
25.246503829956055,0.7052105069160461,0.35290560126304626,1.0,1.0,preview
25.286707639694214,0.7209829092025757,0.35290560126304626,1.0,1.0,preview
25.326451301574707,0.678057849407196,0.35290560126304626,1.0,1.0,preview
25.366426944732666,0.6935802698135376,0.35290560126304626,1.0,1.0,preview
25.408639907836914,0.7102307677268982,0.35290560126304626,1.0,1.0,preview
25.448863983154297,0.6928028464317322,0.35290560126304626,1.0,1.0,preview
25.488810062408447,0.7094823122024536,0.35290560126304626,1.0,1.0,preview
25.529582023620605,0.6808545589447021,0.35290560126304626,1.0,1.0,preview
25.570374488830566,0.6975331902503967,0.35290560126304626,1.0,1.0,preview
25.611023426055908,0.7147729992866516,0.35290560126304626,1.0,1.0,preview
25.651530981063843,0.7110885381698608,0.35290560126304626,1.0,1.0,preview
25.692286252975464,0.7282683253288269,0.35290560126304626,1.0,1.0,preview
25.73337960243225,0.7453683614730835,0.35290560126304626,1.0,1.0,preview
25.77413010597229,0.7269847393035889,0.35290560126304626,1.0,1.0,preview
25.815001964569092,0.7426705360412598,0.35290560126304626,1.0,1.0,preview
25.855397701263428,0.776299774646759,0.35290560126304626,1.0,1.0,preview
25.896498441696167,0.7625884413719177,0.35290560126304626,1.0,1.0,preview
25.936797380447388,0.7768943309783936,0.35290560126304626,1.0,1.0,preview
25.97649884223938,0.7923019528388977,0.35290560126304626,1.0,1.0,preview
26.017049312591553,0.7821123600006104,0.35290560126304626,1.0,1.0,preview
26.0571129322052,0.8317348957061768,0.35290560126304626,1.0,1.0,preview
26.098037004470825,0.8691781759262085,0.35290560126304626,1.0,1.0,preview
26.138819932937622,0.9055856466293335,0.35290560126304626,1.0,1.0,preview
26.17873764038086,0.8934803605079651,0.35290560126304626,1.0,1.0,preview
26.21974802017212,0.9013954401016235,0.35290560126304626,1.0,1.0,preview
26.25988268852234,0.8999227285385132,0.35290560126304626,1.0,1.0,preview
26.30037760734558,0.9079475998878479,0.35290560126304626,1.0,1.0,preview
26.342498540878296,0.9158207774162292,0.35290560126304626,1.0,1.0,preview
26.381942987442017,0.9228804707527161,0.35290560126304626,1.0,1.0,preview
26.423345804214478,0.914080798625946,0.35290560126304626,1.0,1.0,preview
26.464552879333496,0.9267181158065796,0.35290560126304626,1.0,1.0,preview
26.50439476966858,0.9205043911933899,0.35290560126304626,1.0,1.0,preview
26.544554471969604,0.9263038635253906,0.35290560126304626,1.0,1.0,preview
26.58505630493164,0.9324619174003601,0.35290560126304626,1.0,1.0,preview
26.626036405563354,0.9380025267601013,0.35290560126304626,1.0,1.0,preview
26.666159629821777,0.9382526278495789,0.35290560126304626,1.0,1.0,preview
26.706289052963257,0.9429823756217957,0.35290560126304626,1.0,1.0,preview
26.7469322681427,0.9394677877426147,0.35290560126304626,1.0,1.0,preview
26.787797451019287,0.9998791217803955,0.35290560126304626,1.0,1.0,preview
26.828618049621582,0.9409066438674927,0.35290560126304626,1.0,1.0,preview
26.868929624557495,0.8942106366157532,0.35290560126304626,1.0,1.0,preview
26.909754991531372,0.6907966136932373,0.35290560126304626,1.0,0.8935889005661011,preview
26.951233386993408,0.6948129534721375,0.35290560126304626,1.0,0.9014601111412048,preview
26.990720748901367,0.5701228976249695,0.35290560126304626,1.0,0.9096928238868713,preview
27.03236961364746,0.5799313187599182,0.35290560126304626,1.0,0.9177916049957275,preview
27.07242488861084,0.5263158082962036,0.35290560126304626,1.0,0.9344853162765503,preview
27.11328363418579,0.527209460735321,0.35290560126304626,1.0,0.9427874088287354,preview
27.153960943222046,0.5263158082962036,0.35290560126304626,1.0,0.9511148929595947,preview
27.194291591644287,0.5263158082962036,0.35290560126304626,1.0,0.9597063660621643,preview
27.2343966960907,0.5263158082962036,0.35290560126304626,1.0,0.968039870262146,preview
27.274638175964355,0.5263158082962036,0.35290560126304626,1.0,0.9849041700363159,preview
27.315105676651,0.5263158082962036,0.35290560126304626,1.0,0.9931589365005493,preview
27.356725215911865,0.5263158082962036,0.35290560126304626,1.0,1.0,preview
27.397146463394165,0.5263158082962036,0.35290560126304626,1.0,1.0,preview
27.437868356704712,0.5263158082962036,0.35290560126304626,1.0,1.0,preview
27.478440523147583,0.5263158082962036,0.35290560126304626,1.0,1.0,preview
27.518832206726074,0.5263158082962036,0.35290560126304626,1.0,1.0,preview
27.56028413772583,0.5263158082962036,0.35290560126304626,1.0,1.0,preview
27.599398612976074,0.5263158082962036,0.35290560126304626,1.0,1.0,preview
27.640188694000244,0.5263158082962036,0.35290560126304626,1.0,1.0,preview
27.680013179779053,0.5263158082962036,0.35290560126304626,1.0,1.0,preview
27.72138023376465,0.5263158082962036,0.35290560126304626,1.0,1.0,preview
27.76189684867859,0.5263158082962036,0.35290560126304626,1.0,1.0,preview
27.802410364151,0.5263158082962036,0.35290560126304626,1.0,1.0,preview
27.842969179153442,0.7005628943443298,1.0,1.0,1.0,curvature
27.883708238601685,0.7219932079315186,1.0,1.0,1.0,curvature
27.923945903778076,0.7291206121444702,1.0,1.0,1.0,curvature
27.96415662765503,0.7339811325073242,1.0,1.0,1.0,curvature
28.00491237640381,0.7478387951850891,1.0,1.0,1.0,curvature
28.04649567604065,0.7531287670135498,1.0,1.0,1.0,curvature
28.08586287498474,0.7656443119049072,1.0,1.0,1.0,curvature
28.127894401550293,0.7714963555335999,1.0,1.0,1.0,curvature
28.168379306793213,0.7776276469230652,1.0,1.0,1.0,curvature
28.207857131958008,0.7842487096786499,1.0,1.0,1.0,curvature
28.249045848846436,0.7971252799034119,1.0,1.0,1.0,curvature
28.289700984954834,0.8146367073059082,1.0,1.0,1.0,curvature
28.32920479774475,0.8250966668128967,1.0,1.0,1.0,curvature
28.370736837387085,0.8356361389160156,1.0,1.0,1.0,curvature
28.411376476287842,0.8422752618789673,1.0,1.0,1.0,curvature
28.45188546180725,0.84867924451828,1.0,1.0,1.0,curvature
28.491654872894287,0.8616241812705994,1.0,1.0,1.0,curvature
28.5318124294281,0.8678145408630371,1.0,1.0,1.0,curvature
28.572556018829346,0.8739347457885742,1.0,1.0,1.0,curvature
28.6128511428833,0.8773532509803772,1.0,1.0,1.0,curvature
28.65439462661743,0.8792471885681152,1.0,1.0,1.0,curvature
28.694799184799194,0.8845997452735901,1.0,1.0,1.0,curvature
28.735806226730347,0.8905540704727173,1.0,1.0,1.0,curvature
28.776031970977783,0.8946123719215393,1.0,1.0,1.0,curvature
28.81635308265686,0.8987178802490234,1.0,1.0,1.0,curvature
28.85776710510254,0.9027119278907776,1.0,1.0,1.0,curvature
28.89832878112793,0.9114512205123901,1.0,1.0,1.0,curvature
28.937998294830322,0.9149093627929688,1.0,1.0,1.0,curvature
28.9785053730011,0.9183695912361145,1.0,1.0,1.0,curvature
29.019033432006836,0.9186794757843018,1.0,1.0,1.0,curvature
29.060298442840576,0.9183678030967712,1.0,1.0,1.0,curvature
29.100005626678467,0.9221397042274475,1.0,1.0,1.0,curvature
29.14045763015747,0.9258527755737305,1.0,1.0,1.0,curvature
29.182526111602783,0.9295719265937805,1.0,1.0,1.0,curvature
29.222392082214355,0.9334322214126587,1.0,1.0,1.0,curvature
29.263075828552246,0.937071681022644,1.0,1.0,1.0,curvature
29.303200244903564,0.9446776509284973,1.0,1.0,1.0,curvature
29.345057487487793,0.9483702778816223,1.0,1.0,1.0,curvature
29.38619351387024,0.951210618019104,1.0,1.0,1.0,curvature
29.427128791809082,0.9546208381652832,1.0,1.0,1.0,curvature
29.46772265434265,0.9580415487289429,1.0,1.0,1.0,curvature
29.50854229927063,0.9673566222190857,1.0,1.0,1.0,curvature
29.54848313331604,0.6455996632575989,0.38686275482177734,1.0,1.0,preview
29.589258193969727,0.6371314525604248,0.38686275482177734,1.0,1.0,preview
29.630895853042603,0.6395341157913208,0.38686275482177734,1.0,1.0,preview
29.67137885093689,0.6401882767677307,0.38686275482177734,1.0,1.0,preview
29.711607694625854,0.7109942436218262,0.38686275482177734,1.0,1.0,preview
29.751291513442993,0.7382855415344238,0.38686275482177734,1.0,1.0,preview
29.7915461063385,0.7600573301315308,0.38686275482177734,1.0,1.0,preview
29.83167028427124,0.8337485790252686,0.38686275482177734,1.0,1.0,preview
29.87256669998169,0.9214043021202087,0.38686275482177734,1.0,1.0,preview
29.913506746292114,0.9449144601821899,0.38686275482177734,1.0,1.0,preview
29.953673839569092,0.8787473440170288,0.38686275482177734,1.0,1.0,preview
29.99442958831787,0.8193579912185669,0.38686275482177734,1.0,1.0,preview
30.035109519958496,0.8893861770629883,0.38686275482177734,1.0,1.0,preview
30.076430320739746,0.9069098830223083,0.38686275482177734,1.0,1.0,preview
30.116008520126343,0.9887800216674805,0.38686275482177734,1.0,1.0,preview
30.15718913078308,0.9787116646766663,0.38686275482177734,1.0,1.0,preview
30.19704556465149,0.896469235420227,0.38686275482177734,1.0,1.0,preview
30.238682746887207,0.981888473033905,0.38686275482177734,1.0,1.0,preview
30.279364109039307,0.926936686038971,0.38686275482177734,1.0,1.0,preview
30.319268465042114,0.8572815656661987,0.38686275482177734,1.0,1.0,preview
30.36002492904663,0.9306764006614685,0.38686275482177734,1.0,1.0,preview
30.400752305984497,0.9432634115219116,0.38686275482177734,1.0,1.0,preview
30.441906929016113,0.9525009393692017,0.38686275482177734,1.0,1.0,preview
30.48324418067932,0.9607564210891724,0.38686275482177734,1.0,1.0,preview
30.5233154296875,0.9533542394638062,0.38686275482177734,1.0,1.0,preview
30.56343388557434,0.8803634643554688,0.38686275482177734,1.0,1.0,preview
30.603527784347534,0.8820797801017761,0.38686275482177734,1.0,1.0,preview
30.643967866897583,0.8914694786071777,0.38686275482177734,1.0,1.0,preview
30.684679985046387,0.8364441394805908,0.38686275482177734,1.0,1.0,preview
30.725630521774292,0.854047417640686,0.38686275482177734,1.0,1.0,preview
30.76679801940918,0.809666633605957,0.38686275482177734,1.0,1.0,preview
30.807669639587402,0.8207997679710388,0.38686275482177734,1.0,1.0,preview
30.848814725875854,0.8351815342903137,0.38686275482177734,1.0,1.0,preview
30.890007495880127,0.7997199296951294,0.38686275482177734,1.0,1.0,preview
30.929272174835205,0.8582966327667236,0.38686275482177734,1.0,1.0,preview
30.96970248222351,0.9088417887687683,0.38686275482177734,1.0,1.0,preview
31.009658575057983,0.9082349538803101,0.38686275482177734,1.0,1.0,preview
31.050228118896484,0.9159475564956665,0.38686275482177734,1.0,1.0,preview
31.091181755065918,0.9239634871482849,0.38686275482177734,1.0,1.0,preview
31.1313214302063,0.8928770422935486,0.38686275482177734,1.0,1.0,preview
31.172281742095947,0.8998724818229675,0.38686275482177734,1.0,1.0,preview
31.212686777114868,0.8674516677856445,0.38686275482177734,1.0,1.0,preview
31.253437519073486,0.8762732744216919,0.38686275482177734,1.0,1.0,preview
31.294705390930176,0.8864870667457581,0.38686275482177734,1.0,1.0,preview
31.335551023483276,0.8691831231117249,0.38686275482177734,1.0,1.0,preview
31.375437259674072,0.8777744174003601,0.38686275482177734,1.0,1.0,preview
31.41718554496765,0.8553747534751892,0.38686275482177734,1.0,1.0,preview
31.457589149475098,0.8650903105735779,0.38686275482177734,1.0,1.0,preview
31.49853777885437,0.8762027025222778,0.38686275482177734,1.0,1.0,preview
31.538925886154175,0.9842358827590942,0.38686275482177734,1.0,1.0,preview
31.57976198196411,0.9722284078598022,0.38686275482177734,1.0,1.0,preview
31.620073556900024,0.8615585565567017,0.38686275482177734,1.0,1.0,preview
31.660500049591064,0.7679516673088074,0.38686275482177734,1.0,1.0,preview
31.70075511932373,0.7003467082977295,0.38686275482177734,1.0,1.0,preview
31.740618467330933,0.6092955470085144,0.38686275482177734,1.0,1.0,preview
31.782370805740356,0.6221052408218384,0.38686275482177734,1.0,1.0,preview
31.82313895225525,0.5936740040779114,0.38686275482177734,1.0,1.0,preview
31.863019943237305,0.613955020904541,0.38686275482177734,1.0,1.0,preview
31.9033522605896,0.6357885003089905,0.38686275482177734,1.0,1.0,preview
31.944329738616943,0.6377518773078918,0.38686275482177734,1.0,1.0,preview
31.98472571372986,0.6583603620529175,0.38686275482177734,1.0,1.0,preview
32.024577379226685,0.6795268058776855,0.38686275482177734,1.0,1.0,preview
32.06452775001526,0.6652640700340271,0.38686275482177734,1.0,1.0,preview
32.1065137386322,0.6851799488067627,0.38686275482177734,1.0,1.0,preview
32.145861864089966,0.6967632174491882,0.38686275482177734,1.0,1.0,preview
32.18742084503174,0.7169356942176819,0.38686275482177734,1.0,1.0,preview
32.22767448425293,0.73696368932724,0.38686275482177734,1.0,1.0,preview
32.26811766624451,0.7324179410934448,0.38686275482177734,1.0,1.0,preview
32.30843162536621,0.7512154579162598,0.38686275482177734,1.0,1.0,preview
32.3489716053009,0.9152365326881409,1.0,1.0,1.0,curvature
32.39041042327881,0.9207040071487427,1.0,1.0,1.0,curvature
32.43059802055359,0.9232474565505981,1.0,1.0,1.0,curvature
32.47175669670105,0.9288114309310913,1.0,1.0,1.0,curvature
32.51125240325928,0.931806743144989,1.0,1.0,1.0,curvature
32.55198788642883,0.937480092048645,1.0,1.0,1.0,curvature
32.59239149093628,0.940312922000885,1.0,1.0,1.0,curvature
32.63367772102356,0.9430441856384277,1.0,1.0,1.0,curvature
32.67424201965332,0.9457875490188599,1.0,1.0,1.0,curvature
32.714521169662476,0.9497982859611511,1.0,1.0,1.0,curvature
32.75488805770874,0.9533798694610596,1.0,1.0,1.0,curvature
32.796021938323975,0.9558731317520142,1.0,1.0,1.0,curvature
32.83734655380249,0.9592212438583374,1.0,1.0,1.0,curvature
32.87771654129028,0.9615381360054016,1.0,1.0,1.0,curvature
32.91786789894104,0.9637460112571716,1.0,1.0,1.0,curvature
32.95830059051514,0.9671412706375122,1.0,1.0,1.0,curvature
32.998311042785645,0.9692937731742859,1.0,1.0,1.0,curvature
33.038296699523926,0.9713212847709656,1.0,1.0,1.0,curvature
33.07948589324951,0.973443329334259,1.0,1.0,1.0,curvature
33.12059020996094,0.9750473499298096,1.0,1.0,1.0,curvature
33.161421060562134,0.9778768420219421,1.0,1.0,1.0,curvature
33.20191431045532,0.9791159629821777,1.0,1.0,1.0,curvature
33.241962909698486,0.9802730679512024,1.0,1.0,1.0,curvature
33.28227353096008,0.9813842177391052,1.0,1.0,1.0,curvature
33.323142528533936,0.9824713468551636,1.0,1.0,1.0,curvature
33.363065242767334,0.9845139384269714,1.0,1.0,1.0,curvature
33.40458846092224,0.9855970144271851,1.0,1.0,1.0,curvature
33.445202589035034,0.9866193532943726,1.0,1.0,1.0,curvature
33.48609757423401,0.9876423478126526,1.0,1.0,1.0,curvature
33.52686548233032,0.9883589744567871,1.0,1.0,1.0,curvature
33.56689929962158,0.9902519583702087,1.0,1.0,1.0,curvature
33.607364654541016,0.9912075400352478,1.0,1.0,1.0,curvature
33.64826250076294,0.9917643666267395,1.0,1.0,1.0,curvature
33.689042806625366,0.9926138520240784,1.0,1.0,1.0,curvature
33.72993540763855,0.9934548735618591,1.0,1.0,1.0,curvature
33.77009296417236,0.993582010269165,1.0,1.0,1.0,curvature
33.8108434677124,0.9932188987731934,1.0,1.0,1.0,curvature
33.852006673812866,0.9924758076667786,1.0,1.0,1.0,curvature
33.89346122741699,0.9931197166442871,1.0,1.0,1.0,curvature
33.93409585952759,0.9938001036643982,1.0,1.0,1.0,curvature
33.974040031433105,0.994846522808075,1.0,1.0,1.0,curvature
34.0141224861145,0.9954788684844971,1.0,1.0,1.0,curvature
34.05552411079407,0.9960981011390686,1.0,1.0,1.0,curvature
34.09614300727844,0.9967060685157776,1.0,1.0,1.0,curvature
34.13680696487427,0.9969293475151062,1.0,1.0,1.0,curvature
34.176841259002686,0.9966967105865479,1.0,1.0,1.0,curvature
34.216827392578125,0.9911022186279297,1.0,1.0,1.0,curvature
34.25759267807007,0.9857649803161621,1.0,1.0,1.0,curvature
34.29797077178955,0.9856814742088318,1.0,1.0,1.0,curvature
34.33832383155823,0.9856501221656799,1.0,1.0,1.0,curvature
34.379273891448975,0.9865771532058716,1.0,1.0,1.0,curvature
34.420116901397705,0.9868045449256897,1.0,1.0,1.0,curvature
34.46123218536377,0.9870392680168152,1.0,1.0,1.0,curvature
34.500831604003906,0.987723171710968,1.0,1.0,1.0,curvature
34.54208493232727,0.9879796504974365,1.0,1.0,1.0,curvature
34.5827054977417,0.9742823243141174,1.0,1.0,1.0,curvature
34.62380576133728,0.9614672660827637,1.0,1.0,1.0,curvature
34.66408133506775,0.9026585221290588,0.7131547331809998,1.0,1.0,preview
34.70477247238159,0.900574266910553,0.7131547331809998,1.0,1.0,preview
34.74550747871399,0.9013782739639282,0.7131547331809998,1.0,1.0,preview
34.784996032714844,0.8608791828155518,0.580355703830719,1.0,1.0,preview
34.82579517364502,0.860567569732666,0.580355703830719,1.0,1.0,preview
34.86747741699219,0.8629279136657715,0.580355703830719,1.0,1.0,preview
34.908331632614136,0.7073518633842468,0.34091728925704956,1.0,1.0,preview
34.94934391975403,0.7176889777183533,0.34091728925704956,1.0,1.0,preview
34.98941922187805,0.7784541845321655,0.34091728925704956,1.0,1.0,preview
35.03003931045532,0.8063346147537231,0.34091728925704956,1.0,1.0,preview
35.07050061225891,0.8468919992446899,0.34091728925704956,1.0,1.0,preview
35.111857414245605,0.863201379776001,0.34091728925704956,1.0,1.0,preview
35.15193152427673,0.9002761840820312,0.34091728925704956,1.0,1.0,preview
35.192975997924805,0.9526023864746094,0.34091728925704956,1.0,1.0,preview
35.23351502418518,0.9630686640739441,0.34091728925704956,1.0,1.0,preview
35.27408051490784,0.9702239036560059,0.34091728925704956,1.0,1.0,preview
35.31384754180908,0.9887473583221436,0.34091728925704956,1.0,1.0,preview
35.3544704914093,0.9845542311668396,0.34091728925704956,1.0,1.0,preview
35.394782066345215,0.9511991739273071,0.34091728925704956,1.0,1.0,preview
35.43500280380249,0.8915476202964783,0.34091728925704956,1.0,1.0,preview
35.475056171417236,0.8679620623588562,0.34091728925704956,1.0,1.0,preview
35.5167179107666,0.8742357492446899,0.34091728925704956,1.0,1.0,preview
35.556986808776855,0.8816598653793335,0.34091728925704956,1.0,1.0,preview
35.59778642654419,0.8724389672279358,0.34091728925704956,1.0,1.0,preview
35.63772749900818,0.8804781436920166,0.34091728925704956,1.0,1.0,preview
35.6780800819397,0.866472065448761,0.34091728925704956,1.0,1.0,preview
35.71891808509827,0.8752684593200684,0.34091728925704956,1.0,1.0,preview
35.75992798805237,0.8840565085411072,0.34091728925704956,1.0,1.0,preview
35.80067682266235,0.982977569103241,0.34091728925704956,1.0,1.0,preview
35.84086036682129,0.9074859619140625,0.34091728925704956,1.0,1.0,preview
35.88168406486511,0.8218963146209717,0.34091728925704956,1.0,1.0,preview
35.921942710876465,0.8274966478347778,0.34091728925704956,1.0,1.0,preview
35.96242141723633,0.8338077068328857,0.34091728925704956,1.0,1.0,preview
36.0034065246582,0.8703790903091431,0.34091728925704956,1.0,1.0,preview
36.04365873336792,0.8805476427078247,0.34091728925704956,1.0,1.0,preview
36.08474946022034,0.9088987112045288,0.34091728925704956,1.0,1.0,preview
36.124988079071045,0.9181088209152222,0.34091728925704956,1.0,1.0,preview
36.166136026382446,0.9264168739318848,0.34091728925704956,1.0,1.0,preview
36.20610690116882,0.9656593799591064,0.34091728925704956,1.0,1.0,preview
36.24698996543884,0.971085786819458,0.34091728925704956,1.0,1.0,preview
36.28770327568054,0.9742656350135803,0.34091728925704956,1.0,1.0,preview
36.32773780822754,0.8977822661399841,0.34091728925704956,1.0,1.0,preview
36.368131160736084,0.8495566844940186,0.34091728925704956,1.0,1.0,preview
36.40794372558594,0.7935607433319092,0.34091728925704956,1.0,1.0,preview
36.44855499267578,0.8017653226852417,0.34091728925704956,1.0,1.0,preview
36.489412784576416,0.8323282599449158,0.34091728925704956,1.0,1.0,preview
36.529698610305786,0.8459617495536804,0.34091728925704956,1.0,1.0,preview
36.57074570655823,0.8571884036064148,0.34091728925704956,1.0,1.0,preview
36.611010789871216,0.9056083559989929,0.34091728925704956,1.0,1.0,preview
36.651702642440796,0.9167364239692688,0.34091728925704956,1.0,1.0,preview
36.69198560714722,0.9238939881324768,0.34091728925704956,1.0,1.0,preview
36.73245882987976,0.9649837613105774,0.34091728925704956,1.0,1.0,preview
36.77425289154053,0.9714426398277283,0.34091728925704956,1.0,1.0,preview
36.81526303291321,0.9775527715682983,0.34091728925704956,1.0,1.0,preview
36.854546785354614,0.9536357522010803,0.34091728925704956,1.0,1.0,preview
36.8949019908905,0.9558797478675842,0.34091728925704956,1.0,1.0,preview
36.93532109260559,0.9593768119812012,0.34091728925704956,1.0,1.0,preview
36.976444244384766,0.9628177285194397,0.34091728925704956,1.0,1.0,preview
37.017162561416626,0.9450687766075134,0.34091728925704956,1.0,1.0,preview
37.05674600601196,0.9479154944419861,0.34091728925704956,1.0,1.0,preview
37.097816467285156,0.9515042901039124,0.34091728925704956,1.0,1.0,preview
37.13888335227966,0.9249908924102783,0.34091728925704956,1.0,1.0,preview
37.17877650260925,0.8754492402076721,0.34091728925704956,1.0,1.0,preview
37.218881607055664,0.8576762676239014,0.34091728925704956,1.0,1.0,preview
37.25947833061218,0.8661314845085144,0.34091728925704956,1.0,1.0,preview
37.300934076309204,0.854902982711792,0.34091728925704956,1.0,1.0,preview
37.34114074707031,0.8648247122764587,0.34091728925704956,1.0,1.0,preview
37.38215088844299,0.8745034337043762,0.34091728925704956,1.0,1.0,preview
37.42234945297241,0.6873652338981628,0.34091728925704956,1.0,0.9333896040916443,preview
37.46218705177307,0.6990310549736023,0.34091728925704956,1.0,0.9399858117103577,preview
37.503485918045044,0.7145440578460693,0.34091728925704956,1.0,0.9466197490692139,preview
37.544201374053955,0.73187255859375,0.34091728925704956,1.0,0.9534822106361389,preview
37.58510780334473,0.6031708717346191,0.34091728925704956,1.0,0.9601618647575378,preview
37.62568712234497,0.6296490430831909,0.34091728925704956,1.0,0.9737607836723328,preview
37.665711879730225,0.647556722164154,0.34091728925704956,1.0,0.9804463386535645,preview
37.705480337142944,0.5541056990623474,0.34091728925704956,1.0,0.9871111512184143,preview
37.74605107307434,0.5678628087043762,0.34091728925704956,1.0,0.9939505457878113,preview
37.787317991256714,0.5834860801696777,0.34091728925704956,1.0,1.0,preview
37.82777285575867,0.5333114266395569,0.34091728925704956,1.0,1.0,preview
37.86830401420593,0.5509211421012878,0.34091728925704956,1.0,1.0,preview
37.908926010131836,0.5712799429893494,0.34091728925704956,1.0,1.0,preview
37.94929528236389,0.6341672539710999,0.34091728925704956,1.0,1.0,preview
37.99050545692444,0.6054933667182922,0.34091728925704956,1.0,1.0,preview
38.03079628944397,0.6942341327667236,0.34091728925704956,1.0,1.0,preview
38.071168661117554,0.6225413084030151,0.34091728925704956,1.0,1.0,preview
38.110997438430786,0.6373336911201477,0.34091728925704956,1.0,1.0,preview
38.1516695022583,0.6579063534736633,0.34091728925704956,1.0,1.0,preview
38.19231176376343,0.6773025989532471,0.34091728925704956,1.0,1.0,preview
38.23303270339966,0.6326590776443481,0.34091728925704956,1.0,1.0,preview
38.27351665496826,0.7618834972381592,1.0,1.0,1.0,curvature
38.31400275230408,0.7674938440322876,1.0,1.0,1.0,curvature
38.35462474822998,0.7701269388198853,1.0,1.0,1.0,curvature
38.3957896232605,0.7732710242271423,1.0,1.0,1.0,curvature
38.43515229225159,0.7830632328987122,1.0,1.0,1.0,curvature
38.475579261779785,0.7955285310745239,1.0,1.0,1.0,curvature
38.51745247840881,0.7996187210083008,1.0,1.0,1.0,curvature
38.557334899902344,0.8040686845779419,1.0,1.0,1.0,curvature
38.59811758995056,0.8157612085342407,1.0,1.0,1.0,curvature
38.63894820213318,0.8201738595962524,1.0,1.0,1.0,curvature
38.68012714385986,0.8312988877296448,1.0,1.0,1.0,curvature
38.71993637084961,0.8362492322921753,1.0,1.0,1.0,curvature
38.760839223861694,0.847176730632782,1.0,1.0,1.0,curvature
38.800798416137695,0.8578382730484009,1.0,1.0,1.0,curvature
38.84122848510742,0.8698697090148926,1.0,1.0,1.0,curvature
38.882349491119385,0.8789831399917603,1.0,1.0,1.0,curvature
38.922483682632446,0.8835871815681458,1.0,1.0,1.0,curvature
38.9633514881134,0.8882946968078613,1.0,1.0,1.0,curvature
39.00505352020264,0.8928366303443909,1.0,1.0,1.0,curvature
39.044981241226196,0.8994243741035461,1.0,1.0,1.0,curvature
39.0850350856781,0.9038985371589661,1.0,1.0,1.0,curvature
39.12530303001404,0.9060718417167664,1.0,1.0,1.0,curvature
39.16560983657837,0.9123629927635193,1.0,1.0,1.0,curvature
39.20614814758301,0.9206701517105103,1.0,1.0,1.0,curvature
39.24700736999512,0.9292663931846619,1.0,1.0,1.0,curvature
39.28826093673706,0.9313547015190125,1.0,1.0,1.0,curvature
39.32895255088806,0.9334057569503784,1.0,1.0,1.0,curvature
39.36985802650452,0.9369072318077087,1.0,1.0,1.0,curvature
39.41020369529724,0.9390456676483154,1.0,1.0,1.0,curvature
39.450613260269165,0.9433891773223877,1.0,1.0,1.0,curvature
39.49114489555359,0.9464194178581238,1.0,1.0,1.0,curvature
39.53113865852356,0.9483957290649414,1.0,1.0,1.0,curvature
39.571155071258545,0.9504314064979553,1.0,1.0,1.0,curvature
39.612765312194824,0.952507734298706,1.0,1.0,1.0,curvature
39.65247964859009,0.9571797251701355,1.0,1.0,1.0,curvature
39.6926531791687,0.9591662287712097,1.0,1.0,1.0,curvature
39.73375916481018,0.961363673210144,1.0,1.0,1.0,curvature
39.77451229095459,0.963211715221405,1.0,1.0,1.0,curvature
39.8150749206543,0.965044379234314,1.0,1.0,1.0,curvature
39.85519480705261,0.9726656079292297,1.0,1.0,1.0,curvature
39.89700984954834,0.9784241914749146,1.0,1.0,1.0,curvature
39.93704319000244,0.9836015105247498,1.0,1.0,1.0,curvature
39.97723317146301,0.9851489067077637,1.0,1.0,1.0,curvature
40.01810598373413,0.9865957498550415,1.0,1.0,1.0,curvature
40.057931900024414,0.9888082146644592,1.0,1.0,1.0,curvature
40.098772048950195,0.9901521801948547,1.0,1.0,1.0,curvature
40.13957691192627,0.8443259000778198,0.40442904829978943,1.0,1.0,preview
40.179707288742065,0.837482750415802,0.40442904829978943,1.0,1.0,preview
40.21961259841919,0.8464423418045044,0.40442904829978943,1.0,1.0,preview
40.26031303405762,0.9533397555351257,0.40442904829978943,1.0,1.0,preview
40.30142688751221,0.9290885329246521,0.40442904829978943,1.0,1.0,preview
40.343448638916016,0.8444010615348816,0.40442904829978943,1.0,1.0,preview
40.38305354118347,0.8201324939727783,0.40442904829978943,1.0,1.0,preview
40.424458503723145,0.8207191228866577,0.40442904829978943,1.0,1.0,preview
40.46502637863159,0.826807975769043,0.40442904829978943,1.0,1.0,preview
40.50550413131714,0.8253727555274963,0.40442904829978943,1.0,1.0,preview
40.54590940475464,0.8382704854011536,0.40442904829978943,1.0,1.0,preview
40.586307764053345,0.821966826915741,0.40442904829978943,1.0,1.0,preview
40.62747287750244,0.8175032734870911,0.40442904829978943,1.0,1.0,preview
40.66787672042847,0.8190512657165527,0.40442904829978943,1.0,1.0,preview
40.70783019065857,0.8275768160820007,0.40442904829978943,1.0,1.0,preview
40.74838614463806,0.8427176475524902,0.40442904829978943,1.0,1.0,preview
40.78960561752319,0.8576327562332153,0.40442904829978943,1.0,1.0,preview
40.83045244216919,0.870833694934845,0.40442904829978943,1.0,1.0,preview
40.87035870552063,0.8958393335342407,0.40442904829978943,1.0,1.0,preview
40.90967416763306,0.9101560711860657,0.40442904829978943,1.0,1.0,preview
40.951200008392334,0.9194996953010559,0.40442904829978943,1.0,1.0,preview
40.99197483062744,0.8909165263175964,0.40442904829978943,1.0,1.0,preview
41.03282451629639,0.8586781024932861,0.40442904829978943,1.0,1.0,preview
41.07300400733948,0.8470027446746826,0.40442904829978943,1.0,1.0,preview
41.11336874961853,0.8580138087272644,0.40442904829978943,1.0,1.0,preview
41.15408444404602,0.8829665184020996,0.40442904829978943,1.0,1.0,preview
41.19488978385925,0.895609438419342,0.40442904829978943,1.0,1.0,preview
41.234880447387695,0.9069422483444214,0.40442904829978943,1.0,1.0,preview
41.27546572685242,0.9457923769950867,0.40442904829978943,1.0,1.0,preview
41.31633377075195,0.9533340334892273,0.40442904829978943,1.0,1.0,preview
41.35623526573181,0.983008623123169,0.40442904829978943,1.0,1.0,preview
41.39711022377014,0.9276502132415771,0.40442904829978943,1.0,1.0,preview
41.43814420700073,0.8786233067512512,0.40442904829978943,1.0,1.0,preview
41.479602575302124,0.8578519821166992,0.40442904829978943,1.0,1.0,preview
41.519169330596924,0.8678652048110962,0.40442904829978943,1.0,1.0,preview
41.55917477607727,0.8790698647499084,0.40442904829978943,1.0,1.0,preview
41.59926795959473,0.91263747215271,0.40442904829978943,1.0,1.0,preview
41.64146327972412,0.9234811663627625,0.40442904829978943,1.0,1.0,preview
41.68101501464844,0.9712753295898438,0.40442904829978943,1.0,1.0,preview
41.722384214401245,0.9790186882019043,0.40442904829978943,1.0,1.0,preview
41.763237714767456,0.9821102619171143,0.40442904829978943,1.0,1.0,preview
41.80288791656494,0.9817418456077576,0.40442904829978943,1.0,1.0,preview
41.8430335521698,0.9794739484786987,0.40442904829978943,1.0,1.0,preview
41.8833281993866,0.7053830623626709,0.40442904829978943,1.0,0.8519958853721619,preview
41.924622535705566,0.5263158082962036,0.40442904829978943,1.0,0.8617729544639587,preview
41.964438915252686,0.5263158082962036,0.40442904829978943,1.0,0.8717741370201111,preview
42.005350828170776,0.5263158082962036,0.40442904829978943,1.0,0.8761895895004272,preview
42.04552412033081,0.5263158082962036,0.40442904829978943,1.0,0.8804919123649597,preview
42.085710287094116,0.5263158082962036,0.40442904829978943,1.0,0.8955913186073303,preview
42.126922607421875,0.5263158082962036,0.40442904829978943,1.0,0.9062779545783997,preview
42.168046951293945,0.5263158082962036,0.40442904829978943,1.0,0.9171733260154724,preview
42.208754777908325,0.5263158082962036,0.40442904829978943,1.0,0.9286153316497803,preview
42.249183893203735,0.5263158082962036,0.40442904829978943,1.0,0.9399263262748718,preview
42.289976596832275,0.5263158082962036,0.40442904829978943,1.0,0.9635025858879089,preview
42.33045315742493,0.5263158082962036,0.40442904829978943,1.0,0.9754050970077515,preview
42.37043023109436,0.5263158082962036,0.40442904829978943,1.0,0.9874920845031738,preview
42.41066789627075,0.5263158082962036,0.40442904829978943,1.0,1.0,preview
42.4520263671875,0.5263158082962036,0.40442904829978943,1.0,1.0,preview
42.49282670021057,0.5263158082962036,0.40442904829978943,1.0,1.0,preview
42.533485651016235,0.5263158082962036,0.40442904829978943,1.0,1.0,preview
42.57331299781799,0.5263158082962036,0.40442904829978943,1.0,1.0,preview
42.61344861984253,0.5275551080703735,1.0,1.0,1.0,curvature
42.65455436706543,0.5421085357666016,1.0,1.0,1.0,curvature
42.69499588012695,0.5493150353431702,1.0,1.0,1.0,curvature
42.73552632331848,0.5519952178001404,1.0,1.0,1.0,curvature
42.77646207809448,0.5658817887306213,1.0,1.0,1.0,curvature
42.81624984741211,0.5708944201469421,1.0,1.0,1.0,curvature
42.85729098320007,0.5757141709327698,1.0,1.0,1.0,curvature
42.89727187156677,0.5912274122238159,1.0,1.0,1.0,curvature
42.93834590911865,0.59379643201828,1.0,1.0,1.0,curvature
42.97854709625244,0.6018317937850952,1.0,1.0,1.0,curvature
43.01940131187439,0.611876904964447,1.0,1.0,1.0,curvature
43.06082272529602,0.6137808561325073,1.0,1.0,1.0,curvature
43.10124707221985,0.6219803690910339,1.0,1.0,1.0,curvature
43.14086103439331,0.6324034929275513,1.0,1.0,0.9922627806663513,curvature
43.181642055511475,0.6359317898750305,1.0,1.0,0.982348620891571,curvature
43.22275352478027,0.6460978984832764,1.0,1.0,0.9755881428718567,curvature
43.26315999031067,0.6510255932807922,1.0,1.0,0.969453752040863,curvature
43.3045608997345,0.6642695665359497,1.0,1.0,0.955566942691803,curvature
43.34451985359192,0.6767033338546753,1.0,1.0,0.9481279253959656,curvature
43.385223627090454,0.6827914118766785,1.0,1.0,0.9411587715148926,curvature
43.42540884017944,0.6877281665802002,1.0,1.0,0.9344469904899597,curvature
43.46625280380249,0.6978589296340942,1.0,1.0,0.928375244140625,curvature
43.50684213638306,0.7192021012306213,1.0,1.0,0.920171320438385,curvature
43.54696583747864,0.734695553779602,1.0,1.0,0.9184890389442444,curvature
43.58816742897034,0.7491698861122131,1.0,1.0,0.9175691604614258,curvature
43.627949714660645,0.7580972909927368,1.0,1.0,0.9137647151947021,curvature
43.66821646690369,0.7656236886978149,1.0,1.0,0.910643994808197,curvature
43.70801568031311,0.782279372215271,1.0,1.0,0.9048758745193481,curvature
43.74984264373779,0.7920978665351868,1.0,1.0,0.9025437831878662,curvature
43.79031586647034,0.8023143410682678,1.0,1.0,0.9005371928215027,curvature
43.83184194564819,0.8059705495834351,1.0,1.0,0.8985339403152466,curvature
43.871283531188965,0.8096311092376709,1.0,1.0,0.8966881632804871,curvature
43.91156792640686,0.8196371793746948,1.0,1.0,0.8935917019844055,curvature
43.95189642906189,0.8280646800994873,1.0,1.0,0.8925882577896118,curvature
43.99341678619385,0.8363986611366272,1.0,1.0,0.8918710350990295,curvature
44.03372144699097,0.8448934555053711,1.0,1.0,0.8914202451705933,curvature
44.07436513900757,0.8532149195671082,1.0,1.0,0.8912618160247803,curvature
44.115031719207764,0.8647500872612,1.0,1.0,0.8855655789375305,curvature
44.155937910079956,0.8694679141044617,1.0,1.0,0.8802816271781921,curvature
44.19652986526489,0.8734224438667297,1.0,1.0,0.875317394733429,curvature
44.236411809921265,0.8800429701805115,1.0,1.0,0.8764331340789795,lateral_error
44.27725434303284,0.887736976146698,1.0,1.0,0.8777469396591187,lateral_error
44.31760334968567,0.9029879570007324,1.0,1.0,0.8810827732086182,lateral_error
44.35915184020996,0.9082443714141846,1.0,1.0,0.8830431699752808,lateral_error
44.39880728721619,0.9153861999511719,1.0,1.0,0.8851984739303589,lateral_error
44.440197706222534,0.9216925501823425,1.0,1.0,0.8842863440513611,lateral_error
44.480356216430664,0.9278697371482849,1.0,1.0,0.883705198764801,lateral_error
44.52132225036621,0.9380250573158264,1.0,1.0,0.8864760994911194,lateral_error
44.56109666824341,0.9451678991317749,1.0,1.0,0.8896114826202393,lateral_error
44.60133194923401,0.9520648717880249,1.0,1.0,0.8928885459899902,lateral_error
44.64212417602539,0.9588927030563354,1.0,1.0,0.8964014649391174,lateral_error
44.68279242515564,0.9657778143882751,1.0,1.0,0.8999438881874084,lateral_error
44.72277092933655,0.5263158082962036,0.40442904829978943,1.0,0.9074983596801758,preview
44.76425886154175,0.5263158082962036,0.40442904829978943,1.0,0.9114088416099548,preview
44.805335998535156,0.5263158082962036,0.40442904829978943,1.0,0.915488064289093,preview
44.844491481781006,0.5263158082962036,0.40442904829978943,1.0,0.9153953194618225,preview
44.88476204872131,0.5263158082962036,0.40442904829978943,1.0,0.9153581857681274,preview
44.92437696456909,0.5263158082962036,0.40442904829978943,1.0,0.9205689430236816,preview
44.96605730056763,0.5263158082962036,0.40442904829978943,1.0,0.926103413105011,preview
45.00740671157837,0.5263158082962036,0.40442904829978943,1.0,0.9322075843811035,preview
45.04694414138794,0.5445951223373413,0.40442904829978943,1.0,0.9390037655830383,preview
45.08891034126282,0.5725113153457642,0.40442904829978943,1.0,0.945954442024231,preview
45.12920570373535,0.781822144985199,0.40442904829978943,1.0,0.9604992270469666,preview
45.17036747932434,0.83035808801651,0.40442904829978943,1.0,0.9677244424819946,preview
45.21019530296326,0.9744986295700073,0.40442904829978943,1.0,0.9749064445495605,preview
45.25085687637329,0.94882732629776,0.40442904829978943,1.0,0.982930064201355,preview
45.29180073738098,0.8007637858390808,0.40442904829978943,1.0,0.9905341863632202,preview
45.331995487213135,0.6995367407798767,0.40442904829978943,1.0,1.0,preview
45.37162113189697,0.7103838920593262,0.40442904829978943,1.0,1.0,preview
45.41217517852783,0.7273803949356079,0.40442904829978943,1.0,1.0,preview
45.45160412788391,0.6601629257202148,0.40442904829978943,1.0,1.0,preview
45.49381709098816,0.6741607785224915,0.40442904829978943,1.0,1.0,preview
45.534146308898926,0.6412045359611511,0.40442904829978943,1.0,1.0,preview
45.57442283630371,0.6594172120094299,0.40442904829978943,1.0,1.0,preview
45.61459732055664,0.6800804138183594,0.40442904829978943,1.0,1.0,preview
45.654905796051025,0.6341181397438049,0.40442904829978943,1.0,1.0,preview
45.696898460388184,0.6480310559272766,0.40442904829978943,1.0,1.0,preview
45.73661994934082,0.6303778886795044,0.40442904829978943,1.0,1.0,preview
45.77742624282837,0.6511101126670837,0.40442904829978943,1.0,1.0,preview
45.81727910041809,0.6250951290130615,0.40442904829978943,1.0,1.0,preview
45.85930871963501,0.646259069442749,0.40442904829978943,1.0,1.0,preview
45.899526834487915,0.6684810519218445,0.40442904829978943,1.0,1.0,preview
45.93942856788635,0.6703599095344543,0.40442904829978943,1.0,1.0,preview
45.98007559776306,0.6911090016365051,0.40442904829978943,1.0,1.0,preview
46.01995921134949,0.6753296852111816,0.40442904829978943,1.0,1.0,preview
46.061015605926514,0.6709639430046082,0.40442904829978943,1.0,1.0,preview
46.101736307144165,0.6662181615829468,0.40442904829978943,1.0,1.0,preview
46.14239811897278,0.6554714441299438,0.40442904829978943,1.0,1.0,preview
46.183786392211914,0.6765556931495667,0.40442904829978943,1.0,1.0,preview
46.223806381225586,0.6978327035903931,0.40442904829978943,1.0,1.0,preview
46.26370930671692,0.6990835666656494,0.40442904829978943,1.0,1.0,preview
46.30418872833252,0.7208177447319031,0.40442904829978943,1.0,1.0,preview
46.34564137458801,0.7484345436096191,0.40442904829978943,1.0,1.0,preview
46.38591694831848,0.768688976764679,0.40442904829978943,1.0,1.0,preview
46.426451206207275,0.7866672277450562,0.40442904829978943,1.0,1.0,preview
46.466830253601074,0.7964200377464294,0.40442904829978943,1.0,1.0,preview
46.50859761238098,0.8146036863327026,0.40442904829978943,1.0,1.0,preview
46.548471450805664,0.8460242748260498,0.40442904829978943,1.0,1.0,preview
46.58874583244324,0.8611879944801331,0.40442904829978943,1.0,1.0,preview
46.62869668006897,0.8740585446357727,0.40442904829978943,1.0,1.0,preview
46.66892862319946,0.8894857168197632,0.40442904829978943,1.0,1.0,preview
46.71060085296631,0.9009201526641846,0.40442904829978943,1.0,1.0,preview
46.75071573257446,0.7264634370803833,0.40442904829978943,1.0,0.871137797832489,preview
46.79258489608765,0.5406421422958374,0.40442904829978943,1.0,0.8806039094924927,preview
46.83269190788269,0.5430429577827454,0.40442904829978943,1.0,0.8902792930603027,preview
46.87261462211609,0.5611326098442078,0.40442904829978943,1.0,0.8916107416152954,preview
46.913214683532715,0.5852324962615967,0.40442904829978943,1.0,0.8925606608390808,preview
46.953810930252075,0.5263158082962036,0.40442904829978943,1.0,0.9030833840370178,preview
46.993738651275635,0.5263158082962036,0.40442904829978943,1.0,0.9128479361534119,preview
47.033944845199585,0.5263158082962036,0.40442904829978943,1.0,0.9227018356323242,preview
47.074973344802856,0.5263158082962036,0.40442904829978943,1.0,0.932937502861023,preview
47.11572003364563,0.5263158082962036,0.40442904829978943,1.0,0.9429319500923157,preview
47.156721353530884,0.5263158082962036,0.40442904829978943,1.0,0.9633625745773315,preview
47.197786808013916,0.5263158082962036,0.40442904829978943,1.0,0.973465085029602,preview
47.23840641975403,0.5263158082962036,0.40442904829978943,1.0,0.983576774597168,preview
47.278401374816895,0.5263158082962036,0.40442904829978943,1.0,0.9939929246902466,preview
47.318878173828125,0.5263158082962036,0.40442904829978943,1.0,1.0,preview
47.3588490486145,0.5263158082962036,0.40442904829978943,1.0,1.0,preview
47.39956188201904,0.5263158082962036,0.40442904829978943,1.0,1.0,preview
47.44101619720459,0.5263158082962036,0.40442904829978943,1.0,1.0,preview
47.481292963027954,0.5263158082962036,0.40442904829978943,1.0,1.0,preview
47.52183699607849,0.6096682548522949,1.0,1.0,1.0,curvature
47.56307554244995,0.6213814616203308,1.0,1.0,1.0,curvature
47.602572202682495,0.6376692056655884,1.0,1.0,1.0,curvature
47.64381432533264,0.6404602527618408,1.0,1.0,1.0,curvature
47.684521198272705,0.6440945267677307,1.0,1.0,1.0,curvature
47.724462032318115,0.6600767374038696,1.0,1.0,1.0,curvature
47.764862298965454,0.6730419993400574,1.0,1.0,1.0,curvature
47.80568766593933,0.6783266663551331,1.0,1.0,1.0,curvature
47.84663772583008,0.6942201852798462,1.0,1.0,1.0,curvature
47.88704204559326,0.7005301713943481,1.0,1.0,1.0,curvature
47.92784762382507,0.7070860266685486,1.0,1.0,1.0,curvature
47.96784687042236,0.7305070161819458,1.0,1.0,1.0,curvature
48.008336305618286,0.7366358637809753,1.0,1.0,1.0,curvature
48.04955840110779,0.7390283942222595,1.0,1.0,1.0,curvature
48.0897159576416,0.7522145509719849,1.0,1.0,1.0,curvature
48.13082671165466,0.7608873844146729,1.0,1.0,1.0,curvature
48.17086315155029,0.7786877751350403,1.0,1.0,1.0,curvature
48.211445569992065,0.7907697558403015,1.0,1.0,1.0,curvature
48.252676010131836,0.7958403825759888,1.0,1.0,1.0,curvature
48.29222798347473,0.8048327565193176,1.0,1.0,1.0,curvature
48.33337640762329,0.8095963001251221,1.0,1.0,1.0,curvature
48.37305760383606,0.8193383812904358,1.0,1.0,0.9991550445556641,curvature
48.41285061836243,0.8256861567497253,1.0,1.0,0.9931647777557373,curvature
48.45364499092102,0.8277409076690674,1.0,1.0,0.9874823689460754,curvature
48.49471426010132,0.8353068828582764,1.0,1.0,0.9839920997619629,curvature
48.53553628921509,0.8406351804733276,1.0,1.0,0.9809366464614868,curvature
48.57590365409851,0.8530165553092957,1.0,1.0,0.9757043719291687,curvature
48.61730623245239,0.8596004843711853,1.0,1.0,0.9736018180847168,curvature
48.65684962272644,0.866893470287323,1.0,1.0,0.9717915058135986,curvature
48.69677424430847,0.8711994886398315,1.0,1.0,0.9670641422271729,curvature
48.73885703086853,0.8752106428146362,1.0,1.0,0.9628147482872009,curvature
48.7783944606781,0.8855592608451843,1.0,1.0,0.9581713676452637,curvature
48.8196017742157,0.8921695351600647,1.0,1.0,0.9577664136886597,curvature
48.86001634597778,0.8982743620872498,1.0,1.0,0.9575536847114563,curvature
48.899982929229736,0.9043471217155457,1.0,1.0,0.9575685262680054,curvature
48.94132709503174,0.9094399213790894,1.0,1.0,0.957805335521698,curvature
48.98128414154053,0.9201898574829102,1.0,1.0,0.9589055776596069,curvature
49.02234935760498,0.9247228503227234,1.0,1.0,0.9597437977790833,curvature
49.063669204711914,0.6096517443656921,0.4591163098812103,1.0,0.9607657194137573,preview
49.10387372970581,0.592136561870575,0.4591163098812103,1.0,0.9598060250282288,preview
49.144591331481934,0.5771020650863647,0.4591163098812103,1.0,0.959010660648346,preview
49.18411064147949,0.5894142389297485,0.4591163098812103,1.0,0.9602579474449158,preview
49.22391486167908,0.5923780798912048,0.4591163098812103,1.0,0.962550938129425,preview
49.26489877700806,0.5979000329971313,0.4591163098812103,1.0,0.9654553532600403,preview
49.30669450759888,0.6288241744041443,0.4591163098812103,1.0,0.9691451787948608,preview
49.347408056259155,0.6417516469955444,0.4591163098812103,1.0,0.9733696579933167,preview
49.38745093345642,0.723366916179657,0.4591163098812103,1.0,0.9834460616111755,preview
49.428776025772095,0.7474597096443176,0.4591163098812103,1.0,0.9888153672218323,preview
49.468839168548584,0.8350491523742676,0.4591163098812103,1.0,0.9942613840103149,preview
49.50898027420044,0.8208281397819519,0.4591163098812103,1.0,0.9927083253860474,preview
49.550894260406494,0.8029628992080688,0.4591163098812103,1.0,0.991187334060669,preview
49.59056043624878,0.876335859298706,0.4591163098812103,1.0,0.9945977330207825,preview
49.63179659843445,0.892657458782196,0.4591163098812103,1.0,0.9992966055870056,preview
49.67162585258484,0.9046461582183838,0.4591163098812103,1.0,1.0,preview
49.71309995651245,0.9771747589111328,0.4591163098812103,1.0,1.0,preview
49.75306153297424,0.9652478098869324,0.4591163098812103,1.0,1.0,preview
49.793421268463135,0.8623129725456238,0.4591163098812103,1.0,1.0,preview
49.83488488197327,0.8663345575332642,0.4591163098812103,1.0,1.0,preview
49.87474060058594,0.8759523034095764,0.4591163098812103,1.0,1.0,preview
49.91393566131592,0.888917863368988,0.4591163098812103,1.0,1.0,preview
49.954742670059204,0.8187540173530579,0.4591163098812103,1.0,1.0,preview
49.99577760696411,0.8399809002876282,0.4591163098812103,1.0,1.0,preview
50.036051511764526,0.8527560830116272,0.4591163098812103,1.0,1.0,preview
50.0766978263855,0.7944679856300354,0.4591163098812103,1.0,1.0,preview
50.11748719215393,0.8064075112342834,0.4591163098812103,1.0,1.0,preview
50.15839171409607,0.8213227391242981,0.4591163098812103,1.0,1.0,preview
50.198553800582886,0.7923490405082703,0.4591163098812103,1.0,1.0,preview
50.238667249679565,0.8080295920372009,0.4591163098812103,1.0,1.0,preview
50.27936363220215,0.8269445300102234,0.4591163098812103,1.0,1.0,preview
50.32006812095642,0.8415178060531616,0.4591163098812103,1.0,1.0,preview
50.360936403274536,0.8011862635612488,0.4591163098812103,1.0,1.0,preview
50.401317834854126,0.82464599609375,0.4591163098812103,1.0,1.0,preview
50.44184350967407,0.792841374874115,0.4591163098812103,1.0,1.0,preview
50.48332977294922,0.8058170676231384,0.4591163098812103,1.0,1.0,preview
50.52372694015503,0.8221817016601562,0.4591163098812103,1.0,1.0,preview
50.563918590545654,0.7964109182357788,0.4591163098812103,1.0,1.0,preview
50.60527729988098,0.7994622588157654,0.4591163098812103,1.0,1.0,preview
50.64511442184448,0.7895097136497498,0.4591163098812103,1.0,1.0,preview
50.68566155433655,0.7791140675544739,0.4591163098812103,1.0,1.0,preview
50.725078105926514,0.7646895051002502,0.4591163098812103,1.0,1.0,preview
50.76725888252258,0.7807981967926025,0.4591163098812103,1.0,1.0,preview
50.807225942611694,0.8148438930511475,0.4591163098812103,1.0,1.0,preview
50.847476959228516,0.7488547563552856,0.4591163098812103,1.0,1.0,preview
50.88757872581482,0.7619669437408447,0.4591163098812103,1.0,1.0,preview
50.9280104637146,0.7789076566696167,0.4591163098812103,1.0,1.0,preview
50.96988344192505,0.7257577776908875,0.4591163098812103,1.0,1.0,preview
51.01084113121033,0.7588534951210022,0.4591163098812103,1.0,1.0,preview
51.05098342895508,0.7155088186264038,0.4591163098812103,1.0,1.0,preview
51.09253120422363,0.7312221527099609,0.4591163098812103,1.0,1.0,preview
51.13235855102539,0.7495951056480408,0.4591163098812103,1.0,1.0,preview
51.17305135726929,0.715806782245636,0.4591163098812103,1.0,1.0,preview
51.212637424468994,0.8016273975372314,0.4591163098812103,1.0,1.0,preview
51.25393223762512,0.8765442967414856,0.4591163098812103,1.0,1.0,preview
51.29387712478638,0.8942636847496033,0.4591163098812103,1.0,1.0,preview
51.334479331970215,0.9055350422859192,0.4591163098812103,1.0,1.0,preview
51.37515306472778,0.9163445234298706,0.4591163098812103,1.0,1.0,preview
51.41520357131958,0.8769298791885376,0.4591163098812103,1.0,1.0,preview
51.45511174201965,0.8854153156280518,0.4591163098812103,1.0,1.0,preview
51.49662923812866,0.8954834938049316,0.4591163098812103,1.0,1.0,preview
51.53697681427002,0.8552696704864502,0.4591163098812103,1.0,1.0,preview
51.577770948410034,0.8642112612724304,0.4591163098812103,1.0,1.0,preview
51.618072271347046,0.8412488698959351,0.4591163098812103,1.0,1.0,preview
51.65886116027832,0.9236559867858887,0.8529685139656067,1.0,1.0,preview
51.69951009750366,0.927745521068573,0.8529685139656067,1.0,1.0,preview
51.73941969871521,0.928908109664917,0.8529685139656067,1.0,1.0,preview
51.78074526786804,0.9345557689666748,0.8529685139656067,1.0,1.0,preview
51.821736335754395,0.9652429819107056,0.8529685139656067,1.0,1.0,preview
51.86137056350708,0.9951156377792358,0.8529685139656067,1.0,1.0,preview
51.90216851234436,0.9801012277603149,0.8529685139656067,1.0,1.0,preview
51.94436812400818,0.9829301238059998,0.8529685139656067,1.0,1.0,preview
51.983253955841064,0.9841713905334473,0.8529685139656067,1.0,1.0,preview
52.023343324661255,0.988233208656311,0.8529685139656067,1.0,1.0,preview
52.06383967399597,0.9914059638977051,0.8529685139656067,1.0,1.0,preview
52.105560302734375,0.9943118691444397,0.8529685139656067,1.0,1.0,preview
52.14606761932373,0.9949438571929932,0.8529685139656067,1.0,1.0,preview
52.185856103897095,0.9974152445793152,0.8529685139656067,1.0,1.0,preview
52.22547960281372,0.9999052882194519,0.8529685139656067,1.0,1.0,preview
52.26662588119507,0.9977443218231201,0.8529685139656067,1.0,1.0,preview
52.308077573776245,0.9948447346687317,0.9205971956253052,1.0,1.0,preview
52.34851026535034,0.9934993982315063,0.9205971956253052,1.0,1.0,preview
52.38866686820984,0.9913672208786011,1.0,1.0,1.0,curvature
52.42885494232178,0.9839394688606262,1.0,1.0,1.0,curvature
52.471242904663086,0.9761177897453308,1.0,1.0,1.0,curvature
52.50985026359558,0.9698265790939331,1.0,1.0,1.0,curvature
52.55073809623718,0.9694178104400635,1.0,1.0,1.0,curvature
52.591269969940186,0.9708309769630432,1.0,1.0,1.0,curvature
52.63225746154785,0.9710238575935364,1.0,1.0,1.0,curvature
52.67297863960266,0.9724754691123962,1.0,1.0,1.0,curvature
52.71328115463257,0.9726835489273071,1.0,1.0,1.0,curvature
52.753942012786865,0.9741278886795044,1.0,1.0,1.0,curvature
52.79508948326111,0.9743897318840027,1.0,1.0,1.0,curvature
52.83485984802246,0.9760591387748718,1.0,1.0,1.0,curvature
52.87498950958252,0.9763864278793335,1.0,1.0,1.0,curvature
52.91533589363098,0.9776344299316406,1.0,1.0,1.0,curvature
52.95585870742798,0.9780523777008057,1.0,1.0,1.0,curvature
52.998366355895996,0.9792294502258301,1.0,1.0,1.0,curvature
53.037832260131836,0.9886969923973083,1.0,1.0,1.0,curvature
53.07839584350586,0.9979766011238098,1.0,1.0,1.0,curvature
53.11828136444092,0.9933167695999146,1.0,1.0,1.0,curvature
53.159335136413574,0.9931970834732056,1.0,1.0,1.0,curvature
53.201192140579224,0.9933991432189941,1.0,1.0,1.0,curvature
53.241297245025635,0.9942291378974915,1.0,1.0,1.0,curvature
53.28167176246643,0.9947636723518372,1.0,1.0,1.0,curvature
53.32127380371094,0.9950087070465088,1.0,1.0,1.0,curvature
53.362096548080444,0.9955531358718872,1.0,1.0,1.0,curvature
53.40289568901062,0.9960987567901611,1.0,1.0,1.0,curvature
53.44225192070007,0.9887334704399109,1.0,1.0,1.0,curvature
53.48314619064331,0.9750144481658936,1.0,1.0,1.0,curvature
53.52336883544922,0.9610905647277832,1.0,1.0,1.0,curvature
53.56399607658386,0.9617336392402649,1.0,1.0,1.0,curvature
53.605483531951904,0.9635337591171265,1.0,1.0,1.0,curvature
53.64610433578491,0.9665878415107727,1.0,1.0,1.0,curvature
53.6870391368866,0.9678177237510681,1.0,1.0,1.0,curvature
53.727391958236694,0.9690207839012146,1.0,1.0,1.0,curvature
53.767903566360474,0.9676177501678467,1.0,1.0,1.0,curvature
53.80886650085449,0.9656872749328613,1.0,1.0,1.0,curvature
53.84980630874634,0.9654313921928406,1.0,1.0,1.0,curvature
53.889941930770874,0.9667951464653015,1.0,1.0,1.0,curvature
53.930187940597534,0.9685596227645874,1.0,1.0,1.0,curvature
53.97072219848633,0.970061182975769,1.0,1.0,1.0,curvature
54.01068663597107,0.9716652631759644,1.0,1.0,1.0,curvature
54.050660848617554,0.9884678721427917,1.0,1.0,1.0,curvature
54.09056878089905,0.9960167407989502,1.0,1.0,1.0,curvature
54.1318621635437,0.9818527102470398,1.0,1.0,1.0,curvature
54.172335624694824,0.9783706068992615,0.9243226051330566,1.0,1.0,preview
54.213316679000854,0.979156494140625,0.9243226051330566,1.0,1.0,preview
54.25345158576965,0.9773927927017212,0.859293520450592,1.0,1.0,preview
54.29343605041504,0.977616012096405,0.859293520450592,1.0,1.0,preview
54.33516788482666,0.9788452386856079,0.859293520450592,1.0,1.0,preview
54.37635922431946,0.9979461431503296,0.859293520450592,1.0,1.0,preview
54.41654849052429,0.9742416739463806,0.859293520450592,1.0,1.0,preview
54.4567449092865,0.9524636268615723,0.859293520450592,1.0,1.0,preview
54.49671769142151,0.9545531868934631,0.859293520450592,1.0,1.0,preview
54.53699326515198,0.956510603427887,0.859293520450592,1.0,1.0,preview
54.57737183570862,0.9592464566230774,0.859293520450592,1.0,1.0,preview
54.6189661026001,0.9613601565361023,0.859293520450592,1.0,1.0,preview
54.65926384925842,0.9733006358146667,0.859293520450592,1.0,1.0,preview
54.69978737831116,0.9890832304954529,0.859293520450592,1.0,1.0,preview
54.74009585380554,0.9981486797332764,0.859293520450592,1.0,1.0,preview
54.78002142906189,0.9969176054000854,0.859293520450592,1.0,1.0,preview
54.82181262969971,0.9925075173377991,0.859293520450592,1.0,1.0,preview
54.861215591430664,0.9886958599090576,0.859293520450592,1.0,1.0,preview
54.90320038795471,0.9850852489471436,0.859293520450592,1.0,1.0,preview
54.94479441642761,0.9817715883255005,0.859293520450592,1.0,1.0,preview
54.98481035232544,0.965035080909729,0.859293520450592,1.0,1.0,preview
55.024893045425415,0.9491738677024841,0.859293520450592,1.0,1.0,preview
55.06470823287964,0.93647301197052,0.859293520450592,1.0,1.0,preview
55.106736183166504,0.9353323578834534,0.859293520450592,1.0,1.0,preview
55.14647459983826,0.9349454641342163,0.859293520450592,1.0,1.0,preview
55.18514156341553,0.9350355863571167,0.859293520450592,1.0,1.0,preview
55.22688150405884,0.9387007355690002,0.859293520450592,1.0,1.0,preview
55.268022537231445,0.94093257188797,0.859293520450592,1.0,1.0,preview
55.307937145233154,0.9427726864814758,0.859293520450592,1.0,1.0,preview
55.34848117828369,0.9447239637374878,0.859293520450592,1.0,1.0,preview
55.390329360961914,0.9454185366630554,0.859293520450592,1.0,1.0,preview
55.43132042884827,0.9487221240997314,0.859293520450592,1.0,1.0,preview
55.47106432914734,0.95042884349823,0.859293520450592,1.0,1.0,preview
55.51062631607056,0.9535027742385864,0.859293520450592,1.0,1.0,preview
55.5519118309021,0.9543353319168091,0.859293520450592,1.0,1.0,preview
55.591999769210815,0.9551939964294434,0.859293520450592,1.0,1.0,preview
55.632951736450195,0.9561138153076172,0.859293520450592,1.0,1.0,preview
55.673014402389526,0.9603578448295593,1.0,1.0,1.0,curvature
55.71403384208679,0.9561007022857666,1.0,1.0,1.0,curvature
55.75419068336487,0.9512445330619812,1.0,1.0,1.0,curvature
55.795310497283936,0.9522984027862549,1.0,1.0,1.0,curvature
55.83624863624573,0.9546867609024048,1.0,1.0,1.0,curvature
55.87628674507141,0.957488477230072,1.0,1.0,1.0,curvature
55.917136430740356,0.9589493870735168,1.0,1.0,1.0,curvature
55.95729947090149,0.9611353278160095,1.0,1.0,1.0,curvature
55.99839901924133,0.9625833630561829,1.0,1.0,1.0,curvature
56.03963255882263,0.9639573693275452,1.0,1.0,1.0,curvature
56.07918739318848,0.9703769087791443,1.0,1.0,1.0,curvature
56.119469165802,0.9746518731117249,1.0,1.0,1.0,curvature
56.15973615646362,0.9789090156555176,1.0,1.0,1.0,curvature
56.199830532073975,0.980326235294342,1.0,1.0,1.0,curvature
56.241560220718384,0.9812593460083008,1.0,1.0,1.0,curvature
56.2810742855072,0.9829573631286621,1.0,1.0,1.0,curvature
56.3214430809021,0.9839166402816772,1.0,1.0,1.0,curvature
56.36261248588562,0.9846827387809753,1.0,1.0,1.0,curvature
56.40248107910156,0.9854726195335388,1.0,1.0,1.0,curvature
56.44391226768494,0.9862364530563354,1.0,1.0,1.0,curvature
56.4845016002655,0.980607807636261,1.0,1.0,1.0,curvature
56.52465081214905,0.9744967222213745,1.0,1.0,1.0,curvature
56.56525373458862,0.9688811898231506,1.0,1.0,1.0,curvature
56.60510516166687,0.96988445520401,1.0,1.0,1.0,curvature
56.64652919769287,0.9709600210189819,1.0,1.0,1.0,curvature
56.68700575828552,0.9736602902412415,1.0,1.0,1.0,curvature
56.7275013923645,0.9750823974609375,1.0,1.0,1.0,curvature
56.7682671546936,0.9763272404670715,1.0,1.0,1.0,curvature
56.80909252166748,0.9776212573051453,1.0,1.0,1.0,curvature
56.84910249710083,0.9788765907287598,1.0,1.0,1.0,curvature
56.890122413635254,0.9849463701248169,1.0,1.0,1.0,curvature
56.931068897247314,0.9896997213363647,1.0,1.0,1.0,curvature
56.971555948257446,0.9944625496864319,1.0,1.0,1.0,curvature
57.01208281517029,0.9953543543815613,1.0,1.0,1.0,curvature
57.05244326591492,0.9957221150398254,1.0,1.0,1.0,curvature
57.093005418777466,0.9971833825111389,1.0,1.0,1.0,curvature
57.132763147354126,0.9974517822265625,1.0,1.0,1.0,curvature
57.17319989204407,0.9980798363685608,1.0,1.0,1.0,curvature
57.21245336532593,0.9904554486274719,1.0,1.0,1.0,curvature
57.25418782234192,0.8327091932296753,0.40442904829978943,1.0,1.0,preview
57.29554319381714,0.7881578803062439,0.40442904829978943,1.0,1.0,preview
57.335771799087524,0.7881091237068176,0.40442904829978943,1.0,1.0,preview
57.37635087966919,0.8043674230575562,0.40442904829978943,1.0,1.0,preview
57.41723346710205,0.8201223015785217,0.40442904829978943,1.0,1.0,preview
57.45727014541626,0.8450772762298584,0.40442904829978943,1.0,1.0,preview
57.49756646156311,0.8983858823776245,0.40442904829978943,1.0,1.0,preview
57.53773593902588,0.9628669023513794,0.40442904829978943,1.0,1.0,preview
57.57883358001709,0.994672954082489,0.40442904829978943,1.0,1.0,preview
57.61974501609802,0.9545864462852478,0.40442904829978943,1.0,1.0,preview
57.66013693809509,0.9515971541404724,0.40442904829978943,1.0,1.0,preview
57.70018172264099,0.9226905703544617,0.40442904829978943,1.0,1.0,preview
57.74050045013428,0.8954421877861023,0.40442904829978943,1.0,1.0,preview
57.781267404556274,0.8995264768600464,0.40442904829978943,1.0,1.0,preview
57.82252621650696,0.7861518859863281,0.40442904829978943,1.0,1.0,preview
57.86307764053345,0.7153167724609375,0.40442904829978943,1.0,1.0,preview
57.902984857559204,0.6576942801475525,0.40442904829978943,1.0,1.0,preview
57.94420313835144,0.6762174367904663,0.40442904829978943,1.0,1.0,preview
57.985921144485474,0.6971111297607422,0.40442904829978943,1.0,1.0,preview
58.025028228759766,0.7102260589599609,0.40442904829978943,1.0,1.0,preview
58.0668671131134,0.7315136790275574,0.40442904829978943,1.0,1.0,preview
58.10632801055908,0.7371618151664734,0.40442904829978943,1.0,1.0,preview
58.147632122039795,0.7246167659759521,0.40442904829978943,1.0,1.0,preview
58.18797540664673,0.7126461863517761,0.40442904829978943,1.0,1.0,preview
58.22816491127014,0.7317872643470764,0.40442904829978943,1.0,1.0,preview
58.26790952682495,0.7518519759178162,0.40442904829978943,1.0,1.0,preview
58.30947923660278,0.8037749528884888,0.40442904829978943,1.0,1.0,preview
58.34882950782776,0.8226513862609863,0.40442904829978943,1.0,1.0,preview
58.3897123336792,0.8574177026748657,0.40442904829978943,1.0,1.0,preview
58.4311101436615,0.9029821157455444,0.40442904829978943,1.0,1.0,preview
58.47185015678406,0.9492270946502686,0.40442904829978943,1.0,1.0,preview
58.511502504348755,0.9583039879798889,0.40442904829978943,1.0,1.0,preview
58.55182099342346,0.9547937512397766,0.40442904829978943,1.0,1.0,preview
58.59217691421509,0.9200350046157837,0.40442904829978943,1.0,1.0,preview
58.63400149345398,0.9241860508918762,0.40442904829978943,1.0,1.0,preview
58.67436146736145,0.9296402931213379,0.40442904829978943,1.0,1.0,preview
58.7138774394989,0.9078588485717773,0.40442904829978943,1.0,1.0,preview
58.755873680114746,0.9136459231376648,0.40442904829978943,1.0,1.0,preview
58.79620909690857,0.8906040191650391,0.40442904829978943,1.0,1.0,preview
58.837011098861694,0.8983482122421265,0.40442904829978943,1.0,1.0,preview
58.87754940986633,0.9070616364479065,0.40442904829978943,1.0,1.0,preview
58.91818594932556,0.8689889907836914,0.40442904829978943,1.0,1.0,preview
58.957951068878174,0.8500758409500122,0.40442904829978943,1.0,1.0,preview
58.99872136116028,0.8350813388824463,0.40442904829978943,1.0,1.0,preview
59.03863549232483,0.8254886269569397,0.40442904829978943,1.0,1.0,preview
59.07953357696533,0.8382466435432434,0.40442904829978943,1.0,1.0,preview
59.12047791481018,0.7492076754570007,0.40442904829978943,1.0,0.8503203392028809,preview
59.160362005233765,0.5429459810256958,0.40442904829978943,1.0,0.859873354434967,preview
59.2013041973114,0.5434449315071106,0.40442904829978943,1.0,0.8696482181549072,preview
59.242393255233765,0.5263158082962036,0.40442904829978943,1.0,0.8799517154693604,preview
59.28257942199707,0.5263158082962036,0.40442904829978943,1.0,0.8901743292808533,preview
59.32198977470398,0.5263158082962036,0.40442904829978943,1.0,0.9115711450576782,preview
59.3634307384491,0.5263158082962036,0.40442904829978943,1.0,0.9224071502685547,preview
59.403926372528076,0.5263158082962036,0.40442904829978943,1.0,0.9334291815757751,preview
59.44473171234131,0.5263158082962036,0.40442904829978943,1.0,0.9449738264083862,preview
59.48544931411743,0.5263158082962036,0.40442904829978943,1.0,0.9563538432121277,preview
59.525771141052246,0.5263158082962036,0.40442904829978943,1.0,0.9799666404724121,preview
59.56670427322388,0.5263158082962036,0.40442904829978943,1.0,0.9918298721313477,preview
59.60760188102722,0.5263158082962036,0.40442904829978943,1.0,1.0,preview
59.64832401275635,0.5263158082962036,0.40442904829978943,1.0,1.0,preview
59.68961954116821,0.5263158082962036,0.40442904829978943,1.0,1.0,preview
59.72948741912842,0.5263158082962036,0.40442904829978943,1.0,1.0,preview
59.77004528045654,0.5263158082962036,0.40442904829978943,1.0,1.0,preview
59.809905767440796,0.5263158082962036,0.40442904829978943,1.0,1.0,preview
59.85073804855347,0.5477098226547241,1.0,1.0,1.0,curvature
59.89144229888916,0.5483598709106445,1.0,1.0,1.0,curvature
59.93168067932129,0.5698036551475525,1.0,1.0,1.0,curvature
59.971242904663086,0.5715290904045105,1.0,1.0,1.0,curvature
60.011892557144165,0.5740272998809814,1.0,1.0,1.0,curvature
60.05212736129761,0.5899914503097534,1.0,1.0,1.0,curvature
60.09276533126831,0.5935717225074768,1.0,1.0,1.0,curvature
60.133385181427,0.6154279708862305,1.0,1.0,1.0,curvature
60.174638986587524,0.6185165643692017,1.0,1.0,1.0,curvature
60.21460151672363,0.6273130178451538,1.0,1.0,1.0,curvature
60.25537896156311,0.6380504965782166,1.0,1.0,1.0,curvature
60.29702806472778,0.6388653516769409,1.0,1.0,1.0,curvature
60.33647537231445,0.656140923500061,1.0,1.0,1.0,curvature
60.377362966537476,0.6602118015289307,1.0,1.0,1.0,curvature
60.41899275779724,0.6701065897941589,1.0,1.0,1.0,curvature
60.45935034751892,0.6729834675788879,1.0,1.0,0.9918102622032166,curvature
60.49991774559021,0.6824515461921692,1.0,1.0,0.9832701683044434,curvature
60.53967642784119,0.6952855587005615,1.0,1.0,0.9675350785255432,curvature
60.57986259460449,0.7005301117897034,1.0,1.0,0.9605464935302734,curvature
60.62080764770508,0.7108259797096252,1.0,1.0,0.9540292620658875,curvature
60.66146755218506,0.7177463173866272,1.0,1.0,0.942482590675354,curvature
60.702868700027466,0.7176533341407776,1.0,1.0,0.9318585991859436,curvature
60.74344444274902,0.7306659817695618,1.0,1.0,0.9167929291725159,curvature
60.78366208076477,0.7375388741493225,1.0,1.0,0.9123682379722595,curvature
60.82422423362732,0.7433858513832092,1.0,1.0,0.908331573009491,curvature
60.86434817314148,0.7536678314208984,1.0,1.0,0.9045610427856445,curvature
60.90668487548828,0.7608981728553772,1.0,1.0,0.9014395475387573,curvature
60.94493770599365,0.7815982699394226,1.0,1.0,0.9007324576377869,curvature
60.98580813407898,0.7988709211349487,1.0,1.0,0.9034521579742432,curvature
61.026429653167725,0.8131716847419739,1.0,1.0,0.9067023396492004,curvature
61.066410303115845,0.8223899006843567,1.0,1.0,0.9051914215087891,curvature
61.107847690582275,0.8316053152084351,1.0,1.0,0.9040317535400391,curvature
61.14778542518616,0.8470659255981445,1.0,1.0,0.9025306105613708,curvature
61.188114404678345,0.8562572002410889,1.0,1.0,0.9021998047828674,curvature
61.22891187667847,0.8646303415298462,1.0,1.0,0.9021312594413757,curvature
61.269853353500366,0.8620184659957886,1.0,1.0,0.8954601883888245,curvature
61.30960273742676,0.8586081266403198,1.0,1.0,0.8895605206489563,curvature
61.35157918930054,0.8618443608283997,1.0,1.0,0.884487509727478,curvature
61.39091873168945,0.8684566617012024,1.0,1.0,0.8850059509277344,curvature
61.431835889816284,0.876574695110321,1.0,1.0,0.8857588768005371,curvature
61.472718954086304,0.8837467432022095,1.0,1.0,0.8867745995521545,curvature
61.51389765739441,0.8919961452484131,1.0,1.0,0.8879955410957336,lateral_error
61.55368089675903,0.9049371480941772,1.0,1.0,0.8909485936164856,lateral_error
61.59480047225952,0.9119809865951538,1.0,1.0,0.8925957083702087,lateral_error
61.63420867919922,0.919009268283844,1.0,1.0,0.894407331943512,lateral_error
61.67605257034302,0.9238049387931824,1.0,1.0,0.8966644406318665,lateral_error
61.715903759002686,0.9313545823097229,1.0,1.0,0.8990362882614136,lateral_error
61.75688982009888,0.5263158082962036,0.38060930371284485,1.0,0.9043630957603455,preview
61.796613931655884,0.5263158082962036,0.38060930371284485,1.0,0.9072538614273071,preview
61.837419271469116,0.5263158082962036,0.38060930371284485,1.0,0.9103881120681763,preview
61.878679513931274,0.5263158082962036,0.38060930371284485,1.0,0.9139364361763,preview
61.91924285888672,0.5263158082962036,0.38060930371284485,1.0,0.917762815952301,preview
61.95893859863281,0.5263158082962036,0.38060930371284485,1.0,0.9242803454399109,preview
61.998597383499146,0.5263158082962036,0.38060930371284485,1.0,0.9269628524780273,preview
62.03973054885864,0.5263158082962036,0.38060930371284485,1.0,0.9301459193229675,preview
62.08069443702698,0.5263158082962036,0.38060930371284485,1.0,0.9366623163223267,preview
62.12156295776367,0.57258141040802,0.38060930371284485,1.0,0.9433645606040955,preview
62.16132950782776,0.7236424088478088,0.38060930371284485,1.0,0.957649827003479,preview
62.20222330093384,0.7602364420890808,0.38060930371284485,1.0,0.9647541642189026,preview
62.24236798286438,0.9521671533584595,0.38060930371284485,1.0,0.9717332124710083,preview
62.28475761413574,0.977258026599884,0.38060930371284485,1.0,0.9787346720695496,preview
62.32471442222595,0.9918866157531738,0.38060930371284485,1.0,0.9852504134178162,preview
62.36524224281311,0.7813571691513062,0.38060930371284485,1.0,1.0,preview
62.40562725067139,0.7497331500053406,0.38060930371284485,1.0,1.0,preview
62.44591021537781,0.7308550477027893,0.38060930371284485,1.0,1.0,preview
62.48670148849487,0.6400906443595886,0.38060930371284485,1.0,1.0,preview
62.527897357940674,0.6523720622062683,0.38060930371284485,1.0,1.0,preview
62.56865215301514,0.6083938479423523,0.38060930371284485,1.0,1.0,preview
62.608253955841064,0.6269764304161072,0.38060930371284485,1.0,1.0,preview
62.648378133773804,0.6492414474487305,0.38060930371284485,1.0,1.0,preview
62.688737630844116,0.6624870300292969,0.38060930371284485,1.0,1.0,preview
62.73038291931152,0.6024850606918335,0.38060930371284485,1.0,1.0,preview
62.770668029785156,0.634154200553894,0.38060930371284485,1.0,1.0,preview
62.8107054233551,0.6572840213775635,0.38060930371284485,1.0,1.0,preview
62.85149931907654,0.6197230219841003,0.38060930371284485,1.0,1.0,preview
62.89206862449646,0.6397790908813477,0.38060930371284485,1.0,1.0,preview
62.933204889297485,0.6628062129020691,0.38060930371284485,1.0,1.0,preview
62.97314381599426,0.6553921699523926,0.38060930371284485,1.0,1.0,preview
63.013909339904785,0.6765674948692322,0.38060930371284485,1.0,1.0,preview
63.05474042892456,0.6986945271492004,0.38060930371284485,1.0,1.0,preview
63.0947425365448,0.7316728830337524,0.38060930371284485,1.0,1.0,preview
63.13597249984741,0.7652445435523987,0.38060930371284485,1.0,1.0,preview
63.17616891860962,0.7716785073280334,0.38060930371284485,1.0,1.0,preview
63.21593737602234,0.7893348336219788,0.38060930371284485,1.0,1.0,preview
63.25623798370361,0.8066906332969666,0.38060930371284485,1.0,1.0,preview
63.296542167663574,0.8233519196510315,0.38060930371284485,1.0,1.0,preview
63.338425397872925,0.8002216815948486,0.38060930371284485,1.0,1.0,preview
63.3794424533844,0.8292316794395447,0.38060930371284485,1.0,1.0,preview
63.41987490653992,0.842734694480896,0.38060930371284485,1.0,1.0,preview
63.45981979370117,0.8241184949874878,0.38060930371284485,1.0,1.0,preview
63.500295639038086,0.8363943099975586,0.38060930371284485,1.0,1.0,preview
63.541807413101196,0.8488482236862183,0.38060930371284485,1.0,1.0,preview
63.580697774887085,0.8494814038276672,0.38060930371284485,1.0,1.0,preview
63.622365951538086,0.8616107702255249,0.38060930371284485,1.0,1.0,preview
63.6623113155365,0.8731493949890137,0.38060930371284485,1.0,1.0,preview
63.70360827445984,0.8839535117149353,0.38060930371284485,1.0,1.0,preview
63.74454927444458,0.8760919570922852,0.38060930371284485,1.0,1.0,preview
63.78510618209839,0.8959367871284485,0.38060930371284485,1.0,1.0,preview
63.82491707801819,0.9052436351776123,0.38060930371284485,1.0,1.0,preview
63.86577534675598,0.7729570865631104,0.38060930371284485,1.0,0.8595797419548035,preview
63.90661120414734,0.572172224521637,0.38060930371284485,1.0,0.8640133738517761,preview
63.94755220413208,0.5564273595809937,0.38060930371284485,1.0,0.8681605458259583,preview
63.987486362457275,0.5263158082962036,0.38060930371284485,1.0,0.8818292617797852,preview
64.02770590782166,0.5263158082962036,0.38060930371284485,1.0,0.8914108872413635,preview
64.06855726242065,0.5263158082962036,0.38060930371284485,1.0,0.9011613130569458,preview
64.10838508605957,0.5263158082962036,0.38060930371284485,1.0,0.9113746881484985,preview
64.14875817298889,0.5263158082962036,0.38060930371284485,1.0,0.9214417338371277,preview
64.18943572044373,0.5263158082962036,0.38060930371284485,1.0,0.942323625087738,preview
64.2308030128479,0.5263158082962036,0.38060930371284485,1.0,0.9528139233589172,preview
64.27045035362244,0.5263158082962036,0.38060930371284485,1.0,0.9634318947792053,preview
64.3118417263031,0.5263158082962036,0.38060930371284485,1.0,0.9744997024536133,preview
64.35245323181152,0.5263158082962036,0.38060930371284485,1.0,0.9853550791740417,preview
64.39320492744446,0.5263158082962036,0.38060930371284485,1.0,1.0,preview
64.43395853042603,0.5263158082962036,0.38060930371284485,1.0,1.0,preview
64.47422194480896,0.5263158082962036,0.38060930371284485,1.0,1.0,preview
64.51504588127136,0.5263158082962036,0.38060930371284485,1.0,1.0,preview
64.5555670261383,0.5263158082962036,0.38060930371284485,1.0,1.0,preview
64.59510564804077,0.5263158082962036,0.38060930371284485,1.0,1.0,preview
64.63472247123718,0.5514635443687439,1.0,1.0,1.0,curvature
64.67541265487671,0.573029100894928,1.0,1.0,1.0,curvature
64.71646547317505,0.5771791934967041,1.0,1.0,1.0,curvature
64.75803828239441,0.5815346837043762,1.0,1.0,1.0,curvature
64.79829049110413,0.5935621857643127,1.0,1.0,1.0,curvature
64.83942532539368,0.609624445438385,1.0,1.0,1.0,curvature
64.87979006767273,0.615609347820282,1.0,1.0,1.0,curvature
64.92081212997437,0.6222624778747559,1.0,1.0,1.0,curvature
64.96072697639465,0.638206958770752,1.0,1.0,1.0,curvature
65.00120782852173,0.6453869342803955,1.0,1.0,1.0,curvature
65.04161429405212,0.6573352813720703,1.0,1.0,1.0,curvature
65.08288526535034,0.6612429022789001,1.0,1.0,1.0,curvature
65.12243056297302,0.6712331175804138,1.0,1.0,1.0,curvature
65.16336607933044,0.6752298474311829,1.0,1.0,1.0,curvature
65.20304417610168,0.6873681545257568,1.0,1.0,1.0,curvature
65.24389266967773,0.6993806958198547,1.0,1.0,1.0,curvature
65.28496313095093,0.7048894166946411,1.0,1.0,0.9950882196426392,curvature
65.32484245300293,0.7145240306854248,1.0,1.0,0.9937971234321594,curvature
65.36590385437012,0.7312049269676208,1.0,1.0,0.993307888507843,curvature
65.4064474105835,0.7489926815032959,1.0,1.0,0.9872027635574341,curvature
65.44821619987488,0.757217526435852,1.0,1.0,0.9814165830612183,curvature
65.4880428314209,0.7675910592079163,1.0,1.0,0.9760451316833496,curvature
65.52897000312805,0.7742986679077148,1.0,1.0,0.9709229469299316,curvature
65.56999039649963,0.7803638577461243,1.0,1.0,0.966332197189331,curvature
65.61027073860168,0.7969262599945068,1.0,1.0,0.9592956900596619,curvature
65.65026497840881,0.8069855570793152,1.0,1.0,0.9570409655570984,curvature
65.69023394584656,0.8182857632637024,1.0,1.0,0.9552386999130249,curvature
65.73095870018005,0.8256640434265137,1.0,1.0,0.9524442553520203,curvature
65.77228093147278,0.8323728442192078,1.0,1.0,0.950047492980957,curvature
65.81208205223083,0.846839964389801,1.0,1.0,0.9461292028427124,curvature
65.85300040245056,0.8548761606216431,1.0,1.0,0.9446536898612976,curvature
65.89435172080994,0.861763060092926,1.0,1.0,0.9434592127799988,curvature
65.9345965385437,0.8629567623138428,1.0,1.0,0.9365339875221252,curvature
65.975417137146,0.8638738393783569,1.0,1.0,0.930132269859314,curvature
66.0151379108429,0.8702596426010132,1.0,1.0,0.9236399531364441,curvature
66.0555431842804,0.8771528601646423,1.0,1.0,0.9235454797744751,curvature
66.0957555770874,0.8838213682174683,1.0,1.0,0.9236485958099365,curvature
66.136723279953,0.8907868266105652,1.0,1.0,0.9239990711212158,curvature
66.1773796081543,0.8975895047187805,1.0,1.0,0.924572765827179,curvature
66.21841311454773,0.9136695265769958,1.0,1.0,0.92730313539505,curvature
66.25901365280151,0.922163188457489,1.0,1.0,0.9297387599945068,curvature
66.29844999313354,0.9318719506263733,1.0,1.0,0.9327124953269958,curvature
66.34013032913208,0.9378803372383118,1.0,1.0,0.9346452951431274,lateral_error
66.38002729415894,0.9435652494430542,1.0,1.0,0.9366964101791382,lateral_error
66.42050433158875,0.9522972702980042,1.0,1.0,0.9413259625434875,lateral_error
66.46056532859802,0.9574949145317078,1.0,1.0,0.9438145160675049,lateral_error
66.50203132629395,0.9626677632331848,1.0,1.0,0.9464266300201416,lateral_error
66.54243230819702,0.9650275111198425,1.0,1.0,0.949233889579773,lateral_error
66.58321285247803,0.9699294567108154,1.0,1.0,0.9520679712295532,lateral_error
66.62370467185974,0.9742074608802795,1.0,1.0,0.9565720558166504,lateral_error
66.66302394866943,0.976375937461853,1.0,1.0,0.9581089019775391,lateral_error
66.70410776138306,0.9755038619041443,1.0,1.0,0.9596472978591919,lateral_error
66.74480986595154,0.9797781705856323,1.0,1.0,0.9627680778503418,lateral_error
66.78621745109558,0.9841042757034302,1.0,1.0,0.9658681154251099,lateral_error
66.8271369934082,0.9926083087921143,1.0,1.0,0.9723618626594543,lateral_error
66.86731696128845,0.9932449460029602,1.0,1.0,0.9756466746330261,lateral_error
66.90782165527344,0.9969249963760376,1.0,1.0,0.9789787530899048,lateral_error
66.94786548614502,0.9994019269943237,1.0,1.0,0.9824556708335876,lateral_error
66.9887969493866,0.9957691431045532,1.0,1.0,0.9858704209327698,lateral_error
67.02961254119873,0.9949248433113098,1.0,1.0,0.9899886250495911,lateral_error
67.06999087333679,0.9942676424980164,1.0,1.0,0.9906007051467896,lateral_error
67.11111044883728,0.9969161152839661,1.0,1.0,0.9911710023880005,lateral_error
67.15094041824341,0.9939694404602051,1.0,1.0,0.994682252407074,curvature
67.19201946258545,0.9909470677375793,1.0,1.0,0.9981076121330261,curvature
67.23166251182556,0.9883509278297424,1.0,1.0,1.0,curvature
67.27317929267883,0.9857175946235657,1.0,1.0,1.0,curvature
67.31272101402283,0.983215868473053,1.0,1.0,1.0,curvature
67.35416173934937,0.7546213269233704,0.40442904829978943,1.0,1.0,preview
67.39419174194336,0.7586008310317993,0.40442904829978943,1.0,1.0,preview
67.43530130386353,0.8207553625106812,0.40442904829978943,1.0,1.0,preview
67.47480583190918,0.8284724950790405,0.40442904829978943,1.0,1.0,preview
67.51536798477173,0.8744770884513855,0.40442904829978943,1.0,1.0,preview
67.55681252479553,0.8896268010139465,0.40442904829978943,1.0,1.0,preview
67.59753131866455,0.8965826630592346,0.40442904829978943,1.0,1.0,preview
67.63743138313293,0.9667602181434631,0.40442904829978943,1.0,1.0,preview
67.67765474319458,0.9584134817123413,0.40442904829978943,1.0,1.0,preview
67.71941041946411,0.9604610204696655,0.40442904829978943,1.0,1.0,preview
67.75992512702942,0.8970751166343689,0.40442904829978943,1.0,1.0,preview
67.80004954338074,0.8998513221740723,0.40442904829978943,1.0,1.0,preview
67.83941674232483,0.8562079668045044,0.40442904829978943,1.0,1.0,preview
67.8813910484314,0.8123604655265808,0.40442904829978943,1.0,1.0,preview
67.92141795158386,0.8220593929290771,0.40442904829978943,1.0,1.0,preview
67.9613926410675,0.8347222208976746,0.40442904829978943,1.0,1.0,preview
68.00285935401917,0.799875020980835,0.40442904829978943,1.0,1.0,preview
68.04296588897705,0.7819375991821289,0.40442904829978943,1.0,1.0,preview
68.08382511138916,0.7964274883270264,0.40442904829978943,1.0,1.0,preview
68.12419605255127,0.8120179176330566,0.40442904829978943,1.0,1.0,preview
68.16404104232788,0.7920610904693604,0.40442904829978943,1.0,1.0,preview
68.20604372024536,0.8065750002861023,0.40442904829978943,1.0,1.0,preview
68.24619960784912,0.8161410689353943,0.40442904829978943,1.0,1.0,preview
68.28685426712036,0.8406584858894348,0.40442904829978943,1.0,1.0,preview
68.32730984687805,0.8647429347038269,0.40442904829978943,1.0,1.0,preview
68.36790084838867,0.8479388952255249,0.40442904829978943,1.0,1.0,preview
68.40828323364258,0.8599264621734619,0.40442904829978943,1.0,1.0,preview
68.44851183891296,0.857123076915741,0.40442904829978943,1.0,1.0,preview
68.48978185653687,0.8689684867858887,0.40442904829978943,1.0,1.0,preview
68.53024363517761,0.8802894949913025,0.40442904829978943,1.0,1.0,preview
68.57069182395935,0.9374353289604187,0.40442904829978943,1.0,1.0,preview
68.61108446121216,0.9740567803382874,0.40442904829978943,1.0,1.0,preview
68.65223288536072,0.912458598613739,0.40442904829978943,1.0,1.0,preview
68.69288849830627,0.915027379989624,0.40442904829978943,1.0,1.0,preview
68.73337054252625,0.9212020039558411,0.40442904829978943,1.0,1.0,preview
68.77385544776917,0.9473176002502441,0.40442904829978943,1.0,1.0,preview
68.81401681900024,0.9541638493537903,0.40442904829978943,1.0,1.0,preview
68.85376024246216,0.9871469736099243,0.40442904829978943,1.0,1.0,preview
68.8942642211914,0.9904694557189941,0.40442904829978943,1.0,1.0,preview
68.93513512611389,0.9916713833808899,0.40442904829978943,1.0,1.0,preview
68.97664880752563,0.9826240539550781,0.40442904829978943,1.0,1.0,preview
69.01763200759888,0.9815102219581604,0.40442904829978943,1.0,1.0,preview
69.05739235877991,0.9253053665161133,0.40442904829978943,1.0,1.0,preview
69.09871578216553,0.867807924747467,0.40442904829978943,1.0,1.0,preview
69.13812398910522,0.806528627872467,0.40442904829978943,1.0,1.0,preview
69.1784508228302,0.8177872896194458,0.40442904829978943,1.0,1.0,preview
69.21876502037048,0.8312597870826721,0.40442904829978943,1.0,1.0,preview
69.26006722450256,0.9675139784812927,0.40442904829978943,1.0,1.0,preview
69.29950642585754,0.89308100938797,0.40442904829978943,1.0,1.0,preview
69.3404791355133,0.8900615572929382,0.40442904829978943,1.0,1.0,preview
69.38202929496765,0.8997243046760559,0.40442904829978943,1.0,1.0,preview
69.42297315597534,0.8090217709541321,0.40442904829978943,1.0,1.0,preview
69.4631097316742,0.8214976787567139,0.40442904829978943,1.0,1.0,preview
69.50337934494019,0.753819465637207,0.40442904829978943,1.0,1.0,preview
69.54408645629883,0.7646490931510925,0.40442904829978943,1.0,1.0,preview
69.58485579490662,0.780916154384613,0.40442904829978943,1.0,1.0,preview
69.62631559371948,0.7268725037574768,0.40442904829978943,1.0,1.0,preview
69.66640520095825,0.7586200833320618,0.40442904829978943,1.0,1.0,preview
69.70620918273926,0.7163408398628235,0.40442904829978943,1.0,1.0,preview
69.74658966064453,0.732568621635437,0.40442904829978943,1.0,1.0,preview
69.78730082511902,0.8451740145683289,0.40442904829978943,1.0,1.0,preview
69.82796478271484,0.9007458090782166,0.40442904829978943,1.0,1.0,preview
69.86820316314697,0.9678089022636414,0.40442904829978943,1.0,1.0,preview
69.90856599807739,0.9793820977210999,0.40442904829978943,1.0,1.0,preview
69.94865584373474,0.9861151576042175,0.40442904829978943,1.0,1.0,preview
69.99072647094727,0.8729683756828308,0.9769176244735718,1.0,1.0,curvature
70.03084659576416,0.8679207563400269,0.9769176244735718,1.0,1.0,curvature
70.07161211967468,0.869533121585846,0.9769176244735718,1.0,1.0,curvature
70.11114692687988,0.8782098889350891,0.9769176244735718,1.0,1.0,curvature
70.15243339538574,0.8777494430541992,0.9769176244735718,1.0,1.0,curvature
70.19240641593933,0.8778526186943054,0.9769176244735718,1.0,1.0,curvature
70.2329113483429,0.8857251405715942,0.9769176244735718,1.0,1.0,curvature
70.27405428886414,0.8907678127288818,0.9769176244735718,1.0,1.0,curvature
70.31432962417603,0.8917819857597351,0.9769176244735718,1.0,1.0,curvature
70.3547112941742,0.8932007551193237,0.9769176244735718,1.0,1.0,curvature
70.39483213424683,0.9008193612098694,0.9769176244735718,1.0,1.0,curvature
70.43617343902588,0.9026228785514832,0.9769176244735718,1.0,1.0,curvature
70.47654747962952,0.9104623794555664,0.9769176244735718,1.0,1.0,curvature
70.51673913002014,0.9184955358505249,0.9769176244735718,1.0,1.0,curvature
70.55750179290771,0.9217805862426758,0.9769176244735718,1.0,1.0,curvature
70.59845018386841,0.9238631725311279,0.9769176244735718,1.0,1.0,curvature
70.6393792629242,0.9296755790710449,0.9769176244735718,1.0,1.0,curvature
70.67976140975952,0.9321739077568054,0.9769176244735718,1.0,1.0,curvature
70.7201657295227,0.9338948726654053,0.9769176244735718,1.0,1.0,curvature
70.76092028617859,0.9373787641525269,0.9769176244735718,1.0,1.0,curvature
70.80066752433777,0.938001275062561,0.9769176244735718,1.0,1.0,curvature
70.84221720695496,0.9412264823913574,0.9769176244735718,1.0,1.0,curvature
70.88327860832214,0.9451374411582947,0.9769176244735718,1.0,1.0,curvature
70.92383217811584,0.9459004402160645,0.9769176244735718,1.0,1.0,curvature
70.96413326263428,0.9483487606048584,0.9896077513694763,1.0,1.0,curvature
71.00424718856812,0.9511197209358215,0.9896077513694763,1.0,1.0,curvature
71.04561471939087,0.9531656503677368,1.0,1.0,1.0,curvature
71.08577036857605,0.9549372792243958,1.0,1.0,1.0,curvature
71.12663960456848,0.9573434591293335,1.0,1.0,1.0,curvature
71.1672248840332,0.9582747220993042,1.0,1.0,1.0,curvature
71.20720911026001,0.9619719386100769,1.0,1.0,1.0,curvature
71.24740147590637,0.9642789959907532,1.0,1.0,1.0,curvature
71.28770923614502,0.9685319662094116,1.0,1.0,1.0,curvature
71.32898831367493,0.9693864583969116,1.0,1.0,1.0,curvature
71.36913752555847,0.9710389971733093,1.0,1.0,1.0,curvature
71.40951776504517,0.9717960953712463,1.0,1.0,1.0,curvature
71.45038199424744,0.9725369811058044,1.0,1.0,1.0,curvature
71.49016165733337,0.9748427867889404,1.0,1.0,1.0,curvature
71.53143310546875,0.9762800335884094,1.0,1.0,1.0,curvature
71.5719084739685,0.9770753979682922,1.0,1.0,1.0,curvature
71.61170244216919,0.9778758883476257,1.0,1.0,1.0,curvature
71.65390348434448,0.9791048765182495,1.0,1.0,1.0,curvature
71.69311451911926,0.9773387908935547,1.0,1.0,1.0,curvature
71.73350548744202,0.9746273756027222,1.0,1.0,1.0,curvature
71.77440690994263,0.971939206123352,1.0,1.0,1.0,curvature
71.8153784275055,0.9729828238487244,1.0,1.0,1.0,curvature
71.85646271705627,0.9743483066558838,1.0,1.0,1.0,curvature
71.89656496047974,0.9768747091293335,1.0,1.0,1.0,curvature
71.93775939941406,0.9780751466751099,1.0,1.0,1.0,curvature
71.97855186462402,0.9792686104774475,1.0,1.0,1.0,curvature
72.0187349319458,0.9733520150184631,1.0,1.0,1.0,curvature
72.05933022499084,0.9674461483955383,1.0,1.0,1.0,curvature
72.09949374198914,0.9630016088485718,1.0,1.0,1.0,curvature
72.14073324203491,0.9646624326705933,1.0,1.0,1.0,curvature
72.1800446510315,0.9664953947067261,1.0,1.0,1.0,curvature
72.22026324272156,0.968435525894165,1.0,1.0,1.0,curvature
72.26206803321838,0.9703674912452698,1.0,1.0,1.0,curvature
72.30265164375305,0.9765124917030334,1.0,1.0,1.0,curvature
72.34343075752258,0.9808307886123657,1.0,1.0,1.0,curvature
72.38367986679077,0.9849817156791687,1.0,1.0,1.0,curvature
72.4245343208313,0.9864343404769897,1.0,1.0,1.0,curvature
72.46428155899048,0.9877944588661194,1.0,1.0,1.0,curvature
72.5056688785553,0.9899183511734009,1.0,1.0,1.0,curvature
72.54559993743896,0.9911602139472961,1.0,1.0,1.0,curvature
72.58643865585327,0.9923446774482727,1.0,1.0,1.0,curvature
72.62591075897217,0.989759087562561,1.0,1.0,1.0,curvature
72.66673398017883,0.9876973628997803,1.0,1.0,1.0,curvature
72.70838737487793,0.986531138420105,1.0,1.0,1.0,curvature
72.74813985824585,0.987642228603363,1.0,1.0,1.0,curvature
72.78943395614624,0.9888539910316467,1.0,1.0,1.0,curvature
72.82964372634888,0.9895064830780029,1.0,1.0,1.0,curvature
72.87252974510193,0.9906431436538696,1.0,1.0,1.0,curvature
72.91014552116394,0.9939935207366943,1.0,1.0,1.0,curvature
72.95116400718689,0.9961903691291809,1.0,1.0,1.0,curvature
72.99164628982544,0.9982936382293701,1.0,1.0,1.0,curvature
73.03279376029968,0.9985268712043762,1.0,1.0,1.0,curvature
73.07231044769287,0.9994637966156006,1.0,1.0,1.0,curvature
73.1135323047638,0.9987298846244812,1.0,1.0,1.0,curvature
73.1539375782013,0.9986725449562073,1.0,1.0,1.0,curvature
73.19534730911255,0.9978640675544739,1.0,1.0,1.0,curvature
73.23520159721375,0.9900968670845032,1.0,1.0,1.0,curvature
73.27589106559753,0.9826444387435913,1.0,1.0,1.0,curvature
73.3162612915039,0.9685174226760864,0.7491130232810974,1.0,1.0,preview
73.35751914978027,0.9608404636383057,0.5988654494285583,1.0,1.0,preview
73.39771246910095,0.9609220027923584,0.5988654494285583,1.0,1.0,preview
73.43767428398132,0.9631471037864685,0.5988654494285583,1.0,1.0,preview
73.47964763641357,0.9603759050369263,0.5988654494285583,1.0,1.0,preview
73.5192379951477,0.9681364297866821,0.5988654494285583,1.0,1.0,preview
73.55949068069458,0.9705570340156555,0.5988654494285583,1.0,1.0,preview
73.60034918785095,0.9771955609321594,0.5988654494285583,1.0,1.0,preview
73.64099025726318,0.9764193296432495,0.5988654494285583,1.0,1.0,preview
73.68085551261902,0.9754640460014343,0.5988654494285583,1.0,1.0,preview
73.72209811210632,0.9766403436660767,0.5988654494285583,1.0,1.0,preview
73.76230645179749,0.9785861372947693,0.5988654494285583,1.0,1.0,preview
73.80313324928284,0.9779631495475769,0.5988654494285583,1.0,1.0,preview
73.84341216087341,0.9140529632568359,0.5988654494285583,1.0,1.0,preview
73.8846788406372,0.8584731817245483,0.5988654494285583,1.0,1.0,preview
73.92492127418518,0.8186925053596497,0.5988654494285583,1.0,1.0,preview
73.96499419212341,0.8279352188110352,0.5988654494285583,1.0,1.0,preview
74.00603580474854,0.8372349739074707,0.5988654494285583,1.0,1.0,preview
74.04519367218018,0.8491274118423462,0.5988654494285583,1.0,1.0,preview
74.08671808242798,0.8602036833763123,0.5988654494285583,1.0,1.0,preview
74.12667298316956,0.8977301120758057,0.5988654494285583,1.0,1.0,preview
74.1674816608429,0.9218736886978149,0.5988654494285583,1.0,1.0,preview
74.20804023742676,0.9486190676689148,0.5988654494285583,1.0,1.0,preview
74.24949955940247,0.9542508125305176,0.5988654494285583,1.0,1.0,preview
74.28996062278748,0.9634765982627869,0.5988654494285583,1.0,1.0,preview
74.32977151870728,0.9771339893341064,0.5988654494285583,1.0,1.0,preview
74.36987948417664,0.9804431200027466,0.5988654494285583,1.0,1.0,preview
74.41168355941772,0.9887588620185852,0.5988654494285583,1.0,1.0,preview
74.45150446891785,0.9903289675712585,0.5988654494285583,1.0,1.0,preview
74.49160361289978,0.9980331063270569,0.5988654494285583,1.0,1.0,preview
74.5317051410675,0.9621211886405945,0.5988654494285583,1.0,1.0,preview
74.57365345954895,0.9323449730873108,0.5988654494285583,1.0,1.0,preview
74.61361193656921,0.8990247249603271,0.5988654494285583,1.0,0.9929812550544739,preview
74.65339374542236,0.9038535952568054,0.5988654494285583,1.0,0.9989027380943298,preview
74.69520282745361,0.9045614004135132,0.5988654494285583,1.0,0.9655985236167908,preview
74.73539233207703,0.8708212375640869,0.5988654494285583,1.0,0.9785285592079163,preview
74.77598214149475,0.8769955039024353,0.5988654494285583,1.0,0.9849070906639099,preview
74.81657791137695,0.842965841293335,0.5988654494285583,1.0,0.991271436214447,preview
74.85759353637695,0.851366400718689,0.5988654494285583,1.0,0.9978098273277283,preview
74.89785814285278,0.8615610599517822,0.5988654494285583,1.0,1.0,preview
74.93890953063965,0.8419460654258728,0.5988654494285583,1.0,1.0,preview
74.97969174385071,0.8153344988822937,0.5988654494285583,1.0,1.0,preview
75.01962375640869,0.8249611258506775,0.5988654494285583,1.0,1.0,preview
75.06019639968872,0.8437460064888,0.5988654494285583,1.0,1.0,preview
75.1011061668396,0.8291444182395935,0.5988654494285583,1.0,1.0,preview
75.14214181900024,0.8275839686393738,0.5988654494285583,1.0,1.0,preview
75.18151545524597,0.8392466306686401,0.5988654494285583,1.0,1.0,preview
75.22192931175232,0.8508978486061096,0.5988654494285583,1.0,1.0,preview
75.26208806037903,0.8347153067588806,0.5988654494285583,1.0,1.0,preview
75.30371022224426,0.8450433015823364,0.5988654494285583,1.0,1.0,preview
75.34350228309631,0.8417461514472961,0.5988654494285583,1.0,1.0,preview
75.38426065444946,0.8523423075675964,0.5988654494285583,1.0,1.0,preview
75.42500495910645,0.8400038480758667,0.5988654494285583,1.0,1.0,preview
75.46640014648438,0.8502275347709656,0.5988654494285583,1.0,1.0,preview
75.5067789554596,0.8401393890380859,0.5988654494285583,1.0,1.0,preview
75.54760575294495,0.8671373724937439,0.7686474919319153,1.0,1.0,preview
75.58749604225159,0.8623147010803223,0.7686474919319153,1.0,1.0,preview
75.6288731098175,0.8973997235298157,1.0,1.0,1.0,curvature
75.66845846176147,0.9017912745475769,1.0,1.0,1.0,curvature
75.70949745178223,0.9056323766708374,1.0,1.0,1.0,curvature
75.7486047744751,0.9130768179893494,1.0,1.0,1.0,curvature
75.79007983207703,0.9162468910217285,1.0,1.0,1.0,curvature
75.8313946723938,0.922509491443634,1.0,1.0,1.0,curvature
75.87140655517578,0.9255656599998474,1.0,1.0,1.0,curvature
75.91297793388367,0.9285327196121216,1.0,1.0,1.0,curvature
75.95344090461731,0.9351996183395386,1.0,1.0,1.0,curvature
75.99325275421143,0.9378408193588257,1.0,1.0,1.0,curvature
76.03363251686096,0.9390947222709656,1.0,1.0,1.0,curvature
76.07470393180847,0.9357703924179077,1.0,1.0,1.0,curvature
76.11527132987976,0.9324455261230469,1.0,1.0,1.0,curvature
76.15539598464966,0.93067866563797,1.0,1.0,1.0,curvature
76.19569301605225,0.9324061274528503,1.0,1.0,1.0,curvature
76.23647451400757,0.9357578754425049,1.0,1.0,1.0,curvature
76.27724051475525,0.9378796219825745,1.0,1.0,1.0,curvature
76.31825971603394,0.9399631023406982,1.0,1.0,1.0,curvature
76.35926985740662,0.9453741312026978,1.0,1.0,1.0,curvature
76.3982412815094,0.9483665823936462,1.0,1.0,1.0,curvature
76.43854522705078,0.9505051374435425,1.0,1.0,1.0,curvature
76.4790587425232,0.9527634382247925,1.0,1.0,1.0,curvature
76.52030444145203,0.9553155899047852,1.0,1.0,1.0,curvature
76.56073927879333,0.9630789756774902,1.0,1.0,1.0,curvature
76.6015260219574,0.9686489105224609,1.0,1.0,1.0,curvature
76.64208245277405,0.9738886952400208,1.0,1.0,1.0,curvature
76.68304634094238,0.9760953187942505,1.0,1.0,1.0,curvature
76.72338151931763,0.9780961871147156,1.0,1.0,1.0,curvature
76.76384806632996,0.9813476800918579,1.0,1.0,1.0,curvature
76.80337691307068,0.9824379086494446,1.0,1.0,1.0,curvature
76.84384989738464,0.9842182993888855,1.0,1.0,1.0,curvature
76.88416504859924,0.986017644405365,1.0,1.0,1.0,curvature
76.92575454711914,0.9869246482849121,1.0,1.0,1.0,curvature
76.96646547317505,0.9902981519699097,1.0,1.0,1.0,curvature
77.00654649734497,0.9909085035324097,1.0,1.0,1.0,curvature
77.04753088951111,0.992438018321991,1.0,1.0,1.0,curvature
77.08836936950684,0.9920207858085632,1.0,1.0,1.0,curvature
77.1291298866272,0.9925703406333923,1.0,1.0,1.0,curvature
77.16932964324951,0.9935218691825867,1.0,1.0,1.0,curvature
77.21025228500366,0.9949566125869751,1.0,1.0,1.0,curvature
77.25059938430786,0.9952841401100159,1.0,1.0,1.0,curvature
77.2911913394928,0.9966540932655334,1.0,1.0,1.0,curvature
77.331228017807,0.9980345368385315,1.0,1.0,1.0,curvature
77.37177991867065,0.9995484948158264,1.0,1.0,1.0,curvature
77.4125452041626,0.9996487498283386,1.0,1.0,1.0,curvature
77.45338129997253,0.9991759061813354,1.0,1.0,1.0,curvature
77.49360990524292,0.9935901761054993,1.0,1.0,1.0,curvature
77.53402924537659,0.9855119585990906,1.0,1.0,1.0,curvature
77.57459688186646,0.9789692759513855,1.0,1.0,1.0,curvature
77.61513996124268,0.9806644916534424,1.0,1.0,1.0,curvature
77.65517354011536,0.9816796183586121,1.0,1.0,1.0,curvature
77.69610285758972,0.9836583733558655,1.0,1.0,1.0,curvature
77.73740220069885,0.9856266975402832,1.0,1.0,1.0,curvature
77.77694034576416,0.988506019115448,1.0,1.0,1.0,curvature
77.81765007972717,0.98924720287323,1.0,1.0,1.0,curvature
77.8581223487854,0.9910576939582825,1.0,1.0,1.0,curvature
77.89947509765625,0.9768046736717224,1.0,1.0,1.0,curvature
77.94028735160828,0.9638720154762268,1.0,1.0,1.0,curvature
77.98039484024048,0.9525577425956726,1.0,1.0,1.0,curvature
78.0207245349884,0.9542362093925476,1.0,1.0,1.0,curvature
78.06168031692505,0.9573658108711243,1.0,1.0,1.0,curvature
78.10237336158752,0.9607038497924805,1.0,1.0,1.0,curvature
78.14302897453308,0.9628745317459106,1.0,1.0,1.0,curvature
78.18377232551575,0.9680194854736328,1.0,1.0,1.0,curvature
78.22329640388489,0.9712579846382141,1.0,1.0,1.0,curvature
78.2647716999054,0.9743785858154297,1.0,1.0,1.0,curvature
78.30551481246948,0.9726287126541138,1.0,1.0,1.0,curvature
78.34678053855896,0.9723401665687561,1.0,1.0,1.0,curvature
78.38580751419067,0.973648726940155,1.0,1.0,1.0,curvature
78.42695879936218,0.9768480658531189,1.0,1.0,1.0,curvature
78.46652626991272,0.978255569934845,1.0,1.0,1.0,curvature
78.50795841217041,0.9814139008522034,1.0,1.0,1.0,curvature
78.54755973815918,0.9825947284698486,1.0,1.0,1.0,curvature
78.58812117576599,0.988656759262085,1.0,1.0,1.0,curvature
78.62850618362427,0.9894092679023743,1.0,1.0,1.0,curvature
78.66953086853027,0.9921887516975403,1.0,1.0,1.0,curvature
78.7097237110138,0.9943709373474121,1.0,1.0,1.0,curvature
78.75139856338501,0.9793087840080261,1.0,1.0,1.0,curvature
78.79207968711853,0.965648889541626,1.0,1.0,1.0,curvature
78.83237314224243,0.9643124938011169,1.0,1.0,1.0,curvature
78.87250518798828,0.9659336805343628,1.0,1.0,1.0,curvature
78.91395115852356,0.9652031064033508,1.0,1.0,1.0,curvature
78.95496344566345,0.966848611831665,1.0,1.0,1.0,curvature
78.99450492858887,0.9655436873435974,1.0,1.0,1.0,curvature
79.0346257686615,0.9672109484672546,1.0,1.0,1.0,curvature
79.07568264007568,0.9667443633079529,1.0,1.0,1.0,curvature
79.11576628684998,0.9702955484390259,1.0,1.0,1.0,curvature
79.15714263916016,0.9717823266983032,1.0,1.0,1.0,curvature
79.19787526130676,0.9749497175216675,1.0,1.0,1.0,curvature
79.23816990852356,0.974601686000824,1.0,1.0,1.0,curvature
79.27830171585083,0.9759179949760437,1.0,1.0,1.0,curvature
79.31907200813293,0.9755837321281433,1.0,1.0,1.0,curvature
79.3598370552063,0.9752504229545593,1.0,1.0,1.0,curvature
79.40044283866882,0.9905257225036621,0.4005413353443146,1.0,1.0,preview
79.44011735916138,0.9943338632583618,0.4005413353443146,1.0,1.0,preview
79.48185229301453,0.9956740140914917,0.4005413353443146,1.0,1.0,preview
79.52242922782898,0.9859591722488403,0.4005413353443146,1.0,1.0,preview
79.56387233734131,0.9915123581886292,0.4005413353443146,1.0,1.0,preview
79.6035943031311,0.9865237474441528,0.4005413353443146,1.0,1.0,preview
79.64444136619568,0.9869756102561951,0.4005413353443146,1.0,1.0,preview
79.68508529663086,0.9886782765388489,0.4005413353443146,1.0,1.0,preview
79.72570872306824,0.9732499718666077,0.4005413353443146,1.0,1.0,preview
79.76765894889832,0.9745518565177917,0.4005413353443146,1.0,1.0,preview
79.80635929107666,0.9637572765350342,0.4005413353443146,1.0,1.0,preview
79.84715867042542,0.9659525752067566,0.4005413353443146,1.0,1.0,preview
79.88748788833618,0.9546666741371155,0.4005413353443146,1.0,1.0,preview
79.92823386192322,0.9422053694725037,0.4005413353443146,1.0,1.0,preview
79.96874642372131,0.8549604415893555,0.4005413353443146,1.0,1.0,preview
80.008859872818,0.8022852540016174,0.4005413353443146,1.0,1.0,preview
80.05001997947693,0.8119730949401855,0.4005413353443146,1.0,1.0,preview
80.08991432189941,0.8247069120407104,0.4005413353443146,1.0,1.0,preview
80.13032174110413,0.8536302447319031,0.4005413353443146,1.0,1.0,preview
80.17191410064697,0.8685645461082458,0.4005413353443146,1.0,1.0,preview
80.2116928100586,0.8928372859954834,0.4005413353443146,1.0,1.0,preview
80.25330448150635,0.9288761615753174,0.4005413353443146,1.0,1.0,preview
80.29290223121643,0.94023197889328,0.4005413353443146,1.0,1.0,preview
80.33309698104858,0.905500054359436,0.4005413353443146,1.0,1.0,preview
80.37434363365173,0.8730181455612183,0.4005413353443146,1.0,1.0,preview
80.41426420211792,0.8784509301185608,0.4005413353443146,1.0,1.0,preview
80.45562744140625,0.8886981010437012,0.4005413353443146,1.0,1.0,preview
80.49544429779053,0.8985999226570129,0.4005413353443146,1.0,1.0,preview
80.53574061393738,0.9439727067947388,0.4005413353443146,1.0,1.0,preview
80.57667231559753,0.9542192220687866,0.4005413353443146,1.0,1.0,preview
80.61745882034302,0.9668707251548767,0.4005413353443146,1.0,1.0,preview
80.6579098701477,0.9842066764831543,0.4005413353443146,1.0,1.0,preview
80.69783115386963,0.9820368885993958,0.4005413353443146,1.0,1.0,preview
80.73873972892761,0.9385115504264832,0.4005413353443146,1.0,1.0,preview
80.77952766418457,0.8617734909057617,0.4005413353443146,1.0,1.0,preview
80.81995964050293,0.8389371037483215,0.4005413353443146,1.0,1.0,preview
80.86062049865723,0.814571738243103,0.4005413353443146,1.0,1.0,preview
80.90131783485413,0.8268926739692688,0.4005413353443146,1.0,1.0,preview
80.94236469268799,0.8416295647621155,0.4005413353443146,1.0,1.0,preview
80.98315095901489,0.8550546169281006,0.4005413353443146,1.0,1.0,preview
81.02244448661804,0.8530570864677429,0.4005413353443146,1.0,1.0,preview
81.06368780136108,0.8644946813583374,0.4005413353443146,1.0,1.0,preview
81.10434055328369,0.8540950417518616,0.4005413353443146,1.0,1.0,preview
81.14530611038208,0.8660866618156433,0.4005413353443146,1.0,1.0,preview
81.1860077381134,0.8784410953521729,0.4005413353443146,1.0,1.0,preview
81.22731709480286,0.8333609104156494,0.4005413353443146,1.0,0.896880567073822,preview
81.267249584198,0.8245687484741211,0.4005413353443146,1.0,0.9051765203475952,preview
81.30698561668396,0.6593368649482727,0.4005413353443146,1.0,0.9136344194412231,preview
81.3485312461853,0.6693292856216431,0.4005413353443146,1.0,0.9224963188171387,preview
81.38832020759583,0.5664213299751282,0.4005413353443146,1.0,0.9312139749526978,preview
81.4291615486145,0.5946078300476074,0.4005413353443146,1.0,0.9491762518882751,preview
81.46934604644775,0.5263158082962036,0.4005413353443146,1.0,0.958099901676178,preview
81.50988960266113,0.5369834899902344,0.4005413353443146,1.0,0.9670500755310059,preview
81.5500340461731,0.5263158082962036,0.4005413353443146,1.0,0.9657567739486694,preview
81.59257173538208,0.5802608132362366,0.4005413353443146,1.0,0.9640659689903259,preview
81.63172602653503,0.5867580771446228,0.4005413353443146,1.0,0.9701842665672302,preview
81.67324781417847,0.6104745268821716,0.4005413353443146,1.0,0.9781029224395752,preview
81.71307134628296,0.6345997452735901,0.4005413353443146,1.0,0.9859350323677063,preview
81.75383877754211,0.5709856748580933,0.4005413353443146,1.0,0.993920087814331,preview
81.79524803161621,0.5890564918518066,0.4005413353443146,1.0,1.0,preview
81.83493852615356,0.5594056248664856,0.4005413353443146,1.0,1.0,preview
81.87541651725769,0.5799465179443359,0.4005413353443146,1.0,1.0,preview
81.91572976112366,0.6028850674629211,0.4005413353443146,1.0,1.0,preview
81.9561116695404,0.7064645886421204,1.0,1.0,1.0,curvature
81.99811887741089,0.7128005027770996,1.0,1.0,1.0,curvature
82.03759980201721,0.7243226170539856,1.0,1.0,1.0,curvature
82.07756972312927,0.7285808324813843,1.0,1.0,1.0,curvature
82.11921572685242,0.7331914901733398,1.0,1.0,1.0,curvature
82.15839910507202,0.7475835680961609,1.0,1.0,1.0,curvature
82.20023107528687,0.7526907920837402,1.0,1.0,1.0,curvature
82.2400815486908,0.7657330632209778,1.0,1.0,1.0,curvature
82.28112077713013,0.7714125514030457,1.0,1.0,1.0,curvature
82.32154655456543,0.7773168087005615,1.0,1.0,1.0,curvature
82.36166453361511,0.7837459444999695,1.0,1.0,1.0,curvature
82.40296745300293,0.7902128100395203,1.0,1.0,1.0,curvature
82.44334721565247,0.8094653487205505,1.0,1.0,1.0,curvature
82.48376965522766,0.8208170533180237,1.0,1.0,1.0,curvature
82.52389597892761,0.831917941570282,1.0,1.0,1.0,curvature
82.56366848945618,0.8386579155921936,1.0,1.0,1.0,curvature
82.60574841499329,0.84388667345047,1.0,1.0,1.0,curvature
82.64549946784973,0.8543204069137573,1.0,1.0,1.0,curvature
82.68525576591492,0.8584532737731934,1.0,1.0,1.0,curvature
82.7263331413269,0.8617070317268372,1.0,1.0,1.0,curvature
82.7671971321106,0.8684314489364624,1.0,1.0,1.0,curvature
82.80883026123047,0.8721339106559753,1.0,1.0,1.0,curvature
82.84845304489136,0.8834351897239685,1.0,1.0,1.0,curvature
82.88966989517212,0.8923792839050293,1.0,1.0,1.0,curvature
82.92925977706909,0.9031910300254822,1.0,1.0,1.0,curvature
82.96995067596436,0.9068710207939148,1.0,1.0,1.0,curvature
83.01057481765747,0.9096866846084595,1.0,1.0,1.0,curvature
83.05171346664429,0.9170989394187927,1.0,1.0,1.0,curvature
83.09198021888733,0.9200609922409058,1.0,1.0,1.0,curvature
83.13287568092346,0.9228441715240479,1.0,1.0,1.0,curvature
83.17297339439392,0.9257248640060425,1.0,1.0,1.0,curvature
83.2133116722107,0.9295457005500793,1.0,1.0,1.0,curvature
83.25355887413025,0.9353027939796448,1.0,1.0,1.0,curvature
83.29477620124817,0.9381663203239441,1.0,1.0,1.0,curvature
83.33503079414368,0.9414188861846924,1.0,1.0,1.0,curvature
83.37463355064392,0.9316688179969788,1.0,1.0,1.0,curvature
83.41568040847778,0.9221206903457642,1.0,1.0,1.0,curvature
83.45628833770752,0.9167824387550354,1.0,1.0,1.0,curvature
83.49709892272949,0.9200414419174194,1.0,1.0,1.0,curvature
83.5380346775055,0.9236724376678467,1.0,1.0,1.0,curvature
83.57830667495728,0.9276160001754761,1.0,1.0,1.0,curvature
83.61971950531006,0.9313405156135559,1.0,1.0,1.0,curvature
83.66002798080444,0.9388600587844849,1.0,1.0,1.0,curvature
83.69990611076355,0.9427168369293213,1.0,1.0,1.0,curvature
83.74023342132568,0.9459400177001953,1.0,1.0,1.0,curvature
83.7826566696167,0.9455161690711975,1.0,1.0,1.0,curvature
83.82193613052368,0.9450473189353943,1.0,1.0,1.0,curvature
83.8619773387909,0.9481319785118103,1.0,1.0,1.0,curvature
83.9026472568512,0.9517194032669067,1.0,1.0,1.0,curvature
83.9436388015747,0.9543545842170715,1.0,1.0,1.0,curvature
83.9839129447937,0.9580203890800476,1.0,1.0,1.0,curvature
84.02443647384644,0.961593747138977,1.0,1.0,1.0,curvature
84.06481218338013,0.9630208015441895,1.0,1.0,1.0,curvature
84.1058509349823,0.9621371030807495,1.0,1.0,1.0,curvature
84.14663314819336,0.9612165093421936,1.0,1.0,1.0,curvature
84.18757462501526,0.9646082520484924,1.0,1.0,1.0,curvature
84.2279953956604,0.9665663242340088,1.0,1.0,1.0,curvature
84.26845240592957,0.9734614491462708,1.0,1.0,1.0,curvature
84.30899167060852,0.9768003821372986,1.0,1.0,1.0,curvature
84.34848141670227,0.9781545400619507,1.0,1.0,1.0,curvature
84.38906049728394,0.9759660363197327,1.0,1.0,1.0,curvature
84.43125486373901,0.9739594459533691,1.0,1.0,0.9999856948852539,curvature
84.47125291824341,0.9733046293258667,1.0,1.0,0.9966734051704407,curvature
84.5110375881195,0.976589560508728,1.0,1.0,0.9988281726837158,curvature
84.55245327949524,0.9799796342849731,1.0,1.0,1.0,curvature
84.59295868873596,0.9811670184135437,1.0,1.0,1.0,curvature
84.63325047492981,0.9843235015869141,1.0,1.0,1.0,curvature
84.673024892807,0.6404517292976379,0.40442904829978943,1.0,0.9983621835708618,preview
84.71467089653015,0.603874683380127,0.40442904829978943,1.0,0.9889830350875854,preview
84.75488662719727,0.5656380653381348,0.40442904829978943,1.0,0.9797635674476624,preview
84.7954351902008,0.5686972737312317,0.40442904829978943,1.0,0.982269287109375,preview
84.83705878257751,0.5688014626502991,0.40442904829978943,1.0,0.9850533604621887,preview
84.87725281715393,0.6177295446395874,0.40442904829978943,1.0,0.9923036694526672,preview
84.9177598953247,0.665138840675354,0.40442904829978943,1.0,0.996834933757782,preview
84.95826983451843,0.6865310072898865,0.40442904829978943,1.0,1.0,preview
84.99886298179626,0.6803072690963745,0.40442904829978943,1.0,1.0,preview
85.03957343101501,0.7216747999191284,0.40442904829978943,1.0,1.0,preview
85.08001732826233,0.8042310476303101,0.40442904829978943,1.0,1.0,preview
85.11993265151978,0.8312715888023376,0.40442904829978943,1.0,1.0,preview
85.16106414794922,0.9488092660903931,0.40442904829978943,1.0,1.0,preview
85.20090246200562,0.9707273244857788,0.40442904829978943,1.0,1.0,preview
85.24240779876709,0.9042285084724426,0.40442904829978943,1.0,1.0,preview
85.28257274627686,0.9702410697937012,0.40442904829978943,1.0,1.0,preview
85.32234859466553,0.9531839489936829,0.40442904829978943,1.0,1.0,preview
85.36359405517578,0.844603419303894,0.40442904829978943,1.0,1.0,preview
85.40390658378601,0.9464542865753174,0.40442904829978943,1.0,1.0,preview
85.44613933563232,0.9582154750823975,0.40442904829978943,1.0,1.0,preview
85.4860315322876,0.9136938452720642,0.40442904829978943,1.0,1.0,preview
85.52622675895691,0.9166250228881836,0.40442904829978943,1.0,1.0,preview
85.56673669815063,0.9232502579689026,0.40442904829978943,1.0,1.0,preview
85.60706305503845,0.8684810996055603,0.40442904829978943,1.0,1.0,preview
85.64722466468811,0.908570408821106,0.40442904829978943,1.0,1.0,preview
85.68730354309082,0.9646170139312744,0.40442904829978943,1.0,1.0,preview
85.72816467285156,0.8737063407897949,0.40442904829978943,1.0,1.0,preview
85.76935076713562,0.8787025213241577,0.40442904829978943,1.0,1.0,preview
85.80952763557434,0.8892498016357422,0.35047653317451477,1.0,1.0,preview
85.85013341903687,0.8184905052185059,0.35047653317451477,1.0,1.0,preview
85.89084076881409,0.7677986025810242,0.35047653317451477,1.0,1.0,preview
85.93223118782043,0.7187521457672119,0.35047653317451477,1.0,1.0,preview
85.9719626903534,0.6307523250579834,0.35047653317451477,1.0,1.0,preview
86.0129382610321,0.6442666053771973,0.35047653317451477,1.0,1.0,preview
86.05374908447266,0.658977746963501,0.35047653317451477,1.0,1.0,preview
86.09360074996948,0.6567267179489136,0.35047653317451477,1.0,1.0,preview
86.13501858711243,0.6749355792999268,0.35047653317451477,1.0,1.0,preview
86.17466616630554,0.6932258009910583,0.35047653317451477,1.0,1.0,preview
86.21434020996094,0.6758696436882019,0.35047653317451477,1.0,1.0,preview
86.25585746765137,0.6930583715438843,0.35047653317451477,1.0,1.0,preview
86.29638671875,0.7298803925514221,0.35047653317451477,1.0,1.0,preview
86.33605217933655,0.7175772190093994,0.35047653317451477,1.0,1.0,preview
86.3773102760315,0.7337551712989807,0.35047653317451477,1.0,1.0,preview
86.41696906089783,0.751014232635498,0.35047653317451477,1.0,1.0,preview
86.45863389968872,0.7424799799919128,0.35047653317451477,1.0,1.0,preview
86.49982500076294,0.8279672265052795,0.35047653317451477,1.0,1.0,preview
86.54000806808472,0.8847355842590332,0.35047653317451477,1.0,1.0,preview
86.58024597167969,0.9693772196769714,0.35047653317451477,1.0,1.0,preview
86.62216448783875,0.9795559048652649,0.35047653317451477,1.0,1.0,preview
86.66198062896729,0.9622136950492859,0.35047653317451477,1.0,1.0,preview
86.70202112197876,0.9675633907318115,0.35047653317451477,1.0,1.0,preview
86.74206280708313,0.9704526662826538,0.35047653317451477,1.0,1.0,preview
86.78331232070923,0.8461436033248901,0.35047653317451477,1.0,1.0,preview
86.82455253601074,0.8484864830970764,0.35047653317451477,1.0,1.0,preview
86.86515545845032,0.8586706519126892,0.35047653317451477,1.0,1.0,preview
86.90523099899292,0.7773739099502563,0.35047653317451477,1.0,1.0,preview
86.94525671005249,0.7855585813522339,0.35047653317451477,1.0,1.0,preview
86.98679447174072,0.7974960207939148,0.35047653317451477,1.0,1.0,preview
87.0267117023468,0.8118065595626831,0.35047653317451477,1.0,1.0,preview
87.06782293319702,0.7407065033912659,0.35047653317451477,1.0,1.0,preview
87.10761404037476,0.7673829197883606,0.35047653317451477,1.0,1.0,preview
87.14871287345886,0.7821166515350342,0.35047653317451477,1.0,1.0,preview
87.18913555145264,0.7256217002868652,0.35047653317451477,1.0,1.0,preview
87.22949385643005,0.7644426822662354,0.35047653317451477,1.0,1.0,preview
87.27048778533936,0.8091977834701538,0.35047653317451477,1.0,1.0,preview
87.3108696937561,0.8753018379211426,0.35047653317451477,1.0,1.0,preview
87.35129737854004,0.8116596937179565,0.35047653317451477,1.0,1.0,preview
87.39195990562439,0.8204671144485474,0.35047653317451477,1.0,1.0,preview
87.43265771865845,0.8317963480949402,0.35047653317451477,1.0,1.0,preview
87.47351098060608,0.8445101380348206,0.35047653317451477,1.0,1.0,preview
87.51398348808289,0.8039446473121643,0.35047653317451477,1.0,1.0,preview
87.55425214767456,0.8162968754768372,0.35047653317451477,1.0,1.0,preview
87.59599208831787,0.8293313980102539,0.35047653317451477,1.0,1.0,preview
87.63550448417664,0.8419225215911865,0.35047653317451477,1.0,1.0,preview
87.67722201347351,0.7991867661476135,0.35047653317451477,1.0,1.0,preview
87.71588063240051,0.8225593566894531,0.35047653317451477,1.0,1.0,preview
87.75699853897095,0.8354169726371765,0.35047653317451477,1.0,1.0,preview
87.79693484306335,0.800116777420044,0.35047653317451477,1.0,1.0,preview
87.8384575843811,0.8121664524078369,0.35047653317451477,1.0,1.0,preview
87.8793032169342,0.8258392810821533,0.35047653317451477,1.0,1.0,preview
87.91898512840271,0.8125901818275452,0.35047653317451477,1.0,1.0,preview
87.9589409828186,0.8252778649330139,0.35047653317451477,1.0,1.0,preview
87.99976181983948,0.8386285305023193,0.35047653317451477,1.0,1.0,preview
88.04045057296753,0.8357700705528259,0.35047653317451477,1.0,1.0,preview
88.08169913291931,0.8320173621177673,0.35047653317451477,1.0,1.0,preview
88.12142443656921,0.8070419430732727,0.35047653317451477,1.0,1.0,preview
88.16207575798035,0.8178906440734863,0.35047653317451477,1.0,1.0,preview
88.2034273147583,0.830476701259613,0.35047653317451477,1.0,1.0,preview
88.24342131614685,0.8166422247886658,0.35047653317451477,1.0,1.0,preview
88.283926486969,0.8284344673156738,0.35047653317451477,1.0,1.0,preview
88.32503366470337,0.8543193936347961,0.35047653317451477,1.0,1.0,preview
88.36517262458801,0.8468952178955078,0.35047653317451477,1.0,1.0,preview
88.40609979629517,0.8577286601066589,0.35047653317451477,1.0,1.0,preview
88.44689083099365,0.8692930936813354,0.35047653317451477,1.0,1.0,preview
88.48762035369873,0.8795067071914673,0.35047653317451477,1.0,1.0,preview
88.52718758583069,0.9777510166168213,0.35047653317451477,1.0,1.0,preview
88.56837725639343,0.9888188242912292,0.35047653317451477,1.0,1.0,preview
88.6082775592804,0.991534411907196,0.35047653317451477,1.0,1.0,preview
88.64872121810913,0.9204984903335571,0.35047653317451477,1.0,1.0,preview
88.69026684761047,0.9191486239433289,0.35047653317451477,1.0,1.0,preview
88.73009085655212,0.8542050719261169,0.35047653317451477,1.0,1.0,preview
88.77067732810974,0.8588021993637085,0.35047653317451477,1.0,1.0,preview
88.81179738044739,0.8664968609809875,0.35047653317451477,1.0,1.0,preview
88.85140752792358,0.8628256916999817,0.35047653317451477,1.0,1.0,preview
88.89268779754639,0.8583212494850159,0.35047653317451477,1.0,1.0,preview
88.93309760093689,0.8024945259094238,0.35047653317451477,1.0,1.0,preview
88.97321438789368,0.8134491443634033,0.35047653317451477,1.0,1.0,preview
89.01403212547302,0.825819730758667,0.35047653317451477,1.0,1.0,preview
89.05403304100037,0.7855623960494995,0.35047653317451477,1.0,1.0,preview
89.09602117538452,0.7965215444564819,0.35047653317451477,1.0,1.0,preview
89.13551616668701,0.7205419540405273,0.35047653317451477,1.0,1.0,preview
89.17562937736511,0.7353959679603577,0.35047653317451477,1.0,1.0,preview
89.21678709983826,0.7520512342453003,0.35047653317451477,1.0,1.0,preview
89.25768947601318,0.7687466144561768,0.35047653317451477,1.0,1.0,preview
89.29887199401855,0.6989495754241943,0.35047653317451477,1.0,1.0,preview
89.33833718299866,0.7285993695259094,0.35047653317451477,1.0,1.0,preview
89.379239320755,0.7459909319877625,0.35047653317451477,1.0,1.0,preview
89.42048597335815,0.761655330657959,0.35047653317451477,1.0,1.0,preview
89.46058225631714,0.7039715051651001,0.35047653317451477,1.0,1.0,preview
89.50148034095764,0.7555913329124451,0.7243035435676575,1.0,1.0,preview
89.54117441177368,0.7823736667633057,0.7243035435676575,1.0,1.0,preview
89.58209919929504,0.7771130204200745,0.7243035435676575,1.0,1.0,preview
89.62203884124756,0.7912809252738953,0.7243035435676575,1.0,1.0,preview
89.66376519203186,0.7815005779266357,0.7243035435676575,1.0,1.0,preview
89.70490455627441,0.7899683117866516,0.7243035435676575,1.0,1.0,preview
89.74427795410156,0.8079694509506226,0.7243035435676575,1.0,1.0,preview
89.78473734855652,0.8075133562088013,0.7243035435676575,1.0,1.0,preview
89.82539081573486,0.8219752907752991,0.7243035435676575,1.0,1.0,preview
89.86651372909546,0.8231980204582214,0.7243035435676575,1.0,1.0,preview
89.90683054924011,0.8249933123588562,0.7243035435676575,1.0,1.0,preview
89.94598484039307,0.8641289472579956,0.8548679351806641,1.0,1.0,preview
89.98677945137024,0.8764920234680176,0.8548679351806641,1.0,1.0,preview
90.0280442237854,0.899242639541626,1.0,1.0,1.0,curvature
90.06844592094421,0.9074568152427673,1.0,1.0,1.0,curvature
90.10819935798645,0.9106605052947998,1.0,1.0,1.0,curvature
90.1490626335144,0.9179620146751404,1.0,1.0,1.0,curvature
90.19082617759705,0.9211358428001404,1.0,1.0,1.0,curvature
90.2306022644043,0.9242746829986572,1.0,1.0,1.0,curvature
90.27002096176147,0.9275774359703064,1.0,1.0,1.0,curvature
90.31252837181091,0.932493269443512,1.0,1.0,1.0,curvature
90.35237646102905,0.9372446537017822,1.0,1.0,1.0,curvature
90.39260673522949,0.9385711550712585,1.0,1.0,1.0,curvature
90.43315124511719,0.9399416446685791,1.0,1.0,1.0,curvature
90.4739248752594,0.954203188419342,1.0,1.0,1.0,curvature
90.51469779014587,0.9673044085502625,1.0,1.0,1.0,curvature
90.5553674697876,0.983024537563324,1.0,1.0,1.0,curvature
90.5957944393158,0.983616054058075,1.0,1.0,1.0,curvature
90.63650560379028,0.9846628904342651,1.0,1.0,1.0,curvature
90.67622995376587,0.9849358201026917,1.0,1.0,1.0,curvature
90.71744728088379,0.9858738780021667,1.0,1.0,1.0,curvature
90.7588951587677,0.9864205718040466,1.0,1.0,1.0,curvature
90.79908752441406,0.9872086048126221,1.0,1.0,1.0,curvature
90.83979916572571,0.9874523878097534,1.0,1.0,1.0,curvature
90.8791446685791,0.9881756901741028,1.0,1.0,1.0,curvature
90.92047047615051,0.9884052872657776,1.0,1.0,1.0,curvature
90.96009492874146,0.9892882704734802,1.0,1.0,1.0,curvature
91.0005750656128,0.9895187020301819,1.0,1.0,1.0,curvature
91.040935754776,0.990077555179596,1.0,1.0,1.0,curvature
91.08264875411987,0.992161214351654,1.0,1.0,1.0,curvature
91.12253761291504,0.9944928288459778,1.0,1.0,1.0,curvature
91.16318607330322,0.9967600703239441,1.0,1.0,1.0,curvature
91.20432639122009,0.9970409870147705,1.0,1.0,1.0,curvature
91.24571132659912,0.9970725774765015,1.0,1.0,1.0,curvature
91.28603720664978,0.9972376227378845,1.0,1.0,1.0,curvature
91.32669758796692,0.9972630143165588,1.0,1.0,1.0,curvature
91.36651301383972,0.9974509477615356,1.0,1.0,1.0,curvature
91.40740823745728,0.9974770545959473,1.0,1.0,1.0,curvature
91.44792056083679,0.9976209402084351,1.0,1.0,1.0,curvature
91.48762321472168,0.9920803308486938,1.0,1.0,1.0,curvature
91.52973055839539,0.9865728616714478,1.0,1.0,1.0,curvature
91.5699074268341,0.9814561605453491,1.0,1.0,1.0,curvature
91.60932469367981,0.9816150069236755,1.0,1.0,1.0,curvature
91.65067934989929,0.9825258255004883,1.0,1.0,1.0,curvature
91.69136929512024,0.9830554723739624,1.0,1.0,1.0,curvature
91.73187923431396,0.9839248657226562,1.0,1.0,1.0,curvature
91.7720947265625,0.994574248790741,1.0,1.0,1.0,curvature
91.81325316429138,0.9950012564659119,1.0,1.0,1.0,curvature
91.85342860221863,0.9847469329833984,1.0,1.0,1.0,curvature
91.89410543441772,0.9850191473960876,1.0,1.0,1.0,curvature
91.93535923957825,0.9854112863540649,1.0,1.0,1.0,curvature
91.97573375701904,0.9865391254425049,1.0,1.0,1.0,curvature
92.01557087898254,0.9869845509529114,1.0,1.0,1.0,curvature
92.0556948184967,0.9876247644424438,1.0,1.0,1.0,curvature
92.09709191322327,0.9971202611923218,1.0,1.0,1.0,curvature
92.13755989074707,0.9933570027351379,1.0,1.0,1.0,curvature
92.17738890647888,0.984310507774353,1.0,1.0,1.0,curvature
92.21863198280334,0.9845687747001648,1.0,1.0,1.0,curvature
92.25938534736633,0.984868049621582,1.0,1.0,1.0,curvature
92.29977607727051,0.9854324460029602,1.0,1.0,1.0,curvature
92.34106945991516,0.9861473441123962,1.0,1.0,1.0,curvature
92.38098096847534,0.9690767526626587,1.0,1.0,1.0,curvature
92.42162442207336,0.9528245329856873,1.0,1.0,1.0,curvature
92.46212434768677,0.938327431678772,1.0,1.0,1.0,curvature
92.50298261642456,0.9392432570457458,1.0,1.0,1.0,curvature
92.54398131370544,0.9409739971160889,1.0,1.0,1.0,curvature
92.58363080024719,0.9462103247642517,1.0,1.0,1.0,curvature
92.62405300140381,0.9488866329193115,1.0,1.0,1.0,curvature
92.66413593292236,0.9510363936424255,1.0,1.0,1.0,curvature
92.70532870292664,0.956072986125946,1.0,1.0,1.0,curvature
92.74576449394226,0.9612528681755066,1.0,1.0,1.0,curvature
92.78564834594727,0.9687641859054565,1.0,1.0,1.0,curvature
92.82675552368164,0.9707123041152954,1.0,1.0,1.0,curvature
92.86734127998352,0.9726725220680237,1.0,1.0,1.0,curvature
92.90831422805786,0.9742529392242432,1.0,1.0,1.0,curvature
92.9487087726593,0.9762392044067383,1.0,1.0,1.0,curvature
92.98943090438843,0.8279251456260681,0.4065535068511963,1.0,1.0,preview
93.03013753890991,0.8673818111419678,0.4065535068511963,1.0,1.0,preview
93.0710928440094,0.9403696060180664,0.4065535068511963,1.0,1.0,preview
93.11098170280457,0.9530168771743774,0.4065535068511963,1.0,1.0,preview
93.15165710449219,0.9585620164871216,0.4065535068511963,1.0,1.0,preview
93.19236063957214,0.9923045635223389,0.4065535068511963,1.0,1.0,preview
93.23208284378052,0.9758870005607605,0.4065535068511963,1.0,1.0,preview
93.27402472496033,0.9722620844841003,0.4065535068511963,1.0,1.0,preview
93.31391596794128,0.9334323406219482,0.4065535068511963,1.0,1.0,preview
93.35421466827393,0.8702899217605591,0.4065535068511963,1.0,1.0,preview
93.39440989494324,0.8175454139709473,0.4065535068511963,1.0,1.0,preview
93.4352011680603,0.8263354301452637,0.4065535068511963,1.0,1.0,preview
93.47618436813354,0.8396479487419128,0.4065535068511963,1.0,1.0,preview
93.51558566093445,0.8333976864814758,0.4065535068511963,1.0,1.0,preview
93.55620908737183,0.8461388349533081,0.4065535068511963,1.0,1.0,preview
93.59666156768799,0.8677849173545837,0.4065535068511963,1.0,1.0,preview
93.63706040382385,0.8904198408126831,0.4065535068511963,1.0,1.0,preview
93.67788648605347,0.9116877317428589,0.4065535068511963,1.0,1.0,preview
93.71899175643921,0.9220425486564636,0.4065535068511963,1.0,1.0,preview
93.75920224189758,0.9210334420204163,0.4065535068511963,1.0,1.0,preview
93.799800157547,0.93631511926651,0.4065535068511963,1.0,1.0,preview
93.83977508544922,0.9379481077194214,0.4065535068511963,1.0,1.0,preview
93.88099074363708,0.9449977278709412,0.4065535068511963,1.0,1.0,preview
93.92028141021729,0.9065353274345398,0.4065535068511963,1.0,1.0,preview
93.9621946811676,0.8711925148963928,0.4065535068511963,1.0,1.0,preview
94.00219583511353,0.8491764664649963,0.4065535068511963,1.0,1.0,preview
94.04420447349548,0.8590824007987976,0.4065535068511963,1.0,1.0,preview
94.08380913734436,0.871671199798584,0.4065535068511963,1.0,1.0,preview
94.12463045120239,0.8839151263237,0.4065535068511963,1.0,1.0,preview
94.16479134559631,0.8946120738983154,0.4065535068511963,1.0,1.0,preview
94.20434165000916,0.9216622710227966,0.4065535068511963,1.0,1.0,preview
94.2463641166687,0.9295791983604431,0.4065535068511963,1.0,1.0,preview
94.28686499595642,0.9485322833061218,0.4065535068511963,1.0,1.0,preview
94.32646369934082,0.9963141679763794,0.4065535068511963,1.0,1.0,preview
94.36774754524231,0.9593978524208069,0.4065535068511963,1.0,1.0,preview
94.40832996368408,0.9236237406730652,0.4065535068511963,1.0,1.0,preview
94.4490020275116,0.9280182719230652,0.4065535068511963,1.0,1.0,preview
94.48961114883423,0.9121384024620056,0.4065535068511963,1.0,1.0,preview
94.5297360420227,0.9183544516563416,0.4065535068511963,1.0,1.0,preview
94.57162380218506,0.9245107769966125,0.4065535068511963,1.0,1.0,preview
94.61087203025818,0.9203518033027649,0.4065535068511963,1.0,1.0,preview
94.65141320228577,0.9270657896995544,0.4065535068511963,1.0,1.0,preview
94.69156455993652,0.9337574243545532,0.4065535068511963,1.0,1.0,preview
94.73286247253418,0.939944863319397,0.4065535068511963,1.0,1.0,preview
94.7732195854187,0.9317433834075928,0.4065535068511963,1.0,1.0,preview
94.81387710571289,0.9432726502418518,0.4065535068511963,1.0,1.0,preview
94.8547523021698,0.9377281665802002,0.4065535068511963,1.0,1.0,preview
94.89456629753113,0.9431492686271667,0.4065535068511963,1.0,1.0,preview
94.93622636795044,0.9578248858451843,0.4065535068511963,1.0,1.0,preview
94.97653102874756,0.9719926118850708,0.4065535068511963,1.0,1.0,preview
95.01722574234009,0.7237491607666016,0.4065535068511963,1.0,0.871554434299469,preview
95.05626726150513,0.5713523626327515,0.4065535068511963,1.0,0.8811224102973938,preview
95.09777402877808,0.5781814455986023,0.4065535068511963,1.0,0.8908853530883789,preview
95.13817310333252,0.5263158082962036,0.4065535068511963,1.0,0.9011332988739014,preview
95.17946434020996,0.5263158082962036,0.4065535068511963,1.0,0.9112480282783508,preview
95.21955752372742,0.5263158082962036,0.4065535068511963,1.0,0.9321943521499634,preview
95.25992012023926,0.5263158082962036,0.4065535068511963,1.0,0.9426784515380859,preview
95.30110025405884,0.5263158082962036,0.4065535068511963,1.0,0.9532555341720581,preview
95.34161281585693,0.5263158082962036,0.4065535068511963,1.0,0.964240312576294,preview
95.38185429573059,0.5263158082962036,0.4065535068511963,1.0,0.9749688506126404,preview
95.42238140106201,0.5263158082962036,0.4065535068511963,1.0,0.9969155192375183,preview
95.4630835056305,0.5263158082962036,0.4065535068511963,1.0,1.0,preview
95.50383305549622,0.5263158082962036,0.4065535068511963,1.0,1.0,preview
95.54397010803223,0.5263158082962036,0.4065535068511963,1.0,1.0,preview
95.58465194702148,0.5263158082962036,0.4065535068511963,1.0,1.0,preview
95.62596821784973,0.5263158082962036,0.4065535068511963,1.0,1.0,preview
95.66554093360901,0.5263158082962036,0.4065535068511963,1.0,1.0,preview
95.7076346874237,0.5960411429405212,1.0,1.0,1.0,curvature
95.74698638916016,0.6141772270202637,1.0,1.0,1.0,curvature
95.78889489173889,0.6195836663246155,1.0,1.0,1.0,curvature
95.82818627357483,0.6323868036270142,1.0,1.0,1.0,curvature
95.8680853843689,0.6384082436561584,1.0,1.0,1.0,curvature
95.90851593017578,0.6544947624206543,1.0,1.0,1.0,curvature
95.94904780387878,0.6612114906311035,1.0,1.0,1.0,curvature
95.98980736732483,0.668114960193634,1.0,1.0,1.0,curvature
96.03003859519958,0.684239387512207,1.0,1.0,1.0,curvature
96.07159280776978,0.6921564340591431,1.0,1.0,1.0,curvature
96.11162185668945,0.70036381483078,1.0,1.0,1.0,curvature
96.1519889831543,0.7128691077232361,1.0,1.0,1.0,curvature
96.19233989715576,0.7178546190261841,1.0,1.0,1.0,curvature
96.23394083976746,0.7306209802627563,1.0,1.0,1.0,curvature
96.27396655082703,0.7423111796379089,1.0,1.0,1.0,curvature
96.3148090839386,0.7475975155830383,1.0,1.0,1.0,curvature
96.35578560829163,0.7473414540290833,1.0,1.0,1.0,curvature
96.39678144454956,0.7516136765480042,1.0,1.0,1.0,curvature
96.4372501373291,0.7609046101570129,1.0,1.0,0.9969719052314758,curvature
96.47702693939209,0.7712866067886353,1.0,1.0,0.9909704923629761,curvature
96.51827621459961,0.7773396372795105,1.0,1.0,0.9854056239128113,curvature
96.55933833122253,0.7829030156135559,1.0,1.0,0.9801130294799805,curvature
96.59940195083618,0.7885317206382751,1.0,1.0,0.9753882884979248,curvature
96.63935565948486,0.8063307404518127,1.0,1.0,0.9666557312011719,curvature
96.68120837211609,0.8183666467666626,1.0,1.0,0.9637096524238586,curvature
96.72111511230469,0.8297802209854126,1.0,1.0,0.9620329141616821,curvature
96.76055979728699,0.8370974659919739,1.0,1.0,0.959471583366394,curvature
96.80318403244019,0.8437405824661255,1.0,1.0,0.9573003649711609,curvature
96.84327530860901,0.8575798869132996,1.0,1.0,0.9537867903709412,curvature
96.88258123397827,0.8653074502944946,1.0,1.0,0.9524899125099182,curvature
96.92337012290955,0.871964156627655,1.0,1.0,0.951461136341095,curvature
96.9633719921112,0.885715901851654,1.0,1.0,0.9567606449127197,curvature
97.00563168525696,0.8999636769294739,1.0,1.0,0.9629983305931091,curvature
97.04501986503601,0.9205837249755859,1.0,1.0,0.9706701636314392,curvature
97.08517384529114,0.9262087941169739,1.0,1.0,0.9712302088737488,curvature
97.12623119354248,0.9311089515686035,1.0,1.0,0.97197425365448,curvature
97.1653962135315,0.9349939227104187,1.0,1.0,0.9729325771331787,curvature
97.20608067512512,0.939656138420105,1.0,1.0,0.9740390181541443,curvature
97.24856162071228,0.9488900899887085,1.0,1.0,0.9767616987228394,curvature
97.28820896148682,0.9520690441131592,1.0,1.0,0.9783254861831665,curvature
97.32898020744324,0.9564931392669678,1.0,1.0,0.9800236821174622,curvature
97.36910104751587,0.9540685415267944,1.0,1.0,0.9752335548400879,curvature
97.41004705429077,0.9516803622245789,1.0,1.0,0.9707657098770142,curvature
97.45066833496094,0.9518992900848389,1.0,1.0,0.968358039855957,curvature
97.49085736274719,0.9561305642127991,1.0,1.0,0.97030109167099,curvature
97.53100252151489,0.9604910612106323,1.0,1.0,0.972346842288971,curvature
97.57165551185608,0.9648727178573608,1.0,1.0,0.9745574593544006,curvature
97.61324071884155,0.9670121669769287,1.0,1.0,0.9768033623695374,curvature
97.65275955200195,0.9751744866371155,1.0,1.0,0.9816359877586365,curvature
97.69366145133972,0.9790327548980713,1.0,1.0,0.9841387271881104,curvature
97.7338936328888,0.9803836941719055,1.0,1.0,0.9867132902145386,curvature
97.77482271194458,0.9867796301841736,1.0,1.0,0.9900457262992859,curvature
97.81510972976685,0.9933706521987915,1.0,1.0,0.9936704635620117,curvature
97.85703253746033,0.9992201328277588,1.0,1.0,1.0,curvature
97.89668369293213,0.9961290955543518,1.0,1.0,1.0,curvature
97.9368588924408,0.993263304233551,1.0,1.0,1.0,curvature
97.97761416435242,0.9934254884719849,1.0,1.0,1.0,curvature
98.01814293861389,0.990755021572113,1.0,1.0,1.0,curvature
98.05856466293335,0.9858193397521973,1.0,1.0,1.0,curvature
98.09879469871521,0.986312747001648,1.0,1.0,1.0,curvature
98.13933205604553,0.7133607268333435,0.38185349106788635,1.0,1.0,preview
98.18055701255798,0.715538740158081,0.38185349106788635,1.0,1.0,preview
98.22096586227417,0.7086360454559326,0.38185349106788635,1.0,1.0,preview
98.2609167098999,0.7681198120117188,0.38185349106788635,1.0,1.0,preview
98.30172061920166,0.7871289253234863,0.38185349106788635,1.0,1.0,preview
98.3431613445282,0.8015690445899963,0.38185349106788635,1.0,1.0,preview
98.3831639289856,0.8646701574325562,0.38185349106788635,1.0,1.0,preview
98.42312335968018,0.9509981274604797,0.38185349106788635,1.0,1.0,preview
98.46309566497803,0.8611884117126465,0.38185349106788635,1.0,1.0,preview
98.50528812408447,0.7976409196853638,0.38185349106788635,1.0,1.0,preview
98.54494428634644,0.705926775932312,0.38185349106788635,1.0,1.0,preview
98.58572483062744,0.7176475524902344,0.38185349106788635,1.0,1.0,preview
98.62838292121887,0.6934179663658142,0.38185349106788635,1.0,1.0,preview
98.66839981079102,0.7257930636405945,0.38185349106788635,1.0,1.0,preview
98.70797729492188,0.7094350457191467,0.38185349106788635,1.0,1.0,preview
98.74824380874634,0.7260335683822632,0.38185349106788635,1.0,1.0,preview
98.78828310966492,0.7773891687393188,0.38185349106788635,1.0,1.0,preview
98.83016753196716,0.8306317329406738,0.38185349106788635,1.0,1.0,preview
98.8695330619812,0.8725234270095825,0.38185349106788635,1.0,1.0,preview
98.91025519371033,0.888422429561615,0.38185349106788635,1.0,1.0,preview
98.95049262046814,0.9000864028930664,0.38185349106788635,1.0,1.0,preview
98.99065637588501,0.9100149273872375,0.38185349106788635,1.0,1.0,preview
99.03221297264099,0.8915539979934692,0.38185349106788635,1.0,1.0,preview
99.07157564163208,0.9737975001335144,0.38185349106788635,1.0,1.0,preview
99.11318302154541,0.8724996447563171,0.38185349106788635,1.0,1.0,preview
99.15467071533203,0.8172916769981384,0.38185349106788635,1.0,1.0,preview
99.19661355018616,0.824600875377655,0.38185349106788635,1.0,1.0,preview
99.23598408699036,0.8346301913261414,0.38185349106788635,1.0,1.0,preview
99.27626132965088,0.877225399017334,0.38185349106788635,1.0,1.0,preview
99.31641364097595,0.8873449563980103,0.38185349106788635,1.0,1.0,preview
99.35692548751831,0.9206214547157288,0.38185349106788635,1.0,1.0,preview
99.39832091331482,0.9127215147018433,0.38185349106788635,1.0,1.0,preview
99.43896508216858,0.9044140577316284,0.38185349106788635,1.0,1.0,preview
99.47898936271667,0.9044027328491211,0.38185349106788635,1.0,1.0,preview
99.51911997795105,0.9395852088928223,0.38185349106788635,1.0,1.0,preview
99.55919599533081,0.9482808113098145,0.38185349106788635,1.0,1.0,preview
99.5998604297638,0.9551923274993896,0.38185349106788635,1.0,1.0,preview
99.64148211479187,0.9937754273414612,0.38185349106788635,1.0,1.0,preview
99.68136548995972,0.998785674571991,0.38185349106788635,1.0,1.0,preview
99.72238183021545,0.9628495573997498,0.38185349106788635,1.0,1.0,preview
99.763028383255,0.9634750485420227,0.38185349106788635,1.0,1.0,preview
99.8032751083374,0.9665327072143555,0.38185349106788635,1.0,1.0,preview
99.84447145462036,0.9366903901100159,0.38185349106788635,1.0,1.0,preview
99.88374423980713,0.9424933195114136,0.38185349106788635,1.0,1.0,preview
99.92480373382568,0.9469922184944153,0.38185349106788635,1.0,1.0,preview
99.96527194976807,0.921699583530426,0.38185349106788635,1.0,1.0,preview
100.00605630874634,0.9320830702781677,0.38185349106788635,1.0,1.0,preview
100.0474145412445,0.9154234528541565,0.38185349106788635,1.0,1.0,preview
100.08754634857178,0.9326281547546387,0.38185349106788635,1.0,1.0,preview
100.12840843200684,0.9130313396453857,0.38185349106788635,1.0,1.0,preview
100.16908717155457,0.918540358543396,0.38185349106788635,1.0,1.0,preview
100.20910048484802,0.925792396068573,0.38185349106788635,1.0,1.0,preview
100.24939823150635,0.932197630405426,0.38185349106788635,1.0,1.0,preview
100.28981876373291,0.8439245223999023,0.38185349106788635,1.0,0.9799421429634094,preview
100.33198738098145,0.839436948299408,0.38185349106788635,1.0,0.9859065413475037,preview
100.3711166381836,0.7025516629219055,0.38185349106788635,1.0,0.9919313192367554,preview
100.41051244735718,0.7114447355270386,0.38185349106788635,1.0,0.9981870651245117,preview
100.45192980766296,0.7288452982902527,0.38185349106788635,1.0,1.0,preview
100.49341440200806,0.6514922976493835,0.38185349106788635,1.0,1.0,preview
100.53375315666199,0.6659894585609436,0.38185349106788635,1.0,1.0,preview
100.57446312904358,0.6860780715942383,0.38185349106788635,1.0,1.0,preview
100.61437726020813,0.6153527498245239,0.38185349106788635,1.0,1.0,preview
100.65586423873901,0.6313299536705017,0.38185349106788635,1.0,1.0,preview
100.69563961029053,0.6679221391677856,0.38185349106788635,1.0,1.0,preview
100.73611569404602,0.6831397414207458,0.38185349106788635,1.0,1.0,preview
100.77766823768616,0.6971460580825806,0.38185349106788635,1.0,1.0,preview
100.8182897567749,0.6391530632972717,0.38185349106788635,1.0,1.0,preview
100.85806918144226,0.6560455560684204,0.38185349106788635,1.0,1.0,preview
100.89979004859924,0.6984116435050964,0.38185349106788635,1.0,1.0,preview
100.93929600715637,0.6529558300971985,0.38185349106788635,1.0,1.0,preview
100.98000001907349,0.6716542840003967,0.38185349106788635,1.0,1.0,preview
101.02012991905212,0.6930390000343323,0.38185349106788635,1.0,1.0,preview
101.06154108047485,0.7140764594078064,0.38185349106788635,1.0,1.0,preview
101.10171699523926,0.6948173642158508,0.38185349106788635,1.0,1.0,preview
101.14230871200562,0.831850528717041,1.0,1.0,1.0,curvature
101.18273711204529,0.8466600179672241,1.0,1.0,1.0,curvature
101.22374129295349,0.8504156470298767,1.0,1.0,1.0,curvature
101.26423287391663,0.8524785041809082,1.0,1.0,1.0,curvature
101.30467343330383,0.8667717576026917,1.0,1.0,1.0,curvature
101.34522747993469,0.8690304160118103,1.0,1.0,1.0,curvature
101.38603329658508,0.8714724779129028,1.0,1.0,1.0,curvature
101.42597246170044,0.8828644156455994,1.0,1.0,1.0,curvature
101.46658492088318,0.8883657455444336,1.0,1.0,1.0,curvature
101.50683951377869,0.8987814784049988,1.0,1.0,1.0,curvature
101.54850745201111,0.9016489386558533,1.0,1.0,1.0,curvature
101.58887600898743,0.9085690975189209,1.0,1.0,1.0,curvature
101.62949872016907,0.9114989042282104,1.0,1.0,1.0,curvature
101.67070865631104,0.9144534468650818,1.0,1.0,1.0,curvature
101.71017026901245,0.9214437007904053,1.0,1.0,1.0,curvature
101.75094842910767,0.9245415329933167,1.0,1.0,1.0,curvature
101.79138731956482,0.9276253581047058,1.0,1.0,1.0,curvature
101.83253455162048,0.9331988096237183,1.0,1.0,1.0,curvature
101.8737370967865,0.9362010955810547,1.0,1.0,1.0,curvature
101.91357898712158,0.9440564513206482,1.0,1.0,1.0,curvature
101.95373487472534,0.9478763341903687,1.0,1.0,1.0,curvature
101.99508619308472,0.9516763687133789,1.0,1.0,1.0,curvature
102.0345356464386,0.9543136358261108,1.0,1.0,1.0,curvature
102.07502102851868,0.9555425643920898,1.0,1.0,1.0,curvature
102.11576271057129,0.9591963887214661,1.0,1.0,1.0,curvature
102.15737056732178,0.9605576395988464,1.0,1.0,1.0,curvature
102.1974024772644,0.9626786112785339,1.0,1.0,1.0,curvature
102.23776364326477,0.9639815092086792,1.0,1.0,1.0,curvature
102.27881932258606,0.965887188911438,1.0,1.0,1.0,curvature
102.31824254989624,0.9685454964637756,1.0,1.0,1.0,curvature
102.35894727706909,0.9703369736671448,1.0,1.0,1.0,curvature
102.39960432052612,0.9716121554374695,1.0,1.0,1.0,curvature
102.44092845916748,0.9732110500335693,1.0,1.0,1.0,curvature
102.48181748390198,0.9744621515274048,1.0,1.0,1.0,curvature
102.52107644081116,0.9771382212638855,1.0,1.0,1.0,curvature
102.56229019165039,0.9784336090087891,1.0,1.0,1.0,curvature
102.60339140892029,0.9796885848045349,1.0,1.0,1.0,curvature
102.64333653450012,0.9801636338233948,1.0,1.0,1.0,curvature
102.68464732170105,0.9806292653083801,1.0,1.0,1.0,curvature
102.7251980304718,0.9821571111679077,1.0,1.0,1.0,curvature
102.76623511314392,0.9831295609474182,1.0,1.0,1.0,curvature
102.80546283721924,0.9843091368675232,1.0,1.0,1.0,curvature
102.84619545936584,0.9855372905731201,1.0,1.0,1.0,curvature
102.88853931427002,0.9863957762718201,1.0,1.0,1.0,curvature
102.92756414413452,0.9883089661598206,1.0,1.0,1.0,curvature
102.9685890674591,0.9893984794616699,1.0,1.0,1.0,curvature
103.00963878631592,0.9904907941818237,1.0,1.0,1.0,curvature
103.04946208000183,0.9998272657394409,1.0,1.0,1.0,curvature
103.09055376052856,0.9898154735565186,1.0,1.0,1.0,curvature
103.13135957717896,0.9792749285697937,1.0,1.0,1.0,curvature
103.17127251625061,0.9788069725036621,1.0,1.0,1.0,curvature
103.21207165718079,0.9797692894935608,1.0,1.0,1.0,curvature
103.25235056877136,0.9798637628555298,1.0,1.0,1.0,curvature
103.29276704788208,0.9799337387084961,1.0,1.0,1.0,curvature
103.33227181434631,0.9809262156486511,1.0,1.0,1.0,curvature
103.37339162826538,0.9817198514938354,1.0,1.0,1.0,curvature
103.41456866264343,0.9816038012504578,1.0,1.0,1.0,curvature
103.45512676239014,0.9817548990249634,1.0,1.0,1.0,curvature
103.4962944984436,0.98271244764328,1.0,1.0,1.0,curvature
103.5361430644989,0.9838836789131165,1.0,1.0,1.0,curvature
103.57716393470764,0.9841036200523376,1.0,1.0,1.0,curvature
103.61727452278137,0.9843314290046692,1.0,1.0,1.0,curvature
103.6582682132721,0.9908167719841003,1.0,1.0,1.0,curvature
103.6990270614624,0.9966020584106445,1.0,1.0,1.0,curvature
103.73954510688782,0.9971245527267456,1.0,1.0,1.0,curvature
103.77935910224915,0.9968709945678711,1.0,1.0,1.0,curvature
103.82117772102356,0.9969531893730164,1.0,1.0,1.0,curvature
103.86179041862488,0.9970856308937073,1.0,1.0,1.0,curvature
103.9020357131958,0.9971917867660522,1.0,1.0,1.0,curvature
103.94222140312195,0.9996111989021301,1.0,1.0,1.0,curvature
103.98308205604553,0.9981328248977661,1.0,1.0,1.0,curvature
104.02429676055908,0.9959979057312012,1.0,1.0,1.0,curvature
104.06553149223328,0.9960830807685852,1.0,1.0,1.0,curvature
104.10496759414673,0.9962427616119385,1.0,1.0,1.0,curvature
104.14477491378784,0.9966023564338684,1.0,1.0,1.0,curvature
104.1858766078949,0.9967873692512512,1.0,1.0,1.0,curvature
104.22698760032654,0.9969562292098999,1.0,1.0,1.0,curvature
104.26627731323242,0.9971389174461365,1.0,1.0,1.0,curvature
104.30723476409912,0.9973182678222656,1.0,1.0,1.0,curvature
104.34764003753662,0.9992613196372986,1.0,1.0,1.0,curvature
104.38932156562805,0.9961832761764526,1.0,1.0,1.0,curvature
104.42921447753906,0.9932880997657776,1.0,1.0,1.0,curvature
104.46946144104004,0.9931796193122864,1.0,1.0,1.0,curvature
104.51107144355774,0.9931790828704834,1.0,1.0,1.0,curvature
104.55171227455139,0.99361252784729,1.0,1.0,1.0,curvature
104.59148526191711,0.9939313530921936,1.0,1.0,1.0,curvature
104.63145184516907,0.994031548500061,1.0,1.0,1.0,curvature
104.67265200614929,0.9995406866073608,1.0,1.0,1.0,curvature
104.71370267868042,0.994697093963623,1.0,1.0,1.0,curvature
104.75354528427124,0.988789439201355,1.0,1.0,1.0,curvature
104.7942681312561,0.9889997839927673,1.0,1.0,1.0,curvature
104.83446931838989,0.989353358745575,1.0,1.0,1.0,curvature
104.874502658844,0.9899186491966248,1.0,1.0,1.0,curvature
104.91564750671387,0.9903141856193542,1.0,1.0,1.0,curvature
104.9564745426178,0.9905661940574646,1.0,1.0,1.0,curvature
104.99750018119812,0.9901923537254333,1.0,1.0,1.0,curvature
105.03848648071289,0.9899019598960876,1.0,1.0,1.0,curvature
105.07754850387573,0.9902442097663879,1.0,1.0,1.0,curvature
105.11845755577087,0.9906090497970581,1.0,1.0,1.0,curvature
105.1597216129303,0.9915423393249512,1.0,1.0,1.0,curvature
105.2003812789917,0.9920193552970886,1.0,1.0,1.0,curvature
105.24090194702148,0.9843447804450989,0.7342541813850403,1.0,1.0,preview
105.28015494346619,0.9936837553977966,0.7342541813850403,1.0,1.0,preview
105.3220145702362,0.9534336924552917,0.580355703830719,1.0,1.0,preview
105.36165070533752,0.9150677919387817,0.580355703830719,1.0,1.0,preview
105.4026746749878,0.913446843624115,0.580355703830719,1.0,1.0,preview
105.44268774986267,0.8073088526725769,0.3323041498661041,1.0,1.0,preview
105.48379135131836,0.8147467970848083,0.3323041498661041,1.0,1.0,preview
105.52384114265442,0.8346419930458069,0.3323041498661041,1.0,1.0,preview
105.56560683250427,0.8383203148841858,0.3323041498661041,1.0,1.0,preview
105.60597157478333,0.8255138397216797,0.3323041498661041,1.0,1.0,preview
105.6459059715271,0.805180549621582,0.3323041498661041,1.0,1.0,preview
105.6864926815033,0.8166571855545044,0.3323041498661041,1.0,1.0,preview
105.72731280326843,0.8408792614936829,0.3323041498661041,1.0,1.0,preview
105.76827454566956,0.8678745627403259,0.3323041498661041,1.0,1.0,preview
105.80796241760254,0.9002202749252319,0.3323041498661041,1.0,1.0,preview
105.84833550453186,0.9114242792129517,0.3323041498661041,1.0,1.0,preview
105.8881299495697,0.9622055292129517,0.3323041498661041,1.0,1.0,preview
105.93011212348938,0.9753404259681702,0.3323041498661041,1.0,1.0,preview
105.9696147441864,0.8787529468536377,0.3323041498661041,1.0,1.0,preview
106.01030826568604,0.87923264503479,0.3323041498661041,1.0,1.0,preview
106.05108451843262,0.8840876221656799,0.3323041498661041,1.0,1.0,preview
106.0910439491272,0.8919388651847839,0.3323041498661041,1.0,1.0,preview
106.13140678405762,0.8692960739135742,0.3323041498661041,1.0,1.0,preview
106.17240929603577,0.8924405574798584,0.3323041498661041,1.0,1.0,preview
106.21374320983887,0.908023476600647,0.3323041498661041,1.0,1.0,preview
106.25369048118591,0.9238511323928833,0.3323041498661041,1.0,1.0,preview
106.29389905929565,0.931523859500885,0.3323041498661041,1.0,1.0,preview
106.33534812927246,0.9376249313354492,0.3323041498661041,1.0,1.0,preview
106.3767819404602,0.9258228540420532,0.3323041498661041,1.0,1.0,preview
106.41642212867737,0.9312591552734375,0.3323041498661041,1.0,1.0,preview
106.45726490020752,0.9368657469749451,0.3323041498661041,1.0,1.0,preview
106.4976270198822,0.9422141313552856,0.3323041498661041,1.0,1.0,preview
106.53882360458374,0.928466796875,0.3323041498661041,1.0,1.0,preview
106.57949662208557,0.9470189213752747,0.3323041498661041,1.0,1.0,preview
106.61934351921082,0.9606612920761108,0.3323041498661041,1.0,1.0,preview
106.65904211997986,0.9731812477111816,0.3323041498661041,1.0,1.0,preview
106.69961762428284,0.9762839674949646,0.3323041498661041,1.0,1.0,preview
106.74050402641296,0.9790598750114441,0.3323041498661041,1.0,1.0,preview
106.78027772903442,0.9695208668708801,0.3323041498661041,1.0,1.0,preview
106.82165193557739,0.9715167284011841,0.3323041498661041,1.0,1.0,preview
106.86228394508362,0.9738110303878784,0.3323041498661041,1.0,1.0,preview
106.90210270881653,0.9759168028831482,0.3323041498661041,1.0,1.0,preview
106.94317984580994,0.9660118222236633,0.3323041498661041,1.0,1.0,preview
106.9845278263092,0.970101535320282,0.3323041498661041,1.0,1.0,preview
107.02592611312866,0.972440242767334,0.3323041498661041,1.0,1.0,preview
107.06601071357727,0.9641827344894409,0.3323041498661041,1.0,1.0,preview
107.1055998802185,0.9665567278862,0.3323041498661041,1.0,1.0,preview
107.14695310592651,0.9692375063896179,0.3323041498661041,1.0,1.0,preview
107.18688726425171,0.9740905165672302,0.3323041498661041,1.0,1.0,preview
107.22698044776917,0.9677616953849792,0.3323041498661041,1.0,1.0,preview
107.2687611579895,0.9697818160057068,0.3323041498661041,1.0,1.0,preview
107.30972051620483,0.9723023176193237,0.3323041498661041,1.0,1.0,preview
107.34903407096863,0.9745177626609802,0.3323041498661041,1.0,1.0,preview
107.38941979408264,0.9368540048599243,0.3323041498661041,1.0,1.0,preview
107.42958068847656,0.8640234470367432,0.3323041498661041,1.0,1.0,preview
107.47011876106262,0.8128730058670044,0.3323041498661041,1.0,1.0,preview
107.51053071022034,0.8196724653244019,0.3323041498661041,1.0,1.0,preview
107.55199551582336,0.8311048746109009,0.3323041498661041,1.0,1.0,preview
107.59187388420105,0.8534214496612549,0.3323041498661041,1.0,1.0,preview
107.63229537010193,0.8149401545524597,0.3323041498661041,1.0,1.0,preview
107.67325687408447,0.8246563076972961,0.3323041498661041,1.0,1.0,preview
107.71348810195923,0.8365070819854736,0.3323041498661041,1.0,1.0,preview
107.755854845047,0.8477665185928345,0.3323041498661041,1.0,1.0,preview
107.79514360427856,0.8271201252937317,0.3323041498661041,1.0,1.0,preview
107.83636426925659,0.8382524847984314,0.3323041498661041,1.0,1.0,preview
107.87592458724976,0.8498602509498596,0.3323041498661041,1.0,1.0,preview
107.91684865951538,0.8610378503799438,0.3323041498661041,1.0,1.0,preview
107.95636868476868,0.8361481428146362,0.3323041498661041,1.0,1.0,preview
107.99768829345703,0.8566246628761292,0.3323041498661041,1.0,1.0,preview
108.0395815372467,0.8667920827865601,0.3323041498661041,1.0,1.0,preview
108.07934165000916,0.8763127326965332,0.3323041498661041,1.0,1.0,preview
108.12017345428467,0.8570730090141296,0.3323041498661041,1.0,1.0,preview
108.16032457351685,0.8659924268722534,0.3323041498661041,1.0,1.0,preview
108.2016270160675,0.8847496509552002,0.3323041498661041,1.0,1.0,preview
108.24104428291321,0.7346411943435669,0.3323041498661041,1.0,0.9519716501235962,preview
108.28116083145142,0.7432999610900879,0.3323041498661041,1.0,0.9579970836639404,preview
108.32140183448792,0.7376587390899658,0.3323041498661041,1.0,0.96165531873703,preview
108.36300921440125,0.7320473194122314,0.3323041498661041,1.0,0.9651397466659546,preview
108.40307211875916,0.7416115999221802,0.3323041498661041,1.0,0.9747793078422546,preview
108.44314694404602,0.6445824503898621,0.3323041498661041,1.0,0.9808273911476135,preview
108.48493266105652,0.6577068567276001,0.3323041498661041,1.0,0.9868701696395874,preview
108.52509498596191,0.6763932108879089,0.3323041498661041,1.0,0.9930697679519653,preview
108.56616187095642,0.6035653352737427,0.3323041498661041,1.0,0.9990529417991638,preview
108.60544872283936,0.633414089679718,0.3323041498661041,1.0,1.0,preview
108.64744830131531,0.651620626449585,0.3323041498661041,1.0,1.0,preview
108.68751430511475,0.5908974409103394,0.3323041498661041,1.0,1.0,preview
108.72772932052612,0.6067453622817993,0.3323041498661041,1.0,1.0,preview
108.76806282997131,0.6254546642303467,0.3323041498661041,1.0,1.0,preview
108.80920600891113,0.5946717858314514,0.3323041498661041,1.0,1.0,preview
108.8490138053894,0.6108818650245667,0.3323041498661041,1.0,1.0,preview
108.890145778656,0.6295711994171143,0.3323041498661041,1.0,1.0,preview
108.93052864074707,0.5875450372695923,0.3323041498661041,1.0,1.0,preview
108.97220087051392,0.6035133004188538,0.3323041498661041,1.0,1.0,preview
109.01258087158203,0.590212881565094,0.3323041498661041,1.0,1.0,preview
109.05269980430603,0.608585000038147,0.3323041498661041,1.0,1.0,preview
109.09219026565552,0.6284955739974976,0.3323041498661041,1.0,1.0,preview
109.13301372528076,0.6480345726013184,0.3323041498661041,1.0,1.0,preview
109.17301774024963,0.6184194684028625,0.3323041498661041,1.0,1.0,preview
109.21354746818542,0.6664077639579773,0.3323041498661041,1.0,1.0,preview
109.25488758087158,0.7027275562286377,0.3323041498661041,1.0,1.0,preview
109.29607129096985,0.7392105460166931,0.3323041498661041,1.0,1.0,preview
109.3359603881836,0.8274107575416565,1.0,1.0,1.0,curvature
109.37608861923218,0.8320350050926208,1.0,1.0,1.0,curvature
109.41713094711304,0.8401187658309937,1.0,1.0,1.0,curvature
109.45683431625366,0.8429415225982666,1.0,1.0,1.0,curvature
109.4991717338562,0.8526539206504822,1.0,1.0,1.0,curvature
109.53799605369568,0.8558317422866821,1.0,1.0,1.0,curvature
109.5796594619751,0.8591051697731018,1.0,1.0,1.0,curvature
109.6192216873169,0.8674684762954712,1.0,1.0,1.0,curvature
109.65975189208984,0.8761496543884277,1.0,1.0,1.0,curvature
109.70097184181213,0.8796277642250061,1.0,1.0,1.0,curvature
109.74093461036682,0.8833089470863342,1.0,1.0,1.0,curvature
109.78216648101807,0.8869844675064087,1.0,1.0,1.0,curvature
109.82326030731201,0.8930463790893555,1.0,1.0,1.0,curvature
109.86396789550781,0.8947344422340393,1.0,1.0,1.0,curvature
109.90405893325806,0.8965245485305786,1.0,1.0,1.0,curvature
109.94467353820801,0.9006916284561157,1.0,1.0,1.0,curvature
109.98512578010559,0.9048445224761963,1.0,1.0,1.0,curvature
110.0257260799408,0.9135066866874695,1.0,1.0,1.0,curvature
110.06599736213684,0.9176371097564697,1.0,1.0,1.0,curvature
110.10569763183594,0.9215902090072632,1.0,1.0,1.0,curvature
110.1462733745575,0.9256131649017334,1.0,1.0,1.0,curvature
110.18784666061401,0.9281278848648071,1.0,1.0,1.0,curvature
110.2278459072113,0.9323239326477051,1.0,1.0,1.0,curvature
110.26899456977844,0.9358165264129639,1.0,1.0,1.0,curvature
110.31044363975525,0.9377574920654297,1.0,1.0,1.0,curvature
110.35061693191528,0.9401008486747742,1.0,1.0,1.0,curvature
110.39094877243042,0.9426369071006775,1.0,1.0,1.0,curvature
110.43162322044373,0.9485180377960205,1.0,1.0,1.0,curvature
110.47279500961304,0.9507131576538086,1.0,1.0,1.0,curvature
110.51269316673279,0.952830970287323,1.0,1.0,1.0,curvature
110.55328011512756,0.954962432384491,1.0,1.0,1.0,curvature
110.59324383735657,0.9573825001716614,1.0,1.0,1.0,curvature
110.63501119613647,0.9615845680236816,1.0,1.0,1.0,curvature
110.6751778125763,0.9637183547019958,1.0,1.0,1.0,curvature
110.71465635299683,0.9657133221626282,1.0,1.0,1.0,curvature
110.75459504127502,0.9676592350006104,1.0,1.0,1.0,curvature
110.79727625846863,0.9695701003074646,1.0,1.0,1.0,curvature
110.8377206325531,0.9731886982917786,1.0,1.0,1.0,curvature
110.87711453437805,0.9750492572784424,1.0,1.0,1.0,curvature
110.9179162979126,0.9768214821815491,1.0,1.0,1.0,curvature
110.95907092094421,0.9786043167114258,1.0,1.0,1.0,curvature
111.00007510185242,0.9798476696014404,1.0,1.0,1.0,curvature
111.03933691978455,0.9840758442878723,1.0,1.0,1.0,curvature
111.07973504066467,0.9860848784446716,1.0,1.0,1.0,curvature
111.12124633789062,0.9886966347694397,1.0,1.0,1.0,curvature
111.16174674034119,0.9902294278144836,1.0,1.0,1.0,curvature
111.20239186286926,0.9916595816612244,1.0,1.0,1.0,curvature
111.24291014671326,0.9935310482978821,1.0,1.0,1.0,curvature
111.28269124031067,0.9947856068611145,1.0,1.0,1.0,curvature
111.32454752922058,0.996016263961792,1.0,1.0,1.0,curvature
111.36320495605469,0.9963284134864807,1.0,1.0,1.0,curvature
111.40489792823792,0.9974657297134399,1.0,1.0,1.0,curvature
111.44505286216736,0.9958431124687195,1.0,1.0,1.0,curvature
111.48591566085815,0.9923900961875916,1.0,1.0,1.0,curvature
111.52680683135986,0.9897195100784302,1.0,1.0,1.0,curvature
111.56837940216064,0.9900454878807068,1.0,1.0,1.0,curvature
111.60842895507812,0.991226851940155,1.0,1.0,1.0,curvature
111.64773154258728,0.9937350153923035,1.0,1.0,1.0,curvature
111.68860268592834,0.9941074848175049,1.0,1.0,1.0,curvature
111.72894310951233,0.9952132701873779,1.0,1.0,1.0,curvature
111.76929092407227,0.9963326454162598,1.0,1.0,1.0,curvature
111.8112416267395,0.9974495768547058,1.0,1.0,1.0,curvature
111.85141229629517,0.9995379447937012,1.0,1.0,1.0,curvature
111.8905086517334,0.997684121131897,1.0,1.0,1.0,curvature
111.93118071556091,0.9949901103973389,1.0,1.0,1.0,curvature
111.97107553482056,0.9941979646682739,1.0,1.0,1.0,curvature
112.01291513442993,0.9934870600700378,1.0,1.0,1.0,curvature
112.05301284790039,0.9931256771087646,1.0,1.0,1.0,curvature
112.09505438804626,0.9925374984741211,1.0,1.0,1.0,curvature
112.13570594787598,0.9919803142547607,1.0,1.0,1.0,curvature
112.17535138130188,0.9923813939094543,1.0,1.0,1.0,curvature
112.21598315238953,0.9919131398200989,1.0,1.0,1.0,curvature
112.25572562217712,0.9851336479187012,1.0,1.0,1.0,curvature
112.29643487930298,0.9778556227684021,1.0,1.0,1.0,curvature
112.33670449256897,0.9706177711486816,1.0,1.0,1.0,curvature
112.37811803817749,0.9708150625228882,1.0,1.0,1.0,curvature
112.417977809906,0.9722296595573425,1.0,1.0,1.0,curvature
112.45906829833984,0.9732365608215332,1.0,1.0,1.0,curvature
112.49859762191772,0.9746158719062805,1.0,1.0,1.0,curvature
112.53929162025452,0.975102961063385,1.0,1.0,1.0,curvature
112.58069849014282,0.9756212830543518,1.0,1.0,1.0,curvature
112.6221673488617,0.9761541485786438,1.0,1.0,1.0,curvature
112.66195011138916,0.988746166229248,1.0,1.0,1.0,curvature
112.70180869102478,0.9448583722114563,0.40442904829978943,1.0,1.0,preview
112.74215650558472,0.8792763948440552,0.40442904829978943,1.0,1.0,preview
112.78410792350769,0.8797081708908081,0.40442904829978943,1.0,1.0,preview
112.82457137107849,0.8878327012062073,0.40442904829978943,1.0,1.0,preview
112.86442995071411,0.9157506227493286,0.40442904829978943,1.0,1.0,preview
112.90589094161987,0.9339219331741333,0.40442904829978943,1.0,1.0,preview
112.94622707366943,0.9417288303375244,0.40442904829978943,1.0,1.0,preview
112.98663926124573,0.9619227051734924,0.40442904829978943,1.0,1.0,preview
113.02725625038147,0.9686940908432007,0.40442904829978943,1.0,1.0,preview
113.06757140159607,0.9978097677230835,0.40442904829978943,1.0,1.0,preview
113.10818552970886,0.9781541228294373,0.40442904829978943,1.0,1.0,preview
113.14931964874268,0.9547814130783081,0.40442904829978943,1.0,1.0,preview
113.19007897377014,0.9550276398658752,0.40442904829978943,1.0,1.0,preview
113.23229742050171,0.9376975297927856,0.39429450035095215,1.0,1.0,preview
113.27120089530945,0.9451941847801208,0.39429450035095215,1.0,1.0,preview
113.31157398223877,0.9316624999046326,0.39429450035095215,1.0,1.0,preview
113.3527512550354,0.936347484588623,0.39429450035095215,1.0,1.0,preview
113.39312553405762,0.925987184047699,0.39429450035095215,1.0,1.0,preview
113.4338390827179,0.9315240979194641,0.39429450035095215,1.0,1.0,preview
113.47386455535889,0.9874075651168823,0.39429450035095215,1.0,1.0,preview
113.51428866386414,0.932187557220459,0.39429450035095215,1.0,1.0,preview
113.55468654632568,0.8813906908035278,0.39429450035095215,1.0,1.0,preview
113.59490156173706,0.8867198824882507,0.39429450035095215,1.0,1.0,preview
113.63652896881104,0.8923975229263306,0.39429450035095215,1.0,1.0,preview
113.67726802825928,0.919350802898407,0.39429450035095215,1.0,1.0,preview
113.7170991897583,0.9270774126052856,0.39429450035095215,1.0,1.0,preview
113.75761079788208,0.9461736083030701,0.39429450035095215,1.0,1.0,preview
113.79899072647095,0.9521529078483582,0.39429450035095215,1.0,1.0,preview
113.84036660194397,0.9568389654159546,0.39429450035095215,1.0,1.0,preview
113.87999367713928,0.9500607848167419,0.39429450035095215,1.0,1.0,preview
113.92073082923889,0.9407820701599121,0.39429450035095215,1.0,1.0,preview
113.96116423606873,0.916447639465332,0.39429450035095215,1.0,1.0,preview
114.00137066841125,0.9219493269920349,0.39429450035095215,1.0,1.0,preview
114.04185152053833,0.9470051527023315,0.39429450035095215,1.0,1.0,preview
114.08251237869263,0.9607508182525635,0.39429450035095215,1.0,1.0,preview
114.12309885025024,0.9879724383354187,0.39429450035095215,1.0,1.0,preview
114.16342234611511,0.9917998909950256,0.39429450035095215,1.0,1.0,preview
114.20427584648132,0.9928191900253296,0.39429450035095215,1.0,1.0,preview
114.24576306343079,0.9818934798240662,0.39429450035095215,1.0,1.0,preview
114.28505182266235,0.9801405072212219,0.39429450035095215,1.0,1.0,preview
114.32513689994812,0.9582805633544922,0.39429450035095215,1.0,1.0,preview
114.3661003112793,0.9596405625343323,0.39429450035095215,1.0,1.0,preview
114.40704560279846,0.9656410217285156,0.39429450035095215,1.0,1.0,preview
114.4477288722992,0.9014012217521667,0.39429450035095215,1.0,1.0,preview
114.48714303970337,0.9573022723197937,0.39429450035095215,1.0,1.0,preview
114.52871870994568,0.965632975101471,0.39429450035095215,1.0,1.0,preview
114.56931757926941,0.913722574710846,0.39429450035095215,1.0,1.0,preview
114.60893559455872,0.9110469818115234,0.39429450035095215,1.0,1.0,preview
114.6500072479248,0.9165463447570801,0.39429450035095215,1.0,1.0,preview
114.6916139125824,0.834581732749939,0.39429450035095215,1.0,1.0,preview
114.73164200782776,0.8398516178131104,0.39429450035095215,1.0,1.0,preview
114.77073740959167,0.7707211971282959,0.39429450035095215,1.0,1.0,preview
114.81176471710205,0.7815678119659424,0.39429450035095215,1.0,1.0,preview
114.85293984413147,0.7949810028076172,0.39429450035095215,1.0,1.0,preview
114.89345026016235,0.7565507292747498,0.39429450035095215,1.0,1.0,preview
114.9329001903534,0.7715219259262085,0.39429450035095215,1.0,1.0,preview
114.97451400756836,0.7289798855781555,0.39429450035095215,1.0,1.0,preview
115.01511406898499,0.7447309494018555,0.39429450035095215,1.0,1.0,preview
115.05534934997559,0.7617334127426147,0.39429450035095215,1.0,1.0,preview
115.09595346450806,0.7156668305397034,0.39429450035095215,1.0,1.0,preview
115.13583707809448,0.7043691277503967,0.39429450035095215,1.0,1.0,preview
115.17705631256104,0.6560220122337341,0.39429450035095215,1.0,1.0,preview
115.21865439414978,0.6733532547950745,0.39429450035095215,1.0,1.0,preview
115.25886178016663,0.6914870738983154,0.39429450035095215,1.0,1.0,preview
115.2990243434906,0.7006304860115051,0.39429450035095215,1.0,1.0,preview
115.33996486663818,0.7200999855995178,0.39429450035095215,1.0,1.0,preview
115.38001585006714,0.7116761803627014,0.39429450035095215,1.0,1.0,preview
115.42066168785095,0.73077392578125,0.39429450035095215,1.0,1.0,preview
115.4612991809845,0.7500220537185669,0.39429450035095215,1.0,1.0,preview
115.50141525268555,0.6325730681419373,0.39429450035095215,1.0,0.9246432185173035,preview
115.54184865951538,0.5392429232597351,0.39429450035095215,1.0,0.9333778619766235,preview
115.58254170417786,0.553858757019043,0.39429450035095215,1.0,0.9421790242195129,preview
115.62329506874084,0.5763588547706604,0.39429450035095215,1.0,0.9512783885002136,preview
115.6643168926239,0.5263158082962036,0.39429450035095215,1.0,0.9601200222969055,preview
115.70481967926025,0.5465447306632996,0.39429450035095215,1.0,0.9780210256576538,preview
115.74442791938782,0.5263158082962036,0.39429450035095215,1.0,0.9867711067199707,preview
115.78494668006897,0.5263158082962036,0.39429450035095215,1.0,0.9954614043235779,preview
115.82647061347961,0.5263158082962036,0.39429450035095215,1.0,1.0,preview
115.86708188056946,0.5263158082962036,0.39429450035095215,1.0,1.0,preview
115.90715146064758,0.5263158082962036,0.39429450035095215,1.0,1.0,preview
115.94879746437073,0.5263158082962036,0.39429450035095215,1.0,1.0,preview
115.98916864395142,0.5263158082962036,0.39429450035095215,1.0,1.0,preview
116.02936482429504,0.5263158082962036,0.39429450035095215,1.0,1.0,preview
116.07022166252136,0.5263158082962036,0.39429450035095215,1.0,1.0,preview
116.11059141159058,0.5263158082962036,0.39429450035095215,1.0,1.0,preview
116.15085744857788,0.5403270721435547,0.39429450035095215,1.0,1.0,preview
116.19208574295044,0.5263158082962036,0.39429450035095215,1.0,1.0,preview
116.23333549499512,0.5365504622459412,0.39429450035095215,1.0,1.0,preview
116.2737889289856,0.5592467188835144,0.39429450035095215,1.0,1.0,preview
116.31298494338989,0.754921019077301,1.0,1.0,1.0,curvature
116.35437607765198,0.7761806845664978,1.0,1.0,1.0,curvature
116.39433860778809,0.7863200902938843,1.0,1.0,1.0,curvature
116.43399906158447,0.7924844622612,1.0,1.0,1.0,curvature
116.47504186630249,0.8052707314491272,1.0,1.0,1.0,curvature
116.51530766487122,0.8105996251106262,1.0,1.0,1.0,curvature
116.55585885047913,0.80964195728302,1.0,1.0,1.0,curvature
116.59669709205627,0.8160969614982605,1.0,1.0,1.0,curvature
116.6371705532074,0.820600688457489,1.0,1.0,1.0,curvature
116.67871737480164,0.8254368901252747,1.0,1.0,1.0,curvature
116.71863198280334,0.8373318910598755,1.0,1.0,1.0,curvature
116.75958347320557,0.848010778427124,1.0,1.0,1.0,curvature
116.79888415336609,0.8532024621963501,1.0,1.0,1.0,curvature
116.84098100662231,0.8556675314903259,1.0,1.0,1.0,curvature
116.88087344169617,0.8583503365516663,1.0,1.0,1.0,curvature
116.92061352729797,0.8676903247833252,1.0,1.0,1.0,curvature
116.96322226524353,0.8740305304527283,1.0,1.0,1.0,curvature
117.00309538841248,0.8803302049636841,1.0,1.0,1.0,curvature
117.04271101951599,0.8873345255851746,1.0,1.0,1.0,curvature
117.08420610427856,0.8914703130722046,1.0,1.0,1.0,curvature
117.12442994117737,0.892439603805542,1.0,1.0,1.0,curvature
117.16463470458984,0.8894482254981995,1.0,1.0,1.0,curvature
117.20583462715149,0.8846402168273926,1.0,1.0,0.9874348044395447,curvature
117.24601221084595,0.8893365859985352,1.0,1.0,0.9860489368438721,curvature
117.28639960289001,0.8941110372543335,1.0,1.0,0.9849344491958618,curvature
117.32625341415405,0.9045409560203552,1.0,1.0,0.9833994507789612,curvature
117.36681485176086,0.9096933007240295,1.0,1.0,0.9829975366592407,curvature
117.40740752220154,0.9143083691596985,1.0,1.0,0.9828134179115295,curvature
117.44982528686523,0.918744683265686,1.0,1.0,0.982833981513977,curvature
117.4897882938385,0.9233177900314331,1.0,1.0,0.9830542206764221,curvature
117.52941989898682,0.9261814951896667,1.0,1.0,0.9794511795043945,curvature
117.56984376907349,0.9244731068611145,1.0,1.0,0.975090503692627,curvature
117.6119077205658,0.9216063022613525,1.0,1.0,0.9702720046043396,curvature
117.65218830108643,0.9262109398841858,1.0,1.0,0.970960259437561,curvature
117.69229865074158,0.9300678372383118,1.0,1.0,0.9717916250228882,curvature
117.73385715484619,0.9400172829627991,1.0,1.0,0.9739526510238647,curvature
117.77439069747925,0.9435557723045349,1.0,1.0,0.9752439260482788,curvature
117.81494498252869,0.9482787847518921,1.0,1.0,0.9766765832901001,curvature
117.85420203208923,0.9512626528739929,1.0,1.0,0.9782870411872864,curvature
117.89582657814026,0.9558876156806946,1.0,1.0,0.9799755811691284,curvature
117.93552160263062,0.9629719853401184,1.0,1.0,0.9837453961372375,curvature
117.97779703140259,0.9676393866539001,1.0,1.0,0.9857615232467651,curvature
118.01696681976318,0.9697494506835938,1.0,1.0,0.9878741502761841,curvature
118.05743098258972,0.9790159463882446,1.0,1.0,0.9917690753936768,curvature
118.09748530387878,0.9882441163063049,1.0,1.0,0.9954427480697632,curvature
118.13730192184448,0.998185932636261,1.0,1.0,1.0,curvature
118.17949438095093,0.9986236691474915,1.0,1.0,1.0,curvature
118.21903872489929,0.997718870639801,1.0,1.0,1.0,curvature
118.25974488258362,0.9941558837890625,1.0,1.0,1.0,curvature
118.30117726325989,0.994102954864502,1.0,1.0,1.0,curvature
118.34159851074219,0.9923574924468994,1.0,1.0,0.9976821541786194,curvature
118.3826413154602,0.9733002781867981,1.0,1.0,0.9786750674247742,curvature
118.42307043075562,0.957450270652771,1.0,1.0,0.9595407843589783,curvature
118.46407794952393,0.9583296179771423,1.0,1.0,0.9619134068489075,curvature
118.50423383712769,0.9627629518508911,1.0,1.0,0.964268684387207,curvature
118.54379725456238,0.9696722626686096,1.0,1.0,0.9692674875259399,lateral_error
118.58482933044434,0.9743489027023315,1.0,1.0,0.9718469381332397,lateral_error
118.62510013580322,0.9757825136184692,1.0,1.0,0.9745004773139954,lateral_error
118.66672778129578,0.9631284475326538,1.0,1.0,0.9624310731887817,lateral_error
118.70712971687317,0.9498693943023682,1.0,1.0,0.9492083787918091,lateral_error
118.74622368812561,0.9380360841751099,1.0,1.0,0.936683177947998,lateral_error
118.78595399856567,0.9405646920204163,1.0,1.0,0.9387546181678772,lateral_error
118.82737469673157,0.9460874795913696,1.0,1.0,0.9409283995628357,lateral_error
118.86880350112915,0.9519064426422119,1.0,1.0,0.9432819485664368,lateral_error
118.91045117378235,0.9547773599624634,1.0,1.0,0.9456844925880432,lateral_error
118.94949793815613,0.9591922760009766,1.0,1.0,0.9435709118843079,lateral_error
118.98988509178162,0.9547236561775208,1.0,1.0,0.9390893578529358,lateral_error
119.03119230270386,0.9532818794250488,1.0,1.0,0.9346109628677368,lateral_error
119.07114815711975,0.9590024948120117,1.0,1.0,0.937371015548706,lateral_error
119.1118791103363,0.9613959789276123,1.0,1.0,0.9401500225067139,lateral_error
119.15309357643127,0.9694966077804565,1.0,1.0,0.9460960626602173,lateral_error
119.19365620613098,0.9753356575965881,1.0,1.0,0.9491709470748901,lateral_error
119.23412656784058,0.980935275554657,1.0,1.0,0.952332615852356,lateral_error
119.27473902702332,0.9717939496040344,1.0,1.0,0.9457767009735107,lateral_error
119.31445693969727,0.96656334400177,1.0,1.0,0.9391677975654602,lateral_error
119.35568356513977,0.9630022048950195,1.0,1.0,0.9354037046432495,lateral_error
119.39554071426392,0.9684852361679077,1.0,1.0,0.9384613037109375,lateral_error
119.43697214126587,0.974325954914093,1.0,1.0,0.9415982961654663,lateral_error
119.4781289100647,0.97598797082901,1.0,1.0,0.944911003112793,lateral_error
119.51845455169678,0.9814794659614563,1.0,1.0,0.9482042193412781,lateral_error
119.55756568908691,0.9985257983207703,1.0,1.0,0.963056743144989,lateral_error
119.5988085269928,0.9860743284225464,1.0,1.0,0.9743431210517883,lateral_error
119.63972973823547,0.9766616821289062,1.0,1.0,0.9857193827629089,curvature
119.67930603027344,0.7420218586921692,0.43598702549934387,1.0,0.9900417327880859,preview
119.72157192230225,0.7288418412208557,0.43598702549934387,1.0,0.9942587018013,preview
119.760080575943,0.754026472568512,0.43598702549934387,1.0,1.0,preview
119.80102705955505,0.7862325310707092,0.43598702549934387,1.0,1.0,preview
119.84268689155579,0.7983830571174622,0.43598702549934387,1.0,1.0,preview
119.88276433944702,0.8003059029579163,0.43598702549934387,1.0,1.0,preview
119.92349863052368,0.8466530442237854,0.43598702549934387,1.0,1.0,preview
119.96445393562317,0.8616673946380615,0.43598702549934387,1.0,1.0,preview
120.00714635848999,0.9474353790283203,0.43598702549934387,1.0,1.0,preview
120.0468020439148,0.9628804326057434,0.43598702549934387,1.0,1.0,preview
120.08557510375977,0.9739292860031128,0.43598702549934387,1.0,1.0,preview
120.12603092193604,0.9198759198188782,0.43598702549934387,1.0,1.0,preview
120.16818976402283,0.8780630826950073,0.43598702549934387,1.0,1.0,preview
120.20666456222534,0.932984471321106,0.43598702549934387,1.0,1.0,preview
120.24712038040161,0.995299220085144,0.43598702549934387,1.0,1.0,preview
120.29002928733826,0.9077098965644836,0.43598702549934387,1.0,1.0,preview
120.33013129234314,0.9096639752388,0.43598702549934387,1.0,1.0,preview
120.36930990219116,0.8425206542015076,0.43598702549934387,1.0,1.0,preview
120.40930604934692,0.8510802984237671,0.43598702549934387,1.0,1.0,preview
120.45035243034363,0.863243579864502,0.43598702549934387,1.0,1.0,preview
120.4902913570404,0.8150110244750977,0.43598702549934387,1.0,1.0,preview
120.53106141090393,0.8323549032211304,0.43598702549934387,1.0,1.0,preview
120.57108187675476,0.8664304614067078,0.43598702549934387,1.0,1.0,preview
120.61251544952393,0.8202772736549377,0.43598702549934387,1.0,1.0,preview
120.65388774871826,0.8319279551506042,0.43598702549934387,1.0,1.0,preview
120.69369053840637,0.8466461300849915,0.43598702549934387,1.0,1.0,preview
120.73523378372192,0.8092072010040283,0.43598702549934387,1.0,1.0,preview
120.77551651000977,0.8338519930839539,0.43598702549934387,1.0,1.0,preview
120.81562852859497,0.8469364643096924,0.43598702549934387,1.0,1.0,preview
120.8573853969574,0.8589730858802795,0.43598702549934387,1.0,1.0,preview
120.8975305557251,0.8283636569976807,0.43598702549934387,1.0,1.0,preview
120.93838548660278,0.8400006890296936,0.43598702549934387,1.0,1.0,preview
120.97825622558594,0.8657435774803162,0.43598702549934387,1.0,1.0,preview
121.0185751914978,0.8423795104026794,0.43598702549934387,1.0,1.0,preview
121.05885219573975,0.853435218334198,0.43598702549934387,1.0,1.0,preview
121.09981513023376,0.8668922781944275,0.43598702549934387,1.0,1.0,preview
121.13927745819092,0.8479993939399719,0.43598702549934387,1.0,1.0,preview
121.18096089363098,0.8258929252624512,0.43598702549934387,1.0,1.0,preview
121.22202229499817,0.799961507320404,0.43598702549934387,1.0,1.0,preview
121.26269555091858,0.7797801494598389,0.43598702549934387,1.0,1.0,preview
121.30373978614807,0.7719306945800781,0.43598702549934387,1.0,1.0,preview
121.34357380867004,0.7881426811218262,0.43598702549934387,1.0,1.0,preview
121.38329434394836,0.8066517114639282,0.43598702549934387,1.0,1.0,preview
121.42317247390747,0.8242049813270569,0.43598702549934387,1.0,1.0,preview
121.4639105796814,0.8405717611312866,0.43598702549934387,1.0,1.0,preview
121.5054337978363,0.8552422523498535,0.43598702549934387,1.0,1.0,preview
121.54686164855957,0.8864946365356445,0.43598702549934387,1.0,0.9242728352546692,preview
121.58544731140137,0.6999559998512268,0.43598702549934387,1.0,0.9401038885116577,preview
121.62786388397217,0.70651775598526,0.43598702549934387,1.0,0.9481186270713806,preview
121.66721606254578,0.7165286540985107,0.43598702549934387,1.0,0.9562379121780396,preview
121.70742464065552,0.60996013879776,0.43598702549934387,1.0,0.9646711945533752,preview
121.74846649169922,0.6233066320419312,0.43598702549934387,1.0,0.9728992581367493,preview
121.78878021240234,0.6393008232116699,0.43598702549934387,1.0,0.9883110523223877,preview
121.83143353462219,0.6328722238540649,0.43598702549934387,1.0,0.995672881603241,preview
121.87100434303284,0.5391001105308533,0.43598702549934387,1.0,1.0,preview
121.9111077785492,0.5557936429977417,0.43598702549934387,1.0,1.0,preview
121.95249843597412,0.5763107538223267,0.43598702549934387,1.0,1.0,preview
121.9932062625885,0.5503140091896057,0.43598702549934387,1.0,1.0,preview
122.03281235694885,0.5734074711799622,0.43598702549934387,1.0,1.0,preview
122.07335424423218,0.5977668166160583,0.43598702549934387,1.0,1.0,preview
122.11527156829834,0.5573146343231201,0.43598702549934387,1.0,1.0,preview
122.1552345752716,0.5797836184501648,0.43598702549934387,1.0,1.0,preview
122.19477367401123,0.6295563578605652,0.43598702549934387,1.0,1.0,preview
122.23559403419495,0.5957538485527039,0.43598702549934387,1.0,1.0,preview
122.27622294425964,0.6178088784217834,0.43598702549934387,1.0,1.0,preview
122.31654214859009,0.788541316986084,1.0,1.0,1.0,curvature
122.3573408126831,0.7980085015296936,1.0,1.0,1.0,curvature
122.3978328704834,0.8145405650138855,1.0,1.0,1.0,curvature
122.43827676773071,0.8262336254119873,1.0,1.0,1.0,curvature
122.47962021827698,0.8284727334976196,1.0,1.0,1.0,curvature
122.51942944526672,0.8395704627037048,1.0,1.0,1.0,curvature
122.55972123146057,0.8429492712020874,1.0,1.0,1.0,curvature
122.60108590126038,0.8526690006256104,1.0,1.0,1.0,curvature
122.64162731170654,0.8626787662506104,1.0,1.0,1.0,curvature
122.681800365448,0.8662207722663879,1.0,1.0,1.0,curvature
122.72195267677307,0.8699164390563965,1.0,1.0,1.0,curvature
122.76315069198608,0.8737795948982239,1.0,1.0,1.0,curvature
122.80321049690247,0.8834971785545349,1.0,1.0,1.0,curvature
122.8437147140503,0.8878819942474365,1.0,1.0,1.0,curvature
122.88427758216858,0.8959435224533081,1.0,1.0,1.0,curvature
122.92645406723022,0.9002169966697693,1.0,1.0,1.0,curvature
122.96633529663086,0.9043276906013489,1.0,1.0,1.0,curvature
123.00646114349365,0.9176872968673706,1.0,1.0,1.0,curvature
123.04647064208984,0.9252392053604126,1.0,1.0,1.0,curvature
123.0871262550354,0.9349344968795776,1.0,1.0,1.0,curvature
123.12811946868896,0.9366316199302673,1.0,1.0,1.0,curvature
123.16870164871216,0.9399711489677429,1.0,1.0,1.0,curvature
123.20871162414551,0.9444014430046082,1.0,1.0,1.0,curvature
123.24920105934143,0.9457678198814392,1.0,1.0,1.0,curvature
123.2893898487091,0.9471564888954163,1.0,1.0,1.0,curvature
123.33037257194519,0.9578745365142822,1.0,1.0,1.0,curvature
123.37093901634216,0.967256486415863,1.0,1.0,1.0,curvature
123.41105580329895,0.9786282777786255,1.0,1.0,1.0,curvature
123.4518666267395,0.979378342628479,1.0,1.0,1.0,curvature
123.492835521698,0.9806022644042969,1.0,1.0,1.0,curvature
123.5327558517456,0.9811682105064392,1.0,1.0,1.0,curvature
123.5736095905304,0.9817529916763306,1.0,1.0,1.0,curvature
123.61414241790771,0.9833964705467224,1.0,1.0,1.0,curvature
123.65509271621704,0.984341025352478,1.0,1.0,1.0,curvature
123.6951653957367,0.9848432540893555,1.0,1.0,1.0,curvature
123.73542737960815,0.9853621125221252,1.0,1.0,1.0,curvature
123.77679443359375,0.9861778020858765,1.0,1.0,1.0,curvature
123.81905841827393,0.9874590039253235,1.0,1.0,1.0,curvature
123.85720634460449,0.9879631996154785,1.0,1.0,1.0,curvature
123.89815664291382,0.9884541034698486,1.0,1.0,1.0,curvature
123.93868637084961,0.9918003082275391,1.0,1.0,1.0,curvature
123.97995281219482,0.9950085282325745,1.0,1.0,1.0,curvature
124.02001619338989,0.9986770749092102,1.0,1.0,1.0,curvature
124.05963611602783,0.9989199638366699,1.0,1.0,1.0,curvature
124.10047054290771,0.9990760087966919,1.0,1.0,1.0,curvature
124.14190196990967,0.999203085899353,1.0,1.0,1.0,curvature
124.18258142471313,0.9992818832397461,1.0,1.0,1.0,curvature
124.22271585464478,0.9994667768478394,1.0,1.0,1.0,curvature
124.26479148864746,0.9995840787887573,1.0,1.0,1.0,curvature
124.30479383468628,0.9996902942657471,1.0,1.0,1.0,curvature
124.34510660171509,0.9940417408943176,1.0,1.0,1.0,curvature
124.38534665107727,0.987811803817749,1.0,1.0,1.0,curvature
124.42681288719177,0.9819130897521973,1.0,1.0,1.0,curvature
124.46651887893677,0.9824727177619934,1.0,1.0,1.0,curvature
124.50684881210327,0.9830191731452942,1.0,1.0,1.0,curvature
124.54702091217041,0.9836595058441162,1.0,1.0,1.0,curvature
124.58837580680847,0.984496533870697,1.0,1.0,1.0,curvature
124.62746047973633,0.9858083128929138,1.0,1.0,1.0,curvature
124.66830277442932,0.9866219162940979,1.0,1.0,1.0,curvature
124.70960807800293,0.9872569441795349,1.0,1.0,1.0,curvature
124.75017356872559,0.9967471361160278,1.0,1.0,1.0,curvature
124.79038119316101,0.9934267997741699,1.0,1.0,1.0,curvature
124.83091068267822,0.9838617444038391,1.0,1.0,1.0,curvature
124.87253475189209,0.9841143488883972,1.0,1.0,1.0,curvature
124.91260433197021,0.984211802482605,1.0,1.0,1.0,curvature
124.95174050331116,0.9850183129310608,1.0,1.0,1.0,curvature
124.99373149871826,0.9853314161300659,1.0,1.0,1.0,curvature
125.03376889228821,0.9864309430122375,1.0,1.0,1.0,curvature
125.07370829582214,0.9868295788764954,1.0,1.0,1.0,curvature
125.1143012046814,0.9875261187553406,1.0,1.0,1.0,curvature
125.15519666671753,0.9886627793312073,1.0,1.0,1.0,curvature
125.1963460445404,0.9898656606674194,1.0,1.0,1.0,curvature
125.23647618293762,0.9917296767234802,1.0,1.0,1.0,curvature
125.2769775390625,0.992254912853241,1.0,1.0,1.0,curvature
125.31871700286865,0.9927080273628235,1.0,1.0,1.0,curvature
125.35920190811157,0.993224561214447,1.0,1.0,1.0,curvature
125.39917230606079,0.9937312006950378,1.0,1.0,1.0,curvature
125.43895530700684,0.9946085810661316,1.0,1.0,1.0,curvature
125.47991180419922,0.9950728416442871,1.0,1.0,1.0,curvature
125.5211329460144,0.9369112253189087,0.3933555483818054,1.0,1.0,preview
125.56156373023987,0.9960802793502808,0.3933555483818054,1.0,1.0,preview
125.60148072242737,0.9366533756256104,0.3933555483818054,1.0,1.0,preview
125.64331793785095,0.8659071922302246,0.3933555483818054,1.0,1.0,preview
125.68355774879456,0.8624411821365356,0.3933555483818054,1.0,1.0,preview
125.7232415676117,0.8707294464111328,0.3933555483818054,1.0,1.0,preview
125.76345920562744,0.8791982531547546,0.3933555483818054,1.0,1.0,preview
125.80451226234436,0.8890390396118164,0.3933555483818054,1.0,1.0,preview
125.84476447105408,0.923001229763031,0.3933555483818054,1.0,1.0,preview
125.8844141960144,0.934419572353363,0.3933555483818054,1.0,1.0,preview
125.92710304260254,0.9416883587837219,0.3933555483818054,1.0,1.0,preview
125.96639370918274,0.9755107760429382,0.3933555483818054,1.0,1.0,preview
126.0084798336029,0.9072425365447998,0.3933555483818054,1.0,1.0,preview
126.04674577713013,0.8341838121414185,0.3933555483818054,1.0,1.0,preview
126.0886914730072,0.8396224975585938,0.3933555483818054,1.0,1.0,preview
126.12902879714966,0.851241946220398,0.3933555483818054,1.0,1.0,preview
126.16917562484741,0.8630610108375549,0.3933555483818054,1.0,1.0,preview
126.21130561828613,0.8644260168075562,0.3933555483818054,1.0,1.0,preview
126.25150609016418,0.8863682746887207,0.3933555483818054,1.0,1.0,preview
126.29193758964539,0.8927876353263855,0.3933555483818054,1.0,1.0,preview
126.33170318603516,0.902818500995636,0.3933555483818054,1.0,1.0,preview
126.37206244468689,0.9961152076721191,0.3933555483818054,1.0,1.0,preview
126.4134669303894,0.9024343490600586,0.3933555483818054,1.0,1.0,preview
126.45287585258484,0.8268846273422241,0.3933555483818054,1.0,1.0,preview
126.49386835098267,0.8324703574180603,0.3933555483818054,1.0,1.0,preview
126.53512239456177,0.8442780375480652,0.3933555483818054,1.0,1.0,preview
126.57645988464355,0.8553001880645752,0.3933555483818054,1.0,1.0,preview
126.6154944896698,0.8674550652503967,0.3933555483818054,1.0,1.0,preview
126.65744853019714,0.8897485733032227,0.3933555483818054,1.0,1.0,preview
126.69719552993774,0.9057492613792419,0.3933555483818054,1.0,1.0,preview
126.73743724822998,0.9162782430648804,0.3933555483818054,1.0,1.0,preview
126.77852010726929,0.911927342414856,0.3933555483818054,1.0,1.0,preview
126.8192310333252,0.9071625471115112,0.3933555483818054,1.0,1.0,preview
126.85956144332886,0.9196360111236572,0.3933555483818054,1.0,1.0,preview
126.8987717628479,0.9271202087402344,0.3933555483818054,1.0,1.0,preview
126.9396653175354,0.9339793920516968,0.3933555483818054,1.0,1.0,preview
126.98090314865112,0.9547852277755737,0.3933555483818054,1.0,1.0,preview
127.02161812782288,0.9614211916923523,0.3933555483818054,1.0,1.0,preview
127.06216788291931,0.9700442552566528,0.3933555483818054,1.0,1.0,preview
127.10327339172363,0.9915863275527954,0.3933555483818054,1.0,1.0,preview
127.14442849159241,0.9941018223762512,0.3933555483818054,1.0,1.0,preview
127.18398427963257,0.994982123374939,0.3933555483818054,1.0,1.0,preview
127.22456574440002,0.9844058752059937,0.3933555483818054,1.0,1.0,preview
127.26486086845398,0.9839599132537842,0.3933555483818054,1.0,1.0,preview
127.30548119544983,0.9850007891654968,0.3933555483818054,1.0,1.0,preview
127.34559941291809,0.9673360586166382,0.3933555483818054,1.0,1.0,preview
127.38723492622375,0.968625009059906,0.3933555483818054,1.0,1.0,preview
127.4268946647644,0.9702879786491394,0.3933555483818054,1.0,1.0,preview
127.46727538108826,0.7555779218673706,0.3933555483818054,1.0,0.910615086555481,preview
127.50934338569641,0.761237382888794,0.3933555483818054,1.0,0.9187888503074646,preview
127.54933285713196,0.6301597952842712,0.3933555483818054,1.0,0.9270651936531067,preview
127.58954548835754,0.6439005732536316,0.3933555483818054,1.0,0.9356417059898376,preview
127.63079595565796,0.6622070074081421,0.3933555483818054,1.0,0.9440327882766724,preview
127.671213388443,0.5859851241111755,0.3933555483818054,1.0,0.9612070918083191,preview
127.71202516555786,0.5263158082962036,0.3933555483818054,1.0,0.9697072505950928,preview
127.75281715393066,0.531974732875824,0.3933555483818054,1.0,0.9782040119171143,preview
127.79206776618958,0.5549573302268982,0.3933555483818054,1.0,0.9869117736816406,preview
127.83346939086914,0.5263158082962036,0.3933555483818054,1.0,0.9952929019927979,preview
127.87353229522705,0.5407770276069641,0.3933555483818054,1.0,1.0,preview
127.91496753692627,0.5263158082962036,0.3933555483818054,1.0,1.0,preview
127.95430064201355,0.5263158082962036,0.3933555483818054,1.0,1.0,preview
127.99470591545105,0.5376598238945007,0.3933555483818054,1.0,1.0,preview
128.03643226623535,0.5263158082962036,0.3933555483818054,1.0,1.0,preview
128.07695865631104,0.541979193687439,0.3933555483818054,1.0,1.0,preview
128.1169753074646,0.5263158082962036,0.3933555483818054,1.0,1.0,preview
128.15741395950317,0.5325062274932861,0.3933555483818054,1.0,1.0,preview
128.20036959648132,0.555552065372467,0.3933555483818054,1.0,1.0,preview
128.2391655445099,0.7302475571632385,1.0,1.0,1.0,curvature
128.2790243625641,0.7488133907318115,1.0,1.0,1.0,curvature
128.3189504146576,0.7543962001800537,1.0,1.0,1.0,curvature
128.3610680103302,0.7666530609130859,1.0,1.0,1.0,curvature
128.400306224823,0.771920919418335,1.0,1.0,1.0,curvature
128.4420154094696,0.7775205969810486,1.0,1.0,1.0,curvature
128.4835240840912,0.790619969367981,1.0,1.0,1.0,curvature
128.52250289916992,0.7968774437904358,1.0,1.0,1.0,curvature
128.56331968307495,0.8031905889511108,1.0,1.0,1.0,curvature
128.6041705608368,0.8154605627059937,1.0,1.0,1.0,curvature
128.64427495002747,0.8217064738273621,1.0,1.0,1.0,curvature
128.684903383255,0.8299419283866882,1.0,1.0,1.0,curvature
128.72541069984436,0.8410117030143738,1.0,1.0,1.0,curvature
128.76609301567078,0.8474146723747253,1.0,1.0,1.0,curvature
128.80752086639404,0.8540015816688538,1.0,1.0,1.0,curvature
128.84779906272888,0.8603679537773132,1.0,1.0,1.0,curvature
128.8876690864563,0.8642701506614685,1.0,1.0,1.0,curvature
128.92950057983398,0.8648603558540344,1.0,1.0,1.0,curvature
128.9693500995636,0.8655845522880554,1.0,1.0,1.0,curvature
129.0085949897766,0.8691041469573975,1.0,1.0,1.0,curvature
129.04992270469666,0.8754522204399109,1.0,1.0,1.0,curvature
129.08992195129395,0.8836249113082886,1.0,1.0,1.0,curvature
129.13065266609192,0.8882564902305603,1.0,1.0,1.0,curvature
129.1715703010559,0.8924419283866882,1.0,1.0,1.0,curvature
129.21162033081055,0.8923001289367676,1.0,1.0,1.0,curvature
129.2516074180603,0.8903000950813293,1.0,1.0,1.0,curvature
129.29187774658203,0.8934262990951538,1.0,1.0,0.9945200085639954,curvature
129.3319697380066,0.8979418277740479,1.0,1.0,0.9933503270149231,curvature
129.37309455871582,0.9027425050735474,1.0,1.0,0.9924120306968689,curvature
129.41592168807983,0.907401978969574,1.0,1.0,0.9916749000549316,curvature
129.45663118362427,0.9120685458183289,1.0,1.0,0.9911820888519287,curvature
129.49615597724915,0.9211713075637817,1.0,1.0,0.9908243417739868,curvature
129.53586840629578,0.9257340431213379,1.0,1.0,0.9909523725509644,curvature
129.57793521881104,0.9296419620513916,1.0,1.0,0.9912636876106262,curvature
129.6178104877472,0.9337875843048096,1.0,1.0,0.9917598366737366,curvature
129.65855717658997,0.9379475712776184,1.0,1.0,0.9924086332321167,curvature
129.6987714767456,0.945490300655365,1.0,1.0,0.994185745716095,curvature
129.73936867713928,0.9496263861656189,1.0,1.0,0.9952787756919861,curvature
129.77980160713196,0.953533411026001,1.0,1.0,0.9965016841888428,curvature
129.82103729248047,0.9430235624313354,1.0,1.0,0.9840697050094604,curvature
129.8610656261444,0.9321303367614746,1.0,1.0,0.9725874066352844,curvature
129.9013466835022,0.927285373210907,1.0,1.0,0.9626539349555969,curvature
129.94220495224,0.9305058717727661,1.0,1.0,0.9637386202812195,curvature
129.98317861557007,0.9350907206535339,1.0,1.0,0.9649583697319031,curvature
130.02437925338745,0.9398760795593262,1.0,1.0,0.9663565754890442,curvature
130.0646915435791,0.944491446018219,1.0,1.0,0.9678535461425781,curvature
130.10425353050232,0.9520351886749268,1.0,1.0,0.971289336681366,curvature
130.14531111717224,0.9565905332565308,1.0,1.0,0.9731685519218445,curvature
130.18598866462708,0.9610605835914612,1.0,1.0,0.9751624464988708,curvature
130.22647166252136,0.9675791263580322,1.0,1.0,0.9836999177932739,curvature
130.26611733436584,0.975907027721405,1.0,1.0,0.9921982884407043,curvature
130.3069462776184,0.9855828285217285,1.0,1.0,1.0,curvature
130.34822130203247,0.9889259338378906,1.0,1.0,1.0,curvature
130.38800358772278,0.9921231269836426,1.0,1.0,1.0,curvature
130.43056058883667,0.9952393770217896,1.0,1.0,1.0,curvature
130.47059154510498,0.9958282113075256,1.0,1.0,1.0,curvature
130.5090959072113,0.9984268546104431,1.0,1.0,1.0,curvature
130.54981541633606,0.9957894682884216,1.0,1.0,1.0,curvature
130.58981013298035,0.9954736828804016,1.0,1.0,1.0,curvature
130.63185501098633,0.9980665445327759,1.0,1.0,1.0,curvature
130.6727077960968,0.9993154406547546,1.0,1.0,1.0,curvature
130.71268939971924,0.996711015701294,1.0,1.0,1.0,curvature
130.75214791297913,0.9944075345993042,1.0,1.0,1.0,curvature
130.79506540298462,0.9922515749931335,1.0,1.0,1.0,curvature
130.83381032943726,0.9814627170562744,1.0,1.0,1.0,curvature
130.87469935417175,0.9709116220474243,1.0,1.0,1.0,curvature
130.9159643650055,0.9590469002723694,1.0,1.0,1.0,curvature
130.95778036117554,0.9580790996551514,1.0,1.0,1.0,curvature
130.99718379974365,0.9576194286346436,1.0,1.0,1.0,curvature
131.03679394721985,0.957423210144043,1.0,1.0,1.0,curvature
131.07762551307678,0.9594475030899048,1.0,1.0,1.0,curvature
131.1174612045288,0.9656361937522888,1.0,1.0,1.0,curvature
131.15919017791748,0.9717104434967041,1.0,1.0,1.0,curvature
131.19954299926758,0.9777351021766663,1.0,1.0,1.0,curvature
131.24124097824097,0.9774373173713684,1.0,1.0,1.0,curvature
131.2809829711914,0.9770040512084961,1.0,1.0,1.0,curvature
131.32069540023804,0.9778349995613098,1.0,1.0,1.0,curvature
131.36163568496704,0.9775213003158569,1.0,1.0,1.0,curvature
131.40241241455078,0.9772033095359802,1.0,1.0,1.0,curvature
131.44248366355896,0.9799740314483643,1.0,1.0,1.0,curvature
131.48218202590942,0.9840257167816162,1.0,1.0,1.0,curvature
131.52361726760864,0.986605703830719,1.0,1.0,1.0,curvature
131.56452679634094,0.9863314628601074,1.0,1.0,1.0,curvature
131.60402250289917,0.9859658479690552,1.0,1.0,1.0,curvature
131.6446018218994,0.98670893907547,1.0,1.0,1.0,curvature
131.686341047287,0.9864072203636169,1.0,1.0,1.0,curvature
131.726704120636,0.9886634945869446,1.0,1.0,1.0,curvature
131.7667589187622,0.9921326637268066,1.0,1.0,1.0,curvature
131.80669498443604,0.8986337184906006,0.40442904829978943,1.0,1.0,preview
131.84821724891663,0.8989985585212708,0.40442904829978943,1.0,1.0,preview
131.88881659507751,0.9005663990974426,0.40442904829978943,1.0,1.0,preview
131.9293200969696,0.9317227602005005,0.40442904829978943,1.0,1.0,preview
131.97030758857727,0.9518490433692932,0.40442904829978943,1.0,1.0,preview
132.01111769676208,0.9578093886375427,0.40442904829978943,1.0,1.0,preview
132.05079317092896,0.90176922082901,0.40442904829978943,1.0,1.0,preview
132.0917203426361,0.8320666551589966,0.40442904829978943,1.0,1.0,preview
132.13194251060486,0.797651469707489,0.40442904829978943,1.0,1.0,preview
132.17358922958374,0.8274060487747192,0.40442904829978943,1.0,1.0,preview
132.2132384777069,0.8440335392951965,0.40442904829978943,1.0,1.0,preview
132.25298404693604,0.8821889162063599,0.40442904829978943,1.0,1.0,preview
132.29509329795837,0.8971831202507019,0.40442904829978943,1.0,1.0,preview
132.33474206924438,0.969590961933136,0.40442904829978943,1.0,1.0,preview
132.37499022483826,0.9690902233123779,0.40442904829978943,1.0,1.0,preview
132.41529417037964,0.9485615491867065,0.40442904829978943,1.0,1.0,preview
132.45838332176208,0.9187530279159546,0.40442904829978943,1.0,1.0,preview
132.4985809326172,0.9206188917160034,0.40442904829978943,1.0,1.0,preview
132.53750920295715,0.9020211100578308,0.40442904829978943,1.0,1.0,preview
132.57783937454224,0.9085936546325684,0.40442904829978943,1.0,1.0,preview
132.6191849708557,0.9161190986633301,0.40442904829978943,1.0,1.0,preview
132.65935754776,0.8380855917930603,0.40442904829978943,1.0,1.0,preview
132.7000470161438,0.7920923233032227,0.40442904829978943,1.0,1.0,preview
132.74083805084229,0.745269238948822,0.40442904829978943,1.0,1.0,preview
132.78192377090454,0.7596363425254822,0.40442904829978943,1.0,1.0,preview
132.82132244110107,0.7768953442573547,0.40442904829978943,1.0,1.0,preview
132.8622386455536,0.7814769744873047,0.40442904829978943,1.0,1.0,preview
132.90361404418945,0.7978119850158691,0.40442904829978943,1.0,1.0,preview
132.94406843185425,0.8284586668014526,0.40442904829978943,1.0,1.0,preview
132.98455166816711,0.8501970767974854,0.40442904829978943,1.0,1.0,preview
133.02463507652283,0.869812548160553,0.40442904829978943,1.0,1.0,preview
133.06580209732056,0.882201075553894,0.40442904829978943,1.0,1.0,preview
133.10605764389038,0.8924352526664734,0.40442904829978943,1.0,1.0,preview
133.14626502990723,0.9142606258392334,0.40442904829978943,1.0,1.0,preview
133.18639183044434,0.9270365834236145,0.40442904829978943,1.0,1.0,preview
133.22676706314087,0.9354639053344727,0.40442904829978943,1.0,1.0,preview
133.267235994339,0.9422167539596558,0.40442904829978943,1.0,1.0,preview
133.30773830413818,0.9539633393287659,0.40442904829978943,1.0,1.0,preview
133.3485391139984,0.9646217823028564,0.40442904829978943,1.0,1.0,preview
133.39114904403687,0.9774662852287292,0.40442904829978943,1.0,1.0,preview
133.42960810661316,0.9812302589416504,0.40442904829978943,1.0,1.0,preview
133.4707591533661,0.9831433296203613,0.40442904829978943,1.0,1.0,preview
133.5117151737213,0.7414368987083435,0.40442904829978943,1.0,0.8719481229782104,preview
133.551438331604,0.5263158082962036,0.40442904829978943,1.0,0.8926393985748291,preview
133.59356713294983,0.5263158082962036,0.40442904829978943,1.0,0.9025453925132751,preview
133.63242173194885,0.5263158082962036,0.40442904829978943,1.0,0.9126444458961487,preview
133.67404413223267,0.5263158082962036,0.40442904829978943,1.0,0.9232314825057983,preview
133.71389627456665,0.5263158082962036,0.40442904829978943,1.0,0.933664858341217,preview
133.7553265094757,0.5263158082962036,0.40442904829978943,1.0,0.9552372097969055,preview
133.79595565795898,0.5263158082962036,0.40442904829978943,1.0,0.9660192728042603,preview
133.8357856273651,0.5263158082962036,0.40442904829978943,1.0,0.9768876433372498,preview
133.8759868144989,0.5263158082962036,0.40442904829978943,1.0,0.9881649017333984,preview
133.91696524620056,0.5263158082962036,0.40442904829978943,1.0,0.9991701245307922,preview
133.9570438861847,0.5263158082962036,0.40442904829978943,1.0,1.0,preview
133.9977149963379,0.5263158082962036,0.40442904829978943,1.0,1.0,preview
134.039564371109,0.5263158082962036,0.40442904829978943,1.0,1.0,preview
134.07861590385437,0.5263158082962036,0.40442904829978943,1.0,1.0,preview
134.12053513526917,0.5263158082962036,0.40442904829978943,1.0,1.0,preview
134.16089057922363,0.5826908946037292,1.0,1.0,1.0,curvature
134.20060753822327,0.6032925248146057,1.0,1.0,1.0,curvature
134.24154424667358,0.6118319034576416,1.0,1.0,1.0,curvature
134.28281021118164,0.6171792149543762,1.0,1.0,1.0,curvature
134.32292532920837,0.6227705478668213,1.0,1.0,1.0,curvature
134.36299872398376,0.6370556354522705,1.0,1.0,1.0,curvature
134.40356850624084,0.6533763408660889,1.0,1.0,1.0,curvature
134.4451072216034,0.6604416966438293,1.0,1.0,1.0,curvature
134.48451113700867,0.6680097579956055,1.0,1.0,1.0,curvature
134.52550435066223,0.6758382320404053,1.0,1.0,1.0,curvature
134.56752729415894,0.691109299659729,1.0,1.0,1.0,curvature
134.60764694213867,0.7039490938186646,1.0,1.0,1.0,curvature
134.64711737632751,0.7089415192604065,1.0,1.0,1.0,curvature
134.6877739429474,0.7189620733261108,1.0,1.0,1.0,curvature
134.728679895401,0.7236045598983765,1.0,1.0,1.0,curvature
134.7687213420868,0.7365940809249878,1.0,1.0,1.0,curvature
134.8105707168579,0.7428514957427979,1.0,1.0,1.0,curvature
134.85249018669128,0.7528306245803833,1.0,1.0,1.0,curvature
134.8919599056244,0.7592536211013794,1.0,1.0,0.9942231774330139,curvature
134.93228483200073,0.764914870262146,1.0,1.0,0.9884025454521179,curvature
134.97164607048035,0.779491662979126,1.0,1.0,0.9777103662490845,curvature
135.01236844062805,0.7870280146598816,1.0,1.0,0.9732889533042908,curvature
135.05403470993042,0.7932040691375732,1.0,1.0,0.968917727470398,curvature
135.093736410141,0.8026081323623657,1.0,1.0,0.9648382067680359,curvature
135.13393568992615,0.8092779517173767,1.0,1.0,0.9612537622451782,curvature
135.17435717582703,0.8238469362258911,1.0,1.0,0.9546223282814026,curvature
135.213561296463,0.8349447846412659,1.0,1.0,0.9523440003395081,curvature
135.25536584854126,0.8458210825920105,1.0,1.0,0.9510552287101746,curvature
135.2970836162567,0.8534303903579712,1.0,1.0,0.9493712186813354,curvature
135.33670592308044,0.8603202104568481,1.0,1.0,0.9480311274528503,curvature
135.37691259384155,0.8737614750862122,1.0,1.0,0.9461326599121094,curvature
135.41865038871765,0.8813913464546204,1.0,1.0,0.9455910325050354,curvature
135.4582941532135,0.8882333636283875,1.0,1.0,0.9452991485595703,curvature
135.49908781051636,0.8966550827026367,1.0,1.0,0.9467990398406982,curvature
135.54020762443542,0.9052954316139221,1.0,1.0,0.9486313462257385,curvature
135.58048272132874,0.9185503721237183,1.0,1.0,0.9515785574913025,curvature
135.62218976020813,0.9238287210464478,1.0,1.0,0.9525147080421448,curvature
135.6621971130371,0.9290817379951477,1.0,1.0,0.9536389112472534,curvature
135.70135140419006,0.9331071972846985,1.0,1.0,0.9549793601036072,curvature
135.74221777915955,0.9382106065750122,1.0,1.0,0.956454336643219,curvature
135.78360056877136,0.9484284520149231,1.0,1.0,0.9599306583404541,curvature
135.82402276992798,0.951312243938446,1.0,1.0,0.961861252784729,curvature
135.86508321762085,0.9558849930763245,1.0,1.0,0.9639197587966919,curvature
135.9049050807953,0.963348388671875,1.0,1.0,0.9682052135467529,curvature
135.94568800926208,0.9710092544555664,1.0,1.0,0.9726682305335999,curvature
135.9858558177948,0.9805586338043213,1.0,1.0,0.9801602363586426,lateral_error
136.02646350860596,0.9846457242965698,1.0,1.0,0.9829022288322449,lateral_error
136.06696319580078,0.9857127666473389,1.0,1.0,0.9857139587402344,curvature
136.10769891738892,0.9892742037773132,1.0,1.0,0.9886724352836609,lateral_error
136.14768242835999,0.9929041862487793,1.0,1.0,0.9916009902954102,lateral_error
136.1878457069397,0.9970439076423645,1.0,1.0,0.997694194316864,curvature
136.2295708656311,0.9997047185897827,1.0,1.0,1.0,curvature
136.2703185081482,0.9966026544570923,1.0,1.0,1.0,curvature
136.31028151512146,0.9937796592712402,1.0,1.0,1.0,curvature
136.35105419158936,0.993892252445221,1.0,1.0,1.0,curvature
136.39233589172363,0.9956249594688416,1.0,1.0,1.0,curvature
136.43278241157532,0.999653697013855,1.0,1.0,1.0,curvature
136.47267842292786,0.994177520275116,1.0,1.0,1.0,curvature
136.5131278038025,0.9966764450073242,1.0,1.0,1.0,curvature
136.55513215065002,0.9993733167648315,1.0,1.0,1.0,curvature
136.59463739395142,0.9978560209274292,1.0,1.0,1.0,curvature
136.63489198684692,0.9953837394714355,1.0,1.0,1.0,curvature
136.67639183998108,0.993059515953064,1.0,1.0,1.0,curvature
136.71663331985474,0.990898072719574,1.0,1.0,1.0,curvature
136.75725412368774,0.9912459254264832,1.0,1.0,1.0,curvature
136.79626846313477,0.988434910774231,1.0,1.0,1.0,curvature
136.838312625885,0.9875128865242004,1.0,1.0,1.0,curvature
136.879962682724,0.986724317073822,1.0,1.0,1.0,curvature
136.91950941085815,0.987362265586853,1.0,1.0,1.0,curvature
136.95974779129028,0.9857133030891418,1.0,1.0,1.0,curvature
137.00052857398987,0.9825869202613831,1.0,1.0,1.0,curvature
137.04187893867493,0.9833025336265564,1.0,1.0,1.0,curvature
137.08182501792908,0.9819349646568298,1.0,1.0,1.0,curvature
137.1221776008606,0.9806724190711975,1.0,1.0,1.0,curvature
137.1636655330658,0.9794502854347229,1.0,1.0,1.0,curvature
137.2051281929016,0.9722069501876831,1.0,1.0,1.0,curvature
137.24452877044678,0.9660734534263611,1.0,1.0,1.0,curvature
137.28608322143555,0.9574724435806274,1.0,1.0,1.0,curvature
137.3257646560669,0.9568623304367065,1.0,1.0,1.0,curvature
137.36585521697998,0.9566541314125061,1.0,1.0,1.0,curvature
137.4058973789215,0.958939254283905,1.0,1.0,1.0,curvature
137.44742727279663,0.9590921401977539,1.0,1.0,1.0,curvature
137.4866554737091,0.9593031406402588,1.0,1.0,1.0,curvature
137.52850008010864,0.9614059925079346,1.0,1.0,1.0,curvature
137.56862878799438,0.961728036403656,1.0,1.0,1.0,curvature
137.61005020141602,0.9562579393386841,1.0,1.0,1.0,curvature
137.64948153495789,0.9517196416854858,1.0,1.0,1.0,curvature
137.6900703907013,0.9452410936355591,1.0,1.0,1.0,curvature
137.73007321357727,0.9460271000862122,1.0,1.0,1.0,curvature
137.7715585231781,0.9469193816184998,1.0,1.0,1.0,curvature
137.81183528900146,0.9509022235870361,1.0,1.0,1.0,curvature
137.85199213027954,0.9521576166152954,1.0,1.0,1.0,curvature
137.89350414276123,0.9533761739730835,1.0,1.0,1.0,curvature
137.93327069282532,0.9558221101760864,1.0,1.0,1.0,curvature
137.97344136238098,0.9570808410644531,1.0,1.0,1.0,curvature
138.01420760154724,0.949791669845581,1.0,1.0,1.0,curvature
138.05518245697021,0.9411172270774841,1.0,1.0,1.0,curvature
138.09518718719482,0.9301826357841492,1.0,1.0,1.0,curvature
138.13687014579773,0.9320135712623596,1.0,1.0,1.0,curvature
138.17659664154053,0.9342087507247925,1.0,1.0,1.0,curvature
138.21757769584656,0.9400026798248291,1.0,1.0,1.0,curvature
138.25910830497742,0.9424213767051697,1.0,1.0,1.0,curvature
138.2974808216095,0.9447081685066223,1.0,1.0,1.0,curvature
138.33812046051025,0.9476216435432434,1.0,1.0,1.0,curvature
138.3814046382904,0.9498721361160278,1.0,1.0,1.0,curvature
138.42129635810852,0.9650357961654663,1.0,1.0,1.0,curvature
138.4606385231018,0.9775775074958801,1.0,1.0,1.0,curvature
138.50104689598083,0.9891213178634644,1.0,1.0,1.0,curvature
138.54088258743286,0.9908763766288757,1.0,1.0,1.0,curvature
138.5818166732788,0.9920563101768494,1.0,1.0,1.0,curvature
138.62253594398499,0.9936429262161255,1.0,1.0,1.0,curvature
138.6647288799286,0.9946383237838745,1.0,1.0,1.0,curvature
138.70378851890564,0.9955823421478271,1.0,1.0,1.0,curvature
138.74513578414917,0.9964406490325928,1.0,1.0,1.0,curvature
138.78609156608582,0.9967433214187622,1.0,1.0,1.0,curvature
138.82586526870728,0.9997904300689697,1.0,1.0,1.0,curvature
138.86547994613647,0.9434754252433777,0.40411609411239624,1.0,1.0,preview
138.9060628414154,0.9590156078338623,0.40411609411239624,1.0,1.0,preview
138.94703769683838,0.9659842252731323,0.40411609411239624,1.0,1.0,preview
138.987651348114,0.970530092716217,0.40411609411239624,1.0,1.0,preview
139.02744841575623,0.9841862320899963,0.40411609411239624,1.0,1.0,preview
139.0683343410492,0.9943463206291199,0.40411609411239624,1.0,1.0,preview
139.10868072509766,0.9961673021316528,0.40411609411239624,1.0,1.0,preview
139.15067291259766,0.9927355647087097,0.40411609411239624,1.0,1.0,preview
139.19099521636963,0.991607129573822,0.40411609411239624,1.0,1.0,preview
139.2307574748993,0.9620377421379089,0.40411609411239624,1.0,1.0,preview
139.27104425430298,0.915795624256134,0.40411609411239624,1.0,1.0,preview
139.31275820732117,0.8646847605705261,0.40411609411239624,1.0,1.0,preview
139.3527374267578,0.877023458480835,0.40411609411239624,1.0,1.0,preview
139.39362144470215,0.8849675059318542,0.40411609411239624,1.0,1.0,preview
139.43429446220398,0.9150063395500183,0.40411609411239624,1.0,1.0,preview
139.47423481941223,0.9242192506790161,0.40411609411239624,1.0,1.0,preview
139.51510405540466,0.9440085291862488,0.40411609411239624,1.0,1.0,preview
139.55508470535278,0.9508481025695801,0.40411609411239624,1.0,1.0,preview
139.5958731174469,0.9562557339668274,0.40411609411239624,1.0,1.0,preview
139.63608837127686,0.9629397988319397,0.40411609411239624,1.0,1.0,preview
139.67548203468323,0.8983604907989502,0.40411609411239624,1.0,1.0,preview
139.71822667121887,0.8609831929206848,0.40411609411239624,1.0,1.0,preview
139.75843262672424,0.8552863597869873,0.40411609411239624,1.0,1.0,preview
139.7991237640381,0.8656083345413208,0.40411609411239624,1.0,1.0,preview
139.83857893943787,0.8766584396362305,0.40411609411239624,1.0,1.0,preview
139.88085675239563,0.887739896774292,0.40411609411239624,1.0,1.0,preview
139.92120265960693,0.8977277874946594,0.40411609411239624,1.0,1.0,preview
139.96080827713013,0.8992964029312134,0.40411609411239624,1.0,1.0,preview
140.00189971923828,0.9082610607147217,0.40411609411239624,1.0,1.0,preview
140.04220724105835,0.939415454864502,0.40411609411239624,1.0,1.0,preview
140.0828881263733,0.9665265083312988,0.40411609411239624,1.0,1.0,preview
140.123393535614,0.9916002154350281,0.40411609411239624,1.0,1.0,preview
140.16322922706604,0.9922413229942322,0.40411609411239624,1.0,1.0,preview
140.20450067520142,0.9933071136474609,0.40411609411239624,1.0,1.0,preview
140.24345755577087,0.9936486482620239,0.40411609411239624,1.0,1.0,preview
140.28471636772156,0.9947227239608765,0.40411609411239624,1.0,1.0,preview
140.32470154762268,0.9956324696540833,0.40411609411239624,1.0,1.0,preview
140.36744594573975,0.9947323799133301,0.40411609411239624,1.0,1.0,preview
140.40696907043457,0.9953630566596985,0.40411609411239624,1.0,1.0,preview
140.44693422317505,0.9950500130653381,0.40411609411239624,1.0,1.0,preview
140.48726153373718,0.9955214262008667,0.40411609411239624,1.0,1.0,preview
140.52812671661377,0.9959719181060791,0.40411609411239624,1.0,1.0,preview
140.56891417503357,0.8357181549072266,0.40411609411239624,1.0,1.0,preview
140.61019158363342,0.836004376411438,0.40411609411239624,1.0,1.0,preview
140.65039205551147,0.6938419342041016,0.40411609411239624,1.0,1.0,preview
140.69061875343323,0.6709383130073547,0.40411609411239624,1.0,1.0,preview
140.73118352890015,0.6534358859062195,0.40411609411239624,1.0,1.0,preview
140.77206015586853,0.6714357137680054,0.40411609411239624,1.0,1.0,preview
140.8142282962799,0.6181128025054932,0.40411609411239624,1.0,1.0,preview
140.8554003238678,0.657907247543335,0.40411609411239624,1.0,1.0,preview
140.8954644203186,0.679058849811554,0.40411609411239624,1.0,1.0,preview
140.9367413520813,0.6367692947387695,0.40411609411239624,1.0,1.0,preview
140.9771764278412,0.6568663120269775,0.40411609411239624,1.0,1.0,preview
141.01725387573242,0.6785033345222473,0.40411609411239624,1.0,1.0,preview
141.05710768699646,0.6694449782371521,0.40411609411239624,1.0,1.0,preview
141.09822964668274,0.690595805644989,0.40411609411239624,1.0,1.0,preview
141.13860249519348,0.7120727896690369,0.40411609411239624,1.0,1.0,preview
141.17891120910645,0.6875485181808472,0.40411609411239624,1.0,1.0,preview
141.2187716960907,0.7084586024284363,0.40411609411239624,1.0,1.0,preview
141.26197004318237,0.751771867275238,0.40411609411239624,1.0,1.0,preview
141.30122113227844,0.7345440983772278,0.40411609411239624,1.0,1.0,preview
141.34132480621338,0.7532826066017151,0.40411609411239624,1.0,1.0,preview
141.38441514968872,0.8983820676803589,1.0,1.0,1.0,curvature
141.42347288131714,0.9054006338119507,1.0,1.0,1.0,curvature
141.46306371688843,0.9127162098884583,1.0,1.0,1.0,curvature
141.50313138961792,0.916062593460083,1.0,1.0,1.0,curvature
141.54418873786926,0.9152936935424805,1.0,1.0,1.0,curvature
141.58399844169617,0.9177473187446594,1.0,1.0,1.0,curvature
141.62439584732056,0.9236104488372803,1.0,1.0,1.0,curvature
141.66564750671387,0.9293152689933777,1.0,1.0,1.0,curvature
141.7062633037567,0.9318823218345642,1.0,1.0,1.0,curvature
141.74638080596924,0.9344274997711182,1.0,1.0,1.0,curvature
141.78688144683838,0.939275860786438,1.0,1.0,1.0,curvature
141.82728600502014,0.9417927265167236,1.0,1.0,1.0,curvature
141.86748242378235,0.9469930529594421,1.0,1.0,1.0,curvature
141.90765738487244,0.9495852589607239,1.0,1.0,1.0,curvature
141.94836258888245,0.952079176902771,1.0,1.0,1.0,curvature
141.99069905281067,0.95585697889328,1.0,1.0,1.0,curvature
142.03127098083496,0.9582309722900391,1.0,1.0,1.0,curvature
142.0712924003601,0.957654595375061,1.0,1.0,1.0,curvature
142.11121678352356,0.9566542506217957,1.0,1.0,1.0,curvature
142.15109539031982,0.9540733695030212,1.0,1.0,1.0,curvature
142.1929612159729,0.9562662839889526,1.0,1.0,1.0,curvature
142.2337465286255,0.9578937888145447,1.0,1.0,1.0,curvature
142.27382969856262,0.9618164300918579,1.0,1.0,1.0,curvature
142.3140721321106,0.963481068611145,1.0,1.0,1.0,curvature
142.3540666103363,0.9654229879379272,1.0,1.0,1.0,curvature
142.3948528766632,0.9671677947044373,1.0,1.0,1.0,curvature
142.4354796409607,0.9689145684242249,1.0,1.0,1.0,curvature
142.47751665115356,0.9724156260490417,1.0,1.0,1.0,curvature
142.51680636405945,0.9739353060722351,1.0,1.0,1.0,curvature
142.55693745613098,0.9755780696868896,1.0,1.0,1.0,curvature
142.59892225265503,0.9772321581840515,1.0,1.0,1.0,curvature
142.64008617401123,0.9785555005073547,1.0,1.0,1.0,curvature
142.67875003814697,0.9816376566886902,1.0,1.0,1.0,curvature
142.72115421295166,0.9830788969993591,1.0,1.0,1.0,curvature
142.76108694076538,0.9840455651283264,1.0,1.0,1.0,curvature
142.80193185806274,0.9865952730178833,1.0,1.0,1.0,curvature
142.84297370910645,0.9891428351402283,1.0,1.0,1.0,curvature
142.8830008506775,0.9929203391075134,1.0,1.0,1.0,curvature
142.9233980178833,0.993463933467865,1.0,1.0,1.0,curvature
142.96326065063477,0.9944844245910645,1.0,1.0,1.0,curvature
143.0030074119568,0.9954712390899658,1.0,1.0,1.0,curvature
143.04387640953064,0.996444582939148,1.0,1.0,1.0,curvature
143.0841839313507,0.9976590275764465,1.0,1.0,1.0,curvature
143.1248619556427,0.9985272884368896,1.0,1.0,1.0,curvature
143.16562628746033,0.9993612766265869,1.0,1.0,1.0,curvature
143.20598220825195,0.9965532422065735,1.0,1.0,1.0,curvature
143.24732065200806,0.9917594194412231,1.0,1.0,1.0,curvature
143.28710007667542,0.9870747923851013,1.0,1.0,1.0,curvature
143.32866430282593,0.986624538898468,1.0,1.0,1.0,curvature
143.368661403656,0.9864380359649658,1.0,1.0,1.0,curvature
143.4085443019867,0.9863554835319519,1.0,1.0,1.0,curvature
143.4494662284851,0.9870195388793945,1.0,1.0,1.0,curvature
143.48964285850525,0.9838532209396362,1.0,1.0,1.0,curvature
143.52970552444458,0.9807533025741577,1.0,1.0,1.0,curvature
143.57007217407227,0.977776288986206,1.0,1.0,1.0,curvature
143.61061644554138,0.9787818789482117,1.0,1.0,1.0,curvature
143.6524634361267,0.979221761226654,1.0,1.0,1.0,curvature
143.69239783287048,0.9801537394523621,1.0,1.0,1.0,curvature
143.73307991027832,0.9812037944793701,1.0,1.0,1.0,curvature
143.77261996269226,0.9816800355911255,1.0,1.0,1.0,curvature
143.81456112861633,0.982811450958252,1.0,1.0,1.0,curvature
143.85651278495789,0.9839034080505371,1.0,1.0,1.0,curvature
143.89614033699036,0.9854788780212402,1.0,1.0,1.0,curvature
143.93624258041382,0.986327588558197,1.0,1.0,1.0,curvature
143.97731685638428,0.9867745637893677,1.0,1.0,1.0,curvature
144.0176064968109,0.9872098565101624,1.0,1.0,1.0,curvature
144.05848932266235,0.9876382350921631,1.0,1.0,1.0,curvature
144.09800100326538,0.9983521699905396,1.0,1.0,1.0,curvature
144.13912296295166,0.9923884272575378,1.0,1.0,1.0,curvature
144.179301738739,0.983688473701477,1.0,1.0,1.0,curvature
144.21979188919067,0.9836691617965698,1.0,1.0,1.0,curvature
144.26044464111328,0.9842391610145569,1.0,1.0,1.0,curvature
144.30212807655334,0.9855503439903259,1.0,1.0,1.0,curvature
144.34268474578857,0.986187219619751,1.0,1.0,1.0,curvature
144.38379383087158,0.9868959188461304,1.0,1.0,1.0,curvature
144.4235143661499,0.9793647527694702,1.0,1.0,1.0,curvature
144.46461987495422,0.972335696220398,1.0,1.0,1.0,curvature
144.50414371490479,0.9670009016990662,1.0,1.0,1.0,curvature
144.54513263702393,0.9681520462036133,1.0,1.0,1.0,curvature
144.58530926704407,0.9697458148002625,1.0,1.0,1.0,curvature
144.62633228302002,0.9711986780166626,1.0,1.0,1.0,curvature
144.66675782203674,0.9726433753967285,1.0,1.0,1.0,curvature
144.70678901672363,0.9776351451873779,1.0,1.0,1.0,curvature
144.74682927131653,0.9809609055519104,1.0,1.0,1.0,curvature
144.7866599559784,0.8631940484046936,0.40442904829978943,1.0,1.0,preview
144.82869935035706,0.8625779151916504,0.40442904829978943,1.0,1.0,preview
144.87043237686157,0.8689939975738525,0.40442904829978943,1.0,1.0,preview
144.91057705879211,0.9080979228019714,0.40442904829978943,1.0,1.0,preview
144.95127868652344,0.9209529757499695,0.40442904829978943,1.0,1.0,preview
144.99190711975098,0.9277169704437256,0.40442904829978943,1.0,1.0,preview
145.03172540664673,0.9624541401863098,0.40442904829978943,1.0,1.0,preview
145.07274103164673,0.990069568157196,0.40442904829978943,1.0,1.0,preview
145.11206912994385,0.9511275887489319,0.40442904829978943,1.0,1.0,preview
145.1528239250183,0.925650954246521,0.40442904829978943,1.0,1.0,preview
145.19478034973145,0.928314745426178,0.40442904829978943,1.0,1.0,preview
145.2346487045288,0.9124376177787781,0.40442904829978943,1.0,1.0,preview
145.27592182159424,0.9173948168754578,0.40442904829978943,1.0,1.0,preview
145.3155312538147,0.8227669596672058,0.40442904829978943,1.0,1.0,preview
145.35540318489075,0.7512438297271729,0.40442904829978943,1.0,1.0,preview
145.39637637138367,0.6798828840255737,0.40442904829978943,1.0,1.0,preview
145.4368438720703,0.6939870119094849,0.40442904829978943,1.0,1.0,preview
145.47861075401306,0.7138822674751282,0.40442904829978943,1.0,1.0,preview
145.51957321166992,0.7486279010772705,0.40442904829978943,1.0,1.0,preview
145.55848288536072,0.7692891359329224,0.40442904829978943,1.0,1.0,preview
145.59832072257996,0.7893567681312561,0.40442904829978943,1.0,1.0,preview
145.6399359703064,0.7702611684799194,0.40442904829978943,1.0,1.0,preview
145.68005847930908,0.7491533756256104,0.40442904829978943,1.0,1.0,preview
145.72099471092224,0.7516604065895081,0.40442904829978943,1.0,1.0,preview
145.76172065734863,0.769899308681488,0.40442904829978943,1.0,1.0,preview
145.80301690101624,0.7881945967674255,0.40442904829978943,1.0,1.0,preview
145.84334754943848,0.821914792060852,0.40442904829978943,1.0,1.0,preview
145.8833281993866,0.8404557704925537,0.40442904829978943,1.0,1.0,preview
145.92335486412048,0.8938345909118652,0.40442904829978943,1.0,1.0,preview
145.96469569206238,0.9040151238441467,0.40442904829978943,1.0,1.0,preview
146.00516939163208,0.911940336227417,0.40442904829978943,1.0,1.0,preview
146.04564881324768,0.9210150241851807,0.40442904829978943,1.0,1.0,preview
146.08793568611145,0.9636579155921936,0.40442904829978943,1.0,1.0,preview
146.12795042991638,0.9819714426994324,0.40442904829978943,1.0,1.0,preview
146.16819167137146,0.9806052446365356,0.40442904829978943,1.0,1.0,preview
146.20853304862976,0.9813286066055298,0.40442904829978943,1.0,1.0,preview
146.2500684261322,0.9450005292892456,0.40442904829978943,1.0,1.0,preview
146.2901520729065,0.9460769295692444,0.40442904829978943,1.0,1.0,preview
146.3301706314087,0.918286919593811,0.40442904829978943,1.0,1.0,preview
146.37007355690002,0.9232441782951355,0.40442904829978943,1.0,1.0,preview
146.41152095794678,0.929633617401123,0.40442904829978943,1.0,1.0,preview
146.45267176628113,0.9193277955055237,0.40442904829978943,1.0,1.0,preview
146.49298071861267,0.8799340128898621,0.40442904829978943,1.0,1.0,preview
146.5324604511261,0.8784121870994568,0.40442904829978943,1.0,1.0,preview
146.57382822036743,0.9634702205657959,0.40442904829978943,1.0,1.0,preview
146.61492776870728,0.9757798910140991,0.40442904829978943,1.0,1.0,preview
146.6547040939331,0.9783951640129089,0.40442904829978943,1.0,1.0,preview
146.69585990905762,0.980993926525116,0.40442904829978943,1.0,1.0,preview
146.73776936531067,0.9277732968330383,0.40442904829978943,1.0,1.0,preview
146.77656960487366,0.9259514808654785,0.40442904829978943,1.0,1.0,preview
146.8170416355133,0.8575655221939087,0.40442904829978943,1.0,1.0,preview
146.85780239105225,0.8650560975074768,0.40442904829978943,1.0,1.0,preview
146.8989064693451,0.8758131265640259,0.40442904829978943,1.0,1.0,preview
146.93813061714172,0.833864152431488,0.40442904829978943,1.0,1.0,preview
146.97850131988525,0.8432176113128662,0.40442904829978943,1.0,1.0,preview
147.02003717422485,0.8561067581176758,0.40442904829978943,1.0,1.0,preview
147.0596420764923,0.8686286211013794,0.40442904829978943,1.0,1.0,preview
147.10131812095642,0.8875184059143066,0.40442904829978943,1.0,1.0,preview
147.1411635875702,0.9470195770263672,0.40442904829978943,1.0,1.0,preview
147.18211150169373,0.9988177418708801,0.40442904829978943,1.0,1.0,preview
147.22240352630615,0.9545651078224182,0.40442904829978943,1.0,1.0,preview
147.2631130218506,0.9532263875007629,0.40442904829978943,1.0,1.0,preview
147.30420804023743,0.9409028887748718,0.40442904829978943,1.0,1.0,preview
147.34440732002258,0.9486185312271118,0.40442904829978943,1.0,1.0,preview
147.38469052314758,0.9528648257255554,0.40442904829978943,1.0,1.0,preview
147.42620587348938,0.9444639682769775,0.40442904829978943,1.0,1.0,preview
147.46626210212708,0.9669836163520813,0.7245190739631653,1.0,1.0,preview
147.50713467597961,0.9672985672950745,0.7245190739631653,1.0,1.0,preview
147.5468292236328,0.9720411896705627,0.7245190739631653,1.0,1.0,preview
147.58726501464844,0.9720413088798523,0.7245190739631653,1.0,1.0,preview
147.6280426979065,0.9745373725891113,0.7245190739631653,1.0,1.0,preview
147.66799759864807,0.9748097658157349,0.7245190739631653,1.0,1.0,preview
147.70887112617493,0.977161169052124,0.7245190739631653,1.0,1.0,preview
147.74908018112183,0.9790806174278259,0.7245190739631653,1.0,1.0,preview
147.79039096832275,0.9796090722084045,0.7245190739631653,1.0,1.0,preview
147.8312075138092,0.9843900799751282,0.8397760987281799,1.0,1.0,preview
147.87298488616943,0.9682093262672424,0.8397760987281799,1.0,1.0,preview
147.91312646865845,0.9564821124076843,0.8397760987281799,1.0,1.0,preview
147.9538378715515,0.9606343507766724,1.0,1.0,1.0,curvature
147.9932897090912,0.9636390805244446,1.0,1.0,1.0,curvature
148.03412628173828,0.9654819369316101,1.0,1.0,1.0,curvature
148.07520270347595,0.9673752784729004,1.0,1.0,1.0,curvature
148.11586141586304,0.9692305326461792,1.0,1.0,1.0,curvature
148.15647172927856,0.9727082252502441,1.0,1.0,1.0,curvature
148.19641661643982,0.9742391109466553,1.0,1.0,1.0,curvature
148.23728466033936,0.9756129384040833,1.0,1.0,1.0,curvature
148.27802324295044,0.9765690565109253,1.0,1.0,1.0,curvature
148.31779956817627,0.9778349995613098,1.0,1.0,1.0,curvature
148.35994911193848,0.9798569679260254,1.0,1.0,1.0,curvature
148.39991784095764,0.9809982776641846,1.0,1.0,1.0,curvature
148.4395034313202,0.9819485545158386,1.0,1.0,1.0,curvature
148.47996878623962,0.9829481244087219,1.0,1.0,1.0,curvature
148.5218050479889,0.9838647842407227,1.0,1.0,1.0,curvature
148.56121945381165,0.987212061882019,1.0,1.0,1.0,curvature
148.60114693641663,0.9896916151046753,1.0,1.0,1.0,curvature
148.64268350601196,0.9919096231460571,1.0,1.0,1.0,curvature
148.68347263336182,0.9927416443824768,1.0,1.0,1.0,curvature
148.72375559806824,0.9932054877281189,1.0,1.0,1.0,curvature
148.76392769813538,0.9946529865264893,1.0,1.0,1.0,curvature
148.8045392036438,0.9950175285339355,1.0,1.0,1.0,curvature
148.8459005355835,0.9956817626953125,1.0,1.0,1.0,curvature
148.88564205169678,0.9959684014320374,1.0,1.0,1.0,curvature
148.92685985565186,0.996601939201355,1.0,1.0,1.0,curvature
148.965829372406,0.997424304485321,1.0,1.0,1.0,curvature
149.0048325061798,0.9980284571647644,1.0,1.0,1.0,curvature
149.04662680625916,0.998191773891449,1.0,1.0,1.0,curvature
149.08793139457703,0.9901002049446106,1.0,1.0,1.0,curvature
149.1282320022583,0.9773236513137817,1.0,1.0,1.0,curvature
149.16886639595032,0.9646952152252197,1.0,1.0,1.0,curvature
149.21051239967346,0.9657275676727295,1.0,1.0,1.0,curvature
149.24961471557617,0.9661681056022644,1.0,1.0,1.0,curvature
149.29146552085876,0.9670021533966064,1.0,1.0,1.0,curvature
149.33165740966797,0.968651533126831,1.0,1.0,1.0,curvature
149.37228775024414,0.9711220860481262,1.0,1.0,1.0,curvature
149.4137041568756,0.9719368815422058,1.0,1.0,1.0,curvature
149.45457911491394,0.9728080630302429,1.0,1.0,1.0,curvature
149.4935028553009,0.9651634693145752,1.0,1.0,1.0,curvature
149.53541111946106,0.9563894867897034,1.0,1.0,1.0,curvature
149.57558846473694,0.9490360021591187,1.0,1.0,1.0,curvature
149.61632776260376,0.9505680799484253,1.0,1.0,1.0,curvature
149.65512561798096,0.9523791670799255,1.0,1.0,1.0,curvature
149.69591331481934,0.9549130797386169,1.0,1.0,1.0,curvature
149.73764300346375,0.9568663239479065,1.0,1.0,1.0,curvature
149.77768087387085,0.9668118953704834,1.0,1.0,1.0,curvature
149.81929564476013,0.9742814898490906,1.0,1.0,1.0,curvature
149.85914731025696,0.9814601540565491,1.0,1.0,1.0,curvature
149.8995337486267,0.9830096960067749,1.0,1.0,1.0,curvature
149.9396960735321,0.9840903282165527,1.0,1.0,1.0,curvature
149.98056840896606,0.9863917827606201,1.0,1.0,1.0,curvature
150.02075839042664,0.9876773357391357,1.0,1.0,1.0,curvature
150.06220698356628,0.9889235496520996,1.0,1.0,1.0,curvature
150.10295486450195,0.9949353337287903,1.0,1.0,1.0,curvature
150.14315009117126,0.9986001253128052,1.0,1.0,1.0,curvature
150.18475079536438,0.9919062852859497,1.0,1.0,1.0,curvature
150.22542142868042,0.9912147521972656,1.0,1.0,1.0,curvature
150.2653293609619,0.9915658831596375,1.0,1.0,1.0,curvature
150.30606985092163,0.9913411140441895,1.0,1.0,1.0,curvature
150.3468532562256,0.9917232394218445,1.0,1.0,1.0,curvature
150.38617849349976,0.9869943857192993,1.0,1.0,1.0,curvature
150.42667770385742,0.9820012450218201,1.0,1.0,1.0,curvature
150.46699786186218,0.9772651791572571,1.0,1.0,1.0,curvature
150.50840830802917,0.9782249331474304,1.0,1.0,1.0,curvature
150.54816818237305,0.978773832321167,1.0,1.0,1.0,curvature
150.58821821212769,0.9804821610450745,1.0,1.0,1.0,curvature
150.62901854515076,0.9811070561408997,1.0,1.0,1.0,curvature
150.67151999473572,0.9745738506317139,0.8322749137878418,1.0,1.0,preview
150.71100234985352,0.9532095789909363,0.7127319574356079,1.0,1.0,preview
150.7518424987793,0.9393162727355957,0.7127319574356079,1.0,1.0,preview
150.79220342636108,0.9293823838233948,0.7127319574356079,1.0,1.0,preview
150.833678483963,0.9318826198577881,0.7127319574356079,1.0,1.0,preview
150.8738932609558,0.9358367919921875,0.7127319574356079,1.0,1.0,preview
150.91362619400024,0.9405792355537415,0.7127319574356079,1.0,1.0,preview
150.9552538394928,0.9451547861099243,0.7127319574356079,1.0,1.0,preview
150.99456477165222,0.9679819941520691,0.7127319574356079,1.0,1.0,preview
151.0355086326599,0.9869164824485779,0.7127319574356079,1.0,1.0,preview
151.07611656188965,0.9922260642051697,0.7127319574356079,1.0,1.0,preview
151.11669754981995,0.9873676896095276,0.7127319574356079,1.0,1.0,preview
151.15792846679688,0.987025797367096,0.7127319574356079,1.0,1.0,preview
151.19834351539612,0.9850705862045288,0.7127319574356079,1.0,1.0,preview
151.23816394805908,0.98275226354599,0.7127319574356079,1.0,1.0,preview
151.2792181968689,0.9836030602455139,0.7127319574356079,1.0,1.0,preview
151.31927227973938,0.9949604868888855,0.7127319574356079,1.0,1.0,preview
151.36117506027222,0.9919343590736389,0.7127319574356079,1.0,1.0,preview
151.40177989006042,0.9837223291397095,0.7127319574356079,1.0,1.0,preview
151.44088864326477,0.9843438863754272,0.7127319574356079,1.0,1.0,preview
151.48064398765564,0.9853305816650391,0.7127319574356079,1.0,1.0,preview
151.52231884002686,0.9881801605224609,0.7127319574356079,1.0,1.0,preview
151.56268882751465,0.9891612529754639,0.7127319574356079,1.0,1.0,preview
151.60301232337952,0.9754077792167664,0.7127319574356079,1.0,1.0,preview
151.64180779457092,0.9459193348884583,0.7127319574356079,1.0,1.0,preview
151.682785987854,0.9343028664588928,0.7127319574356079,1.0,1.0,preview
151.7239475250244,0.9236959218978882,0.7127319574356079,1.0,1.0,preview
151.76493644714355,0.9277802109718323,0.7127319574356079,1.0,1.0,preview
151.80481600761414,0.9232305288314819,0.7127319574356079,1.0,1.0,preview
151.84596061706543,0.9149777293205261,0.7127319574356079,1.0,1.0,preview
151.88761806488037,0.9199091196060181,0.7127319574356079,1.0,1.0,preview
151.92696404457092,0.9134389758110046,0.7127319574356079,1.0,1.0,preview
151.96784210205078,0.9186635613441467,0.7127319574356079,1.0,1.0,preview
152.00880122184753,0.9052412509918213,0.7127319574356079,1.0,1.0,preview
152.0501172542572,0.8981574773788452,0.7127319574356079,1.0,1.0,preview
152.09001564979553,0.8922119736671448,0.7127319574356079,1.0,1.0,preview
152.12979388237,0.8889971971511841,0.7127319574356079,1.0,1.0,preview
152.17235398292542,0.8956658840179443,0.7127319574356079,1.0,1.0,preview
152.21220779418945,0.9010865092277527,0.7127319574356079,1.0,1.0,preview
152.25178694725037,0.899910032749176,0.7127319574356079,1.0,1.0,preview
152.2926766872406,0.9062796831130981,0.7127319574356079,1.0,1.0,preview
152.3327579498291,0.9059134721755981,0.7127319574356079,1.0,1.0,preview
152.3738865852356,0.9120844006538391,0.7127319574356079,1.0,1.0,preview
152.41469430923462,0.9173189997673035,0.7127319574356079,1.0,1.0,preview
152.4568054676056,0.9222622513771057,0.7127319574356079,1.0,1.0,preview
152.4964563846588,0.9221486449241638,0.7127319574356079,1.0,1.0,preview
152.53610348701477,0.9275730848312378,0.7127319574356079,1.0,1.0,preview
152.57744598388672,0.9286624193191528,0.7127319574356079,1.0,1.0,preview
152.61696219444275,0.9478554129600525,0.8317134976387024,1.0,1.0,preview
152.6587896347046,0.9529223442077637,0.8317134976387024,1.0,1.0,preview
152.69912362098694,0.9660497307777405,1.0,1.0,1.0,curvature
152.73828506469727,0.9694034457206726,1.0,1.0,1.0,curvature
152.7810297012329,0.9712397456169128,1.0,1.0,1.0,curvature
152.82015228271484,0.9788857102394104,1.0,1.0,1.0,curvature
152.8614194393158,0.9860104918479919,1.0,1.0,1.0,curvature
152.90117287635803,0.9924718141555786,1.0,1.0,1.0,curvature
152.94220447540283,0.9931623339653015,1.0,1.0,1.0,curvature
152.9827160835266,0.9937777519226074,1.0,1.0,1.0,curvature
153.02316689491272,0.9943971633911133,1.0,1.0,1.0,curvature
153.06356382369995,0.9945653080940247,1.0,1.0,1.0,curvature
153.1048047542572,0.9947243928909302,1.0,1.0,1.0,curvature
153.14468836784363,0.9950375556945801,1.0,1.0,1.0,curvature
153.18606662750244,0.995189368724823,1.0,1.0,1.0,curvature
153.22610545158386,0.9960517883300781,1.0,1.0,1.0,curvature
153.26615691184998,0.9966174364089966,1.0,1.0,1.0,curvature
153.30661511421204,0.9971696734428406,1.0,1.0,1.0,curvature
153.34685921669006,0.9973552227020264,1.0,1.0,1.0,curvature
153.38823771476746,0.9974728226661682,1.0,1.0,1.0,curvature
153.4276087284088,0.9977204203605652,1.0,1.0,1.0,curvature
153.46793413162231,0.997817873954773,1.0,1.0,1.0,curvature
153.50827646255493,0.9979420900344849,1.0,1.0,1.0,curvature
153.54979968070984,0.9980334043502808,1.0,1.0,1.0,curvature
153.5898792743683,0.99814373254776,1.0,1.0,1.0,curvature
153.62991166114807,0.9997926950454712,1.0,1.0,1.0,curvature
153.67256355285645,0.9985401630401611,1.0,1.0,1.0,curvature
153.71291065216064,0.9965410828590393,1.0,1.0,1.0,curvature
153.75325679779053,0.9963783025741577,1.0,1.0,1.0,curvature
153.79343461990356,0.9965371489524841,1.0,1.0,1.0,curvature
153.83630347251892,0.9966394305229187,1.0,1.0,1.0,curvature
153.87496614456177,0.9965646266937256,1.0,1.0,1.0,curvature
153.9147915840149,0.9964975118637085,1.0,1.0,1.0,curvature
153.9554624557495,0.9966762661933899,1.0,1.0,1.0,curvature
153.99817371368408,0.9966450929641724,1.0,1.0,1.0,curvature
154.03700041770935,0.9984889626502991,1.0,1.0,1.0,curvature
154.07766604423523,0.999841034412384,1.0,1.0,1.0,curvature
154.1188838481903,0.9981013536453247,1.0,1.0,1.0,curvature
154.15949010849,0.9982113838195801,1.0,1.0,1.0,curvature
154.200190782547,0.9982845187187195,1.0,1.0,1.0,curvature
154.23983693122864,0.9987149238586426,1.0,1.0,1.0,curvature
154.28155064582825,0.9987919926643372,1.0,1.0,1.0,curvature
154.322101354599,0.9989949464797974,1.0,1.0,1.0,curvature
154.36145639419556,0.9897124767303467,1.0,1.0,1.0,curvature
154.40246748924255,0.9811303019523621,1.0,1.0,1.0,curvature
154.4430775642395,0.9557816386222839,0.7887911200523376,1.0,1.0,preview
154.48280310630798,0.9321136474609375,0.6512428522109985,1.0,1.0,preview
154.5239987373352,0.9315142631530762,0.6512428522109985,1.0,1.0,preview
154.56439661979675,0.9326603412628174,0.6512428522109985,1.0,1.0,preview
154.60593557357788,0.9343895316123962,0.6512428522109985,1.0,1.0,preview
154.6450207233429,0.9707098007202148,0.6512428522109985,1.0,1.0,preview
154.6866147518158,0.9955775737762451,0.6512428522109985,1.0,1.0,preview
154.7288134098053,0.9575697779655457,0.6512428522109985,1.0,1.0,preview
154.769202709198,0.9578814506530762,0.6512428522109985,1.0,1.0,preview
154.80837869644165,0.9555620551109314,0.6512428522109985,1.0,1.0,preview
154.84881901741028,0.9611898064613342,0.6512428522109985,1.0,1.0,preview
154.89016270637512,0.9605981111526489,0.6512428522109985,1.0,1.0,preview
154.93083953857422,0.9631751775741577,0.6512428522109985,1.0,1.0,preview
154.96975374221802,0.961238443851471,0.6512428522109985,1.0,1.0,preview
155.01142382621765,0.9621016979217529,0.6512428522109985,1.0,1.0,preview
155.05309176445007,0.9633581638336182,0.6512428522109985,1.0,1.0,preview
155.0931053161621,0.9660764336585999,0.6512428522109985,1.0,1.0,preview
155.1326036453247,0.966812252998352,0.6512428522109985,1.0,1.0,preview
155.17305636405945,0.9693677425384521,0.6512428522109985,1.0,1.0,preview
155.21457195281982,0.970393717288971,0.6512428522109985,1.0,1.0,preview
155.25330305099487,0.9829383492469788,0.6512428522109985,1.0,1.0,preview
155.2942922115326,0.9935527443885803,0.6512428522109985,1.0,1.0,preview
155.3359568119049,0.9964569211006165,0.6512428522109985,1.0,1.0,preview
155.3765664100647,0.9963621497154236,0.6512428522109985,1.0,1.0,preview
155.41648030281067,0.9964255094528198,0.6512428522109985,1.0,1.0,preview
155.4566044807434,0.996934711933136,0.6512428522109985,1.0,1.0,preview
155.4981038570404,0.997341513633728,0.6512428522109985,1.0,1.0,preview
155.53840017318726,0.9975013732910156,0.6512428522109985,1.0,1.0,preview
155.57886934280396,0.9900023341178894,0.6512428522109985,1.0,1.0,preview
155.61990809440613,0.9830448627471924,0.6512428522109985,1.0,0.9702009558677673,preview
155.65995335578918,0.9976814389228821,0.6512428522109985,1.0,0.9777882099151611,preview
155.70052695274353,0.9964386820793152,0.6512428522109985,1.0,0.9827123284339905,preview
155.73981952667236,0.9716588258743286,0.6512428522109985,1.0,0.9876887202262878,preview
155.78200268745422,0.9481963515281677,0.6512428522109985,1.0,0.992871880531311,preview
155.8229784965515,0.9499567747116089,0.6512428522109985,1.0,0.9979426264762878,preview
155.86328315734863,0.934316098690033,0.6512428522109985,1.0,1.0,preview
155.9029974937439,0.9161295294761658,0.6512428522109985,1.0,1.0,preview
155.944970369339,0.9199739098548889,0.6512428522109985,1.0,1.0,preview
155.98407459259033,0.9215622544288635,0.6512428522109985,1.0,1.0,preview
156.02549982070923,0.9425991773605347,0.6512428522109985,1.0,1.0,preview
156.065171957016,0.9479199647903442,0.6512428522109985,1.0,1.0,preview
156.10567021369934,0.9326497316360474,0.6512428522109985,1.0,1.0,preview
156.14660215377808,0.9362949132919312,0.6512428522109985,1.0,1.0,preview
156.18720245361328,0.9227336049079895,0.6512428522109985,1.0,1.0,preview
156.22766137123108,0.9271425604820251,0.6512428522109985,1.0,1.0,preview
156.26864528656006,0.9037240743637085,0.6512428522109985,1.0,1.0,preview
156.30789613723755,0.9096678495407104,0.6512428522109985,1.0,1.0,preview
156.34851598739624,0.9006729125976562,0.6512428522109985,1.0,1.0,preview
156.38981771469116,0.916521430015564,0.6512428522109985,1.0,1.0,preview
156.4320101737976,0.917275607585907,0.6512428522109985,1.0,1.0,preview
156.47118163108826,0.9243910312652588,0.6512428522109985,1.0,1.0,preview
156.51178884506226,0.9151239395141602,0.7694634199142456,1.0,1.0,preview
156.55316543579102,0.9136049151420593,0.7694634199142456,1.0,1.0,preview
156.59360027313232,0.924378514289856,1.0,1.0,1.0,curvature
156.6340491771698,0.9261889457702637,1.0,1.0,1.0,curvature
156.6744465827942,0.9282435774803162,1.0,1.0,1.0,curvature
156.71587538719177,0.9302961826324463,1.0,1.0,1.0,curvature
156.75532865524292,0.9324420094490051,1.0,1.0,1.0,curvature
156.79588770866394,0.940536379814148,1.0,1.0,1.0,curvature
156.8381381034851,0.9481725096702576,1.0,1.0,1.0,curvature
156.878169298172,0.958385169506073,1.0,1.0,1.0,curvature
156.9191107749939,0.9586588740348816,1.0,1.0,1.0,curvature
156.95899868011475,0.9586843252182007,1.0,1.0,1.0,curvature
157.00097370147705,0.9608339071273804,1.0,1.0,1.0,curvature
157.04027104377747,0.9609442353248596,1.0,1.0,1.0,curvature
157.07901430130005,0.961355984210968,1.0,1.0,1.0,curvature
157.11973237991333,0.9633556604385376,1.0,1.0,1.0,curvature
157.16107892990112,0.9636011719703674,1.0,1.0,1.0,curvature
157.20205807685852,0.9588443040847778,1.0,1.0,1.0,curvature
157.24301862716675,0.9554518461227417,1.0,1.0,1.0,curvature
157.2833273410797,0.9504483938217163,1.0,1.0,1.0,curvature
157.32407975196838,0.9509691596031189,1.0,1.0,1.0,curvature
157.36366629600525,0.9533907771110535,1.0,1.0,1.0,curvature
157.4043688774109,0.9543615579605103,1.0,1.0,1.0,curvature
157.4455909729004,0.9552614092826843,1.0,1.0,1.0,curvature
157.48430156707764,0.9585310220718384,1.0,1.0,1.0,curvature
157.52495646476746,0.9595541954040527,1.0,1.0,1.0,curvature
157.56601929664612,0.9605185985565186,1.0,1.0,1.0,curvature
157.60809230804443,0.9675992727279663,1.0,1.0,1.0,curvature
157.64842700958252,0.9754818081855774,1.0,1.0,1.0,curvature
157.6886305809021,0.9838279485702515,1.0,1.0,1.0,curvature
157.7293999195099,0.9845167994499207,1.0,1.0,1.0,curvature
157.7710359096527,0.9849714040756226,1.0,1.0,1.0,curvature
157.81131172180176,0.9852627515792847,1.0,1.0,1.0,curvature
157.85145258903503,0.9861218929290771,1.0,1.0,1.0,curvature
157.8921558856964,0.9867168664932251,1.0,1.0,1.0,curvature
157.93282103538513,0.9870004057884216,1.0,1.0,1.0,curvature
157.97382140159607,0.987715482711792,1.0,1.0,1.0,curvature
158.01451563835144,0.9799706339836121,1.0,1.0,1.0,curvature
158.0540611743927,0.9718924760818481,1.0,1.0,1.0,curvature
158.09381246566772,0.9641376733779907,1.0,1.0,1.0,curvature
158.13529419898987,0.9657242894172668,1.0,1.0,1.0,curvature
158.1750295162201,0.9668626189231873,1.0,1.0,1.0,curvature
158.21618556976318,0.9681081771850586,1.0,1.0,1.0,curvature
158.2578148841858,0.8269779086112976,0.398872971534729,1.0,1.0,preview
158.29663395881653,0.8551642298698425,0.398872971534729,1.0,1.0,preview
158.33814430236816,0.8930118680000305,0.398872971534729,1.0,1.0,preview
158.3787977695465,0.9406324625015259,0.398872971534729,1.0,1.0,preview
158.4195954799652,0.9522376656532288,0.398872971534729,1.0,1.0,preview
158.45916485786438,0.9702072143554688,0.398872971534729,1.0,1.0,preview
158.4999680519104,0.9930180907249451,0.398872971534729,1.0,1.0,preview
158.5409505367279,0.9966015219688416,0.398872971534729,1.0,1.0,preview
158.5816888809204,0.9889329671859741,0.398872971534729,1.0,1.0,preview
158.62369394302368,0.8901484608650208,0.398872971534729,1.0,1.0,preview
158.66353392601013,0.8254984021186829,0.398872971534729,1.0,1.0,preview
158.70381116867065,0.7711126804351807,0.398872971534729,1.0,1.0,preview
158.74418354034424,0.7731072306632996,0.398872971534729,1.0,1.0,preview
158.78444147109985,0.7885015606880188,0.398872971534729,1.0,1.0,preview
158.82436156272888,0.7991378903388977,0.398872971534729,1.0,1.0,preview
158.86614322662354,0.8150486350059509,0.398872971534729,1.0,1.0,preview
158.90477228164673,0.8171812295913696,0.398872971534729,1.0,1.0,preview
158.94538021087646,0.8071380257606506,0.398872971534729,1.0,1.0,preview
158.98763489723206,0.7997138500213623,0.398872971534729,1.0,1.0,preview
159.02695679664612,0.814420223236084,0.398872971534729,1.0,1.0,preview
159.06797075271606,0.8341854810714722,0.398872971534729,1.0,1.0,preview
159.10720443725586,0.865351140499115,0.398872971534729,1.0,1.0,preview
159.15083050727844,0.8903525471687317,0.398872971534729,1.0,1.0,preview
159.18961882591248,0.9026167392730713,0.398872971534729,1.0,1.0,preview
159.23027443885803,0.8145593404769897,0.398872971534729,1.0,1.0,preview
159.27139544487,0.7610623240470886,0.398872971534729,1.0,1.0,preview
159.31093096733093,0.7342270612716675,0.398872971534729,1.0,1.0,preview
159.350323677063,0.7598326802253723,0.398872971534729,1.0,1.0,preview
159.3914716243744,0.7781557440757751,0.398872971534729,1.0,1.0,preview
159.4328887462616,0.7963197231292725,0.398872971534729,1.0,1.0,preview
159.4751579761505,0.8329625725746155,0.398872971534729,1.0,1.0,preview
159.51441621780396,0.8643125891685486,0.398872971534729,1.0,1.0,preview
159.55542612075806,0.9088995456695557,0.398872971534729,1.0,1.0,preview
159.5957109928131,0.922728419303894,0.398872971534729,1.0,1.0,preview
159.63547539710999,0.92076575756073,0.398872971534729,1.0,1.0,preview
159.67611861228943,0.9558199048042297,0.398872971534729,1.0,1.0,preview
159.71631264686584,0.9590889811515808,0.398872971534729,1.0,1.0,preview
159.757422208786,0.9926973581314087,0.398872971534729,1.0,1.0,preview
159.79697799682617,0.9880379438400269,0.398872971534729,1.0,1.0,preview
159.83737564086914,0.9861891865730286,0.398872971534729,1.0,1.0,preview
159.87916016578674,0.7838225960731506,0.398872971534729,1.0,0.9130809307098389,preview
159.91895532608032,0.6427631974220276,0.398872971534729,1.0,0.9294986724853516,preview
159.96000838279724,0.6538310647010803,0.398872971534729,1.0,0.9377582669258118,preview
160.0010690689087,0.6706709265708923,0.398872971534729,1.0,0.9460961818695068,preview
160.04249954223633,0.5798315405845642,0.398872971534729,1.0,0.9547404646873474,preview
160.08155059814453,0.5947684049606323,0.398872971534729,1.0,0.9631664752960205,preview
160.1213984489441,0.5431064367294312,0.398872971534729,1.0,0.9802965521812439,preview
160.16283226013184,0.5616820454597473,0.398872971534729,1.0,0.9886946082115173,preview
160.20273685455322,0.5263158082962036,0.398872971534729,1.0,0.9970275163650513,preview
160.2428069114685,0.5286669135093689,0.398872971534729,1.0,1.0,preview
160.28397226333618,0.5505021214485168,0.398872971534729,1.0,1.0,preview
160.32442593574524,0.5529441833496094,0.398872971534729,1.0,1.0,preview
160.36509466171265,0.5355558395385742,0.398872971534729,1.0,1.0,preview
160.40482568740845,0.5838186144828796,0.398872971534729,1.0,1.0,preview
160.44557809829712,0.5463584661483765,0.398872971534729,1.0,1.0,preview
160.48794198036194,0.5669817924499512,0.398872971534729,1.0,1.0,preview
160.5285484790802,0.5574491620063782,0.398872971534729,1.0,1.0,preview
160.5678870677948,0.7329117059707642,1.0,1.0,1.0,curvature
160.60738945007324,0.7406083345413208,1.0,1.0,1.0,curvature
160.64991855621338,0.7572835683822632,1.0,1.0,1.0,curvature
160.69098711013794,0.7597898244857788,1.0,1.0,1.0,curvature
160.73092412948608,0.769504189491272,1.0,1.0,1.0,curvature
160.77082300186157,0.7829557657241821,1.0,1.0,1.0,curvature
160.81199550628662,0.7863203287124634,1.0,1.0,1.0,curvature
160.8513777256012,0.7901846766471863,1.0,1.0,1.0,curvature
160.89224863052368,0.8027547001838684,1.0,1.0,1.0,curvature
160.93647837638855,0.8143882155418396,1.0,1.0,1.0,curvature
160.97461080551147,0.8189136981964111,1.0,1.0,1.0,curvature
161.01453685760498,0.8236674666404724,1.0,1.0,1.0,curvature
161.0540382862091,0.8427410125732422,1.0,1.0,1.0,curvature
161.09548950195312,0.855518639087677,1.0,1.0,1.0,curvature
161.136803150177,0.8750321269035339,1.0,1.0,1.0,curvature
161.17685317993164,0.879608154296875,1.0,1.0,1.0,curvature
161.21699857711792,0.8839548826217651,1.0,1.0,1.0,curvature
161.2595567703247,0.8359671235084534,0.7180377244949341,1.0,1.0,preview
161.29941987991333,0.8349409103393555,0.7180377244949341,1.0,1.0,preview
161.33893656730652,0.8034557700157166,0.5601083040237427,1.0,1.0,preview
161.37922644615173,0.8262982368469238,0.5601083040237427,1.0,1.0,preview
161.4201157093048,0.8554025292396545,0.5601083040237427,1.0,1.0,preview
161.46006727218628,0.8520630598068237,0.5601083040237427,1.0,1.0,preview
161.50159454345703,0.8593841791152954,0.5601083040237427,1.0,1.0,preview
161.54161286354065,0.8733752965927124,0.5601083040237427,1.0,1.0,preview
161.5826096534729,0.8835782408714294,0.5601083040237427,1.0,1.0,preview
161.62291431427002,0.8870959877967834,0.5601083040237427,1.0,1.0,preview
161.6629340648651,0.8965448141098022,0.5601083040237427,1.0,1.0,preview
161.70486903190613,0.9015352129936218,0.5601083040237427,1.0,1.0,preview
161.7460069656372,0.9167830348014832,0.5601083040237427,1.0,1.0,preview
161.7847363948822,0.9246370196342468,0.5601083040237427,1.0,1.0,preview
161.82684922218323,0.9304072260856628,0.5601083040237427,1.0,1.0,preview
161.86741614341736,0.9367576837539673,0.5601083040237427,1.0,1.0,preview
161.90817046165466,0.9427170753479004,0.5601083040237427,1.0,1.0,preview
161.9492540359497,0.9546454548835754,0.5601083040237427,1.0,1.0,preview
161.98844647407532,0.961556077003479,0.5601083040237427,1.0,1.0,preview
162.02889895439148,0.9653894901275635,0.5601083040237427,1.0,1.0,preview
162.069561958313,0.9685705304145813,0.5601083040237427,1.0,1.0,preview
162.1107475757599,0.9751201272010803,0.5601083040237427,1.0,1.0,preview
162.1513671875,0.980704665184021,0.5601083040237427,1.0,1.0,preview
162.19310688972473,0.9872429966926575,0.5601083040237427,1.0,1.0,preview
162.23129439353943,0.9890040159225464,0.5601083040237427,1.0,1.0,preview
162.27176427841187,0.9926227331161499,0.5601083040237427,1.0,1.0,preview
162.31386876106262,0.9796150326728821,0.5601083040237427,1.0,1.0,preview
162.35370254516602,0.9634565711021423,0.5601083040237427,1.0,1.0,preview
162.39472889900208,0.9648270606994629,0.5601083040237427,1.0,1.0,preview
162.43468356132507,0.9623811841011047,0.5601083040237427,1.0,1.0,preview
162.47540283203125,0.9652709364891052,0.5601083040237427,1.0,1.0,preview
162.5156056880951,0.9681062698364258,0.5601083040237427,1.0,1.0,preview
162.55624508857727,0.9693405032157898,0.5601083040237427,1.0,1.0,preview
162.59649205207825,0.9718860983848572,0.5601083040237427,1.0,1.0,preview
162.63794875144958,0.9707940220832825,0.5601083040237427,1.0,0.9932193160057068,preview
162.67732453346252,0.9731826186180115,0.5601083040237427,1.0,0.9977966547012329,preview
162.71883177757263,0.9754782915115356,0.5601083040237427,1.0,1.0,preview
162.76051306724548,0.9282898902893066,0.5601083040237427,1.0,0.9546463489532471,preview
162.80055212974548,0.9377414584159851,0.5601083040237427,1.0,0.952568769454956,preview
162.84037971496582,0.8853130340576172,0.5601083040237427,1.0,0.949080765247345,preview
162.881285905838,0.9466714859008789,0.5601083040237427,1.0,0.9544566869735718,preview
162.92253613471985,0.9558272957801819,0.5601083040237427,1.0,0.9597922563552856,preview
162.96302247047424,0.9677419662475586,0.5601083040237427,1.0,0.9709632992744446,preview
163.00292873382568,0.9641032218933105,0.5601083040237427,1.0,0.97662752866745,preview
163.0429606437683,0.9033010601997375,0.5601083040237427,1.0,0.9823758006095886,preview
163.08454656600952,0.9058797955513,0.5601083040237427,1.0,0.988368034362793,preview
163.12417006492615,0.9106966257095337,0.5601083040237427,1.0,0.9942291975021362,preview
163.16425323486328,0.8689572215080261,0.5601083040237427,1.0,1.0,preview
163.20428562164307,0.8281150460243225,0.5601083040237427,1.0,1.0,preview
163.2459363937378,0.8364186882972717,0.5601083040237427,1.0,1.0,preview
163.2864706516266,0.8468939661979675,0.5601083040237427,1.0,1.0,preview
163.32677626609802,0.8142321109771729,0.5601083040237427,1.0,1.0,preview
163.3662097454071,0.8154955506324768,0.5601083040237427,1.0,1.0,preview
163.40732288360596,0.7723762392997742,0.5601083040237427,1.0,1.0,preview
163.44851398468018,0.769719660282135,0.5601083040237427,1.0,1.0,preview
163.48880076408386,0.7847605347633362,0.5601083040237427,1.0,1.0,preview
163.52987957000732,0.7666354179382324,0.5601083040237427,1.0,1.0,preview
163.57026648521423,0.7960066795349121,0.5601083040237427,1.0,1.0,preview
163.61149525642395,0.8111593723297119,0.7149282097816467,1.0,1.0,preview
163.65150475502014,0.8266457319259644,0.7149282097816467,1.0,1.0,preview
163.69141054153442,0.8669052720069885,1.0,1.0,1.0,curvature
163.7318732738495,0.8776845335960388,1.0,1.0,1.0,curvature
163.7723994255066,0.8810281753540039,1.0,1.0,1.0,curvature
163.81355619430542,0.8894518613815308,1.0,1.0,1.0,curvature
163.85381627082825,0.8923682570457458,1.0,1.0,1.0,curvature
163.89501285552979,0.8954008221626282,1.0,1.0,1.0,curvature
163.9361183643341,0.8985735774040222,1.0,1.0,1.0,curvature
163.97628474235535,0.9126583337783813,1.0,1.0,1.0,curvature
164.0174527168274,0.9256227016448975,1.0,1.0,1.0,curvature
164.0573534965515,0.9346069693565369,1.0,1.0,1.0,curvature
164.09809350967407,0.9370353817939758,1.0,1.0,1.0,curvature
164.13817715644836,0.9405764937400818,1.0,1.0,1.0,curvature
164.17905497550964,0.944236159324646,1.0,1.0,1.0,curvature
164.21887063980103,0.9447628855705261,1.0,1.0,1.0,curvature
164.25889945030212,0.9475616812705994,1.0,1.0,1.0,curvature
164.3004331588745,0.9481420516967773,1.0,1.0,1.0,curvature
164.34094762802124,0.9486706256866455,1.0,1.0,1.0,curvature
164.3810167312622,0.9520891904830933,1.0,1.0,1.0,curvature
164.42182755470276,0.954670786857605,1.0,1.0,1.0,curvature
164.46200275421143,0.955393373966217,1.0,1.0,1.0,curvature
164.5020046234131,0.9562057852745056,1.0,1.0,1.0,curvature
164.5425443649292,0.9584960341453552,1.0,1.0,1.0,curvature
164.58414769172668,0.9689007997512817,1.0,1.0,1.0,curvature
164.6255338191986,0.9776009917259216,1.0,1.0,1.0,curvature
164.66494369506836,0.9867460131645203,1.0,1.0,1.0,curvature
164.7050747871399,0.9880841970443726,1.0,1.0,1.0,curvature
164.7465476989746,0.9884191155433655,1.0,1.0,1.0,curvature
164.7871687412262,0.9892547726631165,1.0,1.0,1.0,curvature
164.82743740081787,0.9893640279769897,1.0,1.0,1.0,curvature
164.86802220344543,0.9899887442588806,1.0,1.0,1.0,curvature
164.9097285270691,0.9900997877120972,1.0,1.0,1.0,curvature
164.94985556602478,0.9906744360923767,1.0,1.0,1.0,curvature
164.99108290672302,0.9908684492111206,1.0,1.0,1.0,curvature
165.03206491470337,0.9913640022277832,1.0,1.0,1.0,curvature
165.0723614692688,0.991452693939209,1.0,1.0,1.0,curvature
165.11183285713196,0.99191814661026,1.0,1.0,1.0,curvature
165.15243005752563,0.9920231103897095,1.0,1.0,1.0,curvature
165.19353413581848,0.9949065446853638,1.0,1.0,1.0,curvature
165.2340953350067,0.9975538849830627,1.0,1.0,1.0,curvature
165.27444887161255,0.999701976776123,1.0,1.0,1.0,curvature
165.3148889541626,0.9998345971107483,1.0,1.0,1.0,curvature
165.3554391860962,0.9995974898338318,1.0,1.0,1.0,curvature
165.39541816711426,0.999308168888092,1.0,1.0,1.0,curvature
165.43578171730042,0.9990032911300659,1.0,1.0,1.0,curvature
165.4754354953766,0.9990594983100891,1.0,1.0,1.0,curvature
165.51781249046326,0.9987793564796448,1.0,1.0,1.0,curvature
165.55775713920593,0.998830258846283,1.0,1.0,1.0,curvature
165.59863233566284,0.9962865710258484,1.0,1.0,1.0,curvature
165.63907837867737,0.9937499165534973,1.0,1.0,1.0,curvature
165.68037056922913,0.9916914105415344,1.0,1.0,1.0,curvature
165.72075605392456,0.9916176199913025,1.0,1.0,1.0,curvature
165.7612919807434,0.9916056394577026,1.0,1.0,1.0,curvature
165.80176949501038,0.9920790791511536,1.0,1.0,1.0,curvature
165.8423354625702,0.9925028681755066,1.0,1.0,1.0,curvature
165.88285160064697,0.9925588369369507,1.0,1.0,1.0,curvature
165.92344069480896,0.992633581161499,1.0,1.0,1.0,curvature
165.96413707733154,0.9930208921432495,1.0,1.0,1.0,curvature
166.00551867485046,0.9984725713729858,1.0,1.0,1.0,curvature
166.0457136631012,0.989458441734314,1.0,1.0,1.0,curvature
166.08666610717773,0.9802960753440857,1.0,1.0,1.0,curvature
166.1268424987793,0.9681885838508606,0.7841061353683472,1.0,1.0,preview
166.16742634773254,0.9675601124763489,0.7841061353683472,1.0,1.0,preview
166.2091372013092,0.9541319608688354,0.644880473613739,1.0,1.0,preview
166.2478849887848,0.9537298679351807,0.644880473613739,1.0,1.0,preview
166.28882098197937,0.9534583687782288,0.644880473613739,1.0,1.0,preview
166.32942295074463,0.9554712176322937,0.644880473613739,1.0,1.0,preview
166.3702747821808,0.9589223265647888,0.644880473613739,1.0,1.0,preview
166.41080045700073,0.9603803753852844,0.644880473613739,1.0,1.0,preview
166.4511592388153,0.9579994082450867,0.644880473613739,1.0,1.0,preview
166.4919650554657,0.9554671049118042,0.644880473613739,1.0,1.0,preview
166.53199529647827,0.9600437879562378,0.644880473613739,1.0,1.0,preview
166.57246136665344,0.9632715582847595,0.644880473613739,1.0,1.0,preview
166.61158561706543,0.9714011549949646,0.644880473613739,1.0,1.0,preview
166.65299081802368,0.9764316082000732,0.644880473613739,1.0,1.0,preview
166.69313788414001,0.9787055850028992,0.644880473613739,1.0,1.0,preview
166.7338511943817,0.9837936758995056,0.644880473613739,1.0,1.0,preview
166.77556705474854,0.9856194257736206,0.644880473613739,1.0,1.0,preview
166.8149881362915,0.9533068537712097,0.644880473613739,1.0,1.0,preview
166.8561451435089,0.9090973138809204,0.644880473613739,1.0,1.0,preview
166.89680981636047,0.8730880618095398,0.644880473613739,1.0,1.0,preview
166.9370255470276,0.8746998310089111,0.644880473613739,1.0,1.0,preview
166.97742128372192,0.8809847235679626,0.644880473613739,1.0,1.0,preview
167.0184097290039,0.8944857120513916,0.644880473613739,1.0,1.0,preview
167.05884909629822,0.9020347595214844,0.644880473613739,1.0,1.0,preview
167.09902667999268,0.9075801372528076,0.644880473613739,1.0,1.0,preview
167.13969159126282,0.9144080281257629,0.644880473613739,1.0,1.0,preview
167.18113541603088,0.9207491278648376,0.644880473613739,1.0,1.0,preview
167.2210454940796,0.9121469855308533,0.644880473613739,1.0,1.0,preview
167.25990462303162,0.8989456295967102,0.644880473613739,1.0,1.0,preview
167.30307030677795,0.8861746788024902,0.644880473613739,1.0,1.0,preview
167.34322476387024,0.8948760032653809,0.644880473613739,1.0,1.0,preview
167.3827085494995,0.9028294682502747,0.644880473613739,1.0,1.0,preview
167.42336440086365,0.8936417102813721,0.644880473613739,1.0,1.0,preview
167.46527910232544,0.9002456068992615,0.644880473613739,1.0,1.0,preview
167.50588631629944,0.8848881721496582,0.644880473613739,1.0,1.0,preview
167.5457603931427,0.8920859694480896,0.644880473613739,1.0,1.0,preview
167.58675599098206,0.8788751363754272,0.644880473613739,1.0,1.0,preview
167.62804436683655,0.8935757875442505,0.644880473613739,1.0,1.0,preview
167.66892981529236,0.8824850916862488,0.644880473613739,1.0,1.0,preview
167.7076027393341,0.8895805478096008,0.644880473613739,1.0,1.0,preview
167.7477889060974,0.8992340564727783,0.644880473613739,1.0,1.0,preview
167.79043555259705,0.9273182153701782,0.644880473613739,1.0,1.0,preview
167.829519033432,0.9472197890281677,0.644880473613739,1.0,1.0,preview
167.8681299686432,0.936796247959137,0.644880473613739,1.0,1.0,preview
167.9110243320465,0.9409055113792419,0.644880473613739,1.0,1.0,preview
167.9504611492157,0.9305062890052795,0.644880473613739,1.0,1.0,preview
167.99292421340942,0.9350001811981201,0.644880473613739,1.0,1.0,preview
168.0322802066803,0.9308933019638062,0.644880473613739,1.0,1.0,preview
168.07344889640808,0.9355948567390442,0.644880473613739,1.0,1.0,preview
168.11401057243347,0.9275673627853394,0.644880473613739,1.0,1.0,preview
168.1545536518097,0.9323887228965759,0.644880473613739,1.0,1.0,preview
168.19424605369568,0.9253588914871216,0.644880473613739,1.0,1.0,preview
168.23411011695862,0.9214746952056885,0.644880473613739,1.0,1.0,preview
168.2748453617096,0.9134384989738464,0.644880473613739,1.0,1.0,preview
168.314932346344,0.9057624936103821,0.644880473613739,1.0,1.0,preview
168.35605120658875,0.917380690574646,0.7828327417373657,1.0,1.0,preview
168.39708399772644,0.9247997403144836,0.7828327417373657,1.0,1.0,preview
168.43708181381226,0.9452815055847168,1.0,1.0,1.0,curvature
168.47759771347046,0.9470088481903076,1.0,1.0,1.0,curvature
168.51965928077698,0.9486694931983948,1.0,1.0,1.0,curvature
168.56000542640686,0.9526523351669312,1.0,1.0,1.0,curvature
168.60080075263977,0.9543235301971436,1.0,1.0,1.0,curvature
168.6399965286255,0.9583442211151123,1.0,1.0,1.0,curvature
168.6815960407257,0.9600170850753784,1.0,1.0,1.0,curvature
168.72261571884155,0.9616515636444092,1.0,1.0,1.0,curvature
168.76201510429382,0.9641686081886292,1.0,1.0,1.0,curvature
168.80407571792603,0.9680531620979309,1.0,1.0,1.0,curvature
168.84440970420837,0.972904622554779,1.0,1.0,1.0,curvature
168.88447880744934,0.9744876027107239,1.0,1.0,1.0,curvature
168.92618227005005,0.9751192927360535,1.0,1.0,1.0,curvature
168.96516823768616,0.9757755994796753,1.0,1.0,1.0,curvature
169.0069603919983,0.97709059715271,1.0,1.0,1.0,curvature
169.04657173156738,0.9790864586830139,1.0,1.0,1.0,curvature
169.0869882106781,0.9797758460044861,1.0,1.0,1.0,curvature
169.1275975704193,0.9804649949073792,1.0,1.0,1.0,curvature
169.16757321357727,0.981541633605957,1.0,1.0,1.0,curvature
169.20900774002075,0.9822370409965515,1.0,1.0,1.0,curvature
169.24923610687256,0.9852045178413391,1.0,1.0,1.0,curvature
169.29077219963074,0.9873859286308289,1.0,1.0,1.0,curvature
169.33037638664246,0.9896039366722107,1.0,1.0,1.0,curvature
169.37072730064392,0.9903584122657776,1.0,1.0,1.0,curvature
169.41180157661438,0.9909389615058899,1.0,1.0,1.0,curvature
169.45201683044434,0.9922699332237244,1.0,1.0,1.0,curvature
169.49291825294495,0.9927551746368408,1.0,1.0,1.0,curvature
169.53375458717346,0.9933733344078064,1.0,1.0,1.0,curvature
169.57464456558228,0.9937781691551208,1.0,1.0,1.0,curvature
169.6154808998108,0.994372546672821,1.0,1.0,1.0,curvature
169.6564404964447,0.9952728152275085,1.0,1.0,1.0,curvature
169.69618320465088,0.9958502054214478,1.0,1.0,1.0,curvature
169.73879551887512,0.9961199760437012,1.0,1.0,1.0,curvature
169.77708530426025,0.9967791438102722,1.0,1.0,1.0,curvature
169.81847262382507,0.9894767999649048,1.0,1.0,1.0,curvature
169.85922122001648,0.9825131297111511,1.0,1.0,1.0,curvature
169.89920449256897,0.982487142086029,1.0,1.0,1.0,curvature
169.9397873878479,0.9833139777183533,1.0,1.0,1.0,curvature
169.97951102256775,0.983557403087616,1.0,1.0,1.0,curvature
170.0215709209442,0.9837864637374878,1.0,1.0,1.0,curvature
170.06173491477966,0.9849133491516113,1.0,1.0,1.0,curvature
170.10132360458374,0.9856882691383362,1.0,1.0,1.0,curvature
170.14079689979553,0.9859886765480042,1.0,1.0,1.0,curvature
170.18193101882935,0.9935709238052368,1.0,1.0,1.0,curvature
170.22220468521118,0.9986332654953003,1.0,1.0,1.0,curvature
170.26310229301453,0.9910367727279663,1.0,1.0,1.0,curvature
170.30361533164978,0.9913424253463745,1.0,1.0,1.0,curvature
170.3448977470398,0.9918201565742493,1.0,1.0,1.0,curvature
170.38486552238464,0.9922488927841187,1.0,1.0,1.0,curvature
170.42583680152893,0.9927647113800049,1.0,1.0,1.0,curvature
170.46642184257507,0.9936208724975586,1.0,1.0,1.0,curvature
170.50729870796204,0.9942298531532288,1.0,1.0,1.0,curvature
170.54728436470032,0.99458909034729,1.0,1.0,1.0,curvature
170.58766412734985,0.9952692985534668,1.0,1.0,1.0,curvature
170.6286313533783,0.9955710172653198,1.0,1.0,1.0,curvature
170.66998267173767,0.9969263076782227,1.0,1.0,1.0,curvature
170.70989155769348,0.9971456527709961,1.0,1.0,1.0,curvature
170.75079607963562,0.997749924659729,1.0,1.0,1.0,curvature
170.79073905944824,0.9994533061981201,1.0,1.0,1.0,curvature
170.83164596557617,0.9993257522583008,1.0,1.0,1.0,curvature
170.8731551170349,0.9968442916870117,1.0,1.0,1.0,curvature
170.9137499332428,0.996864378452301,1.0,1.0,1.0,curvature
170.95392298698425,0.9963897466659546,1.0,1.0,1.0,curvature
170.9941210746765,0.9965534210205078,1.0,1.0,1.0,curvature
171.03486514091492,0.9961211681365967,1.0,1.0,1.0,curvature
171.07513976097107,0.9858846664428711,1.0,1.0,1.0,curvature
171.1161184310913,0.9691788554191589,1.0,1.0,1.0,curvature
171.15702438354492,0.9540228247642517,1.0,1.0,1.0,curvature
171.19762897491455,0.955520510673523,1.0,1.0,1.0,curvature
171.23865032196045,0.9577730298042297,1.0,1.0,1.0,curvature
171.2773597240448,0.9623302221298218,1.0,1.0,1.0,curvature
171.31923151016235,0.9643796682357788,1.0,1.0,1.0,curvature
171.3592984676361,0.9270959496498108,0.7499678134918213,1.0,1.0,preview
171.40049242973328,0.9057632684707642,0.7499678134918213,1.0,1.0,preview
171.44129490852356,0.7967289090156555,0.5713865756988525,1.0,1.0,preview
171.48017930984497,0.7779099941253662,0.5713865756988525,1.0,1.0,preview
171.52086114883423,0.7792653441429138,0.5713865756988525,1.0,1.0,preview
171.56179857254028,0.782435953617096,0.5713865756988525,1.0,1.0,preview
171.6008267402649,0.7947821617126465,0.5713865756988525,1.0,1.0,preview
171.64322710037231,0.8099848628044128,0.5713865756988525,1.0,1.0,preview
171.68304991722107,0.8076467514038086,0.5713865756988525,1.0,1.0,preview
171.72402143478394,0.794331967830658,0.5713865756988525,1.0,1.0,preview
171.76414346694946,0.7826979160308838,0.5713865756988525,1.0,0.9967896342277527,preview
171.80450773239136,0.7961006164550781,0.5713865756988525,1.0,0.9992941617965698,preview
171.84384870529175,0.8279346227645874,0.5713865756988525,1.0,1.0,preview
171.88586616516113,0.8576458692550659,0.5713865756988525,1.0,1.0,preview
171.92675948143005,0.8938450813293457,0.5713865756988525,1.0,1.0,preview
171.9654245376587,0.9044928550720215,0.5713865756988525,1.0,1.0,preview
172.00743675231934,0.84991455078125,0.5713865756988525,1.0,0.9928504228591919,preview
172.04893732070923,0.7837370038032532,0.5713865756988525,1.0,0.9740967750549316,preview
172.0890781879425,0.7582552433013916,0.5713865756988525,1.0,0.9595956802368164,preview
172.12971591949463,0.7715931534767151,0.5713865756988525,1.0,0.9625967144966125,preview
172.17028522491455,0.8110096454620361,0.5713865756988525,1.0,0.9658049941062927,preview
172.21104311943054,0.8278511166572571,0.5713865756988525,1.0,0.9693408012390137,preview
172.2512707710266,0.8430460691452026,0.5713865756988525,1.0,0.9730046987533569,preview
172.29110836982727,0.9101613759994507,0.5713865756988525,1.0,0.9817265272140503,preview
172.3316249847412,0.9724782109260559,0.5713865756988525,1.0,0.9868326783180237,preview
172.3723783493042,0.9875885844230652,0.5713865756988525,1.0,0.9923036098480225,preview
172.4129192829132,0.9897575378417969,0.5713865756988525,1.0,0.9971264600753784,preview
172.4547746181488,0.9678894877433777,0.5713865756988525,1.0,1.0,preview
172.49487113952637,0.9283641576766968,0.5713865756988525,1.0,1.0,preview
172.5340120792389,0.9307329654693604,0.5713865756988525,1.0,1.0,preview
172.57494449615479,0.9007028937339783,0.5713865756988525,1.0,1.0,preview
172.6181869506836,0.9060794711112976,0.5713865756988525,1.0,1.0,preview
172.65781211853027,0.8805537819862366,0.5713865756988525,1.0,1.0,preview
172.69765210151672,0.9128149151802063,0.5713865756988525,1.0,1.0,preview
172.73790216445923,0.9724869132041931,0.5713865756988525,1.0,1.0,preview
172.77856826782227,0.9493262767791748,0.5713865756988525,1.0,1.0,preview
172.8187620639801,0.9475105404853821,0.5713865756988525,1.0,1.0,preview
172.859361410141,0.9316758513450623,0.5713865756988525,1.0,1.0,preview
172.90015745162964,0.9209548234939575,0.5713865756988525,1.0,1.0,preview
172.94055032730103,0.9259651899337769,0.5713865756988525,1.0,1.0,preview
172.9802439212799,0.9146641492843628,0.5713865756988525,1.0,1.0,preview
173.02115321159363,0.9201407432556152,0.5713865756988525,1.0,1.0,preview
173.06338214874268,0.9105080962181091,0.5713865756988525,1.0,1.0,preview
173.10404539108276,0.9083250164985657,0.5713865756988525,1.0,1.0,preview
173.14352798461914,0.9149419665336609,0.5713865756988525,1.0,1.0,preview
173.18376421928406,0.9215905666351318,0.5713865756988525,1.0,1.0,preview
173.22328877449036,0.9199721217155457,0.5713865756988525,1.0,1.0,preview
173.26557326316833,0.9307620525360107,0.5713865756988525,1.0,1.0,preview
173.30563974380493,0.9352326393127441,0.5713865756988525,1.0,1.0,preview
173.34610438346863,0.9292616844177246,0.5713865756988525,1.0,1.0,preview
173.3872172832489,0.9344345927238464,0.5713865756988525,1.0,1.0,preview
173.42759561538696,0.9294925332069397,0.5713865756988525,1.0,1.0,preview
173.46774911880493,0.9347463250160217,0.5713865756988525,1.0,1.0,preview
173.50898122787476,0.9359465837478638,0.5713865756988525,1.0,1.0,preview
173.54988551139832,0.9322077035903931,0.5713865756988525,1.0,1.0,preview
173.5891706943512,0.9440339803695679,0.7244610786437988,1.0,1.0,preview
173.6297483444214,0.9453597068786621,0.7244610786437988,1.0,1.0,preview
173.67031264305115,0.9610644578933716,1.0,1.0,1.0,curvature
173.7099370956421,0.9616358876228333,1.0,1.0,1.0,curvature
173.75289392471313,0.9598926901817322,1.0,1.0,1.0,curvature
173.79187512397766,0.9583778381347656,1.0,1.0,1.0,curvature
173.83338117599487,0.9600924849510193,1.0,1.0,1.0,curvature
173.87467980384827,0.9618028402328491,1.0,1.0,1.0,curvature
173.91368532180786,0.965472936630249,1.0,1.0,1.0,curvature
173.95335125923157,0.9671982526779175,1.0,1.0,1.0,curvature
173.99424767494202,0.9688367247581482,1.0,1.0,1.0,curvature
174.03551864624023,0.9704934358596802,1.0,1.0,1.0,curvature
174.07572627067566,0.971883237361908,1.0,1.0,1.0,curvature
174.11548900604248,0.974211573600769,1.0,1.0,1.0,curvature
174.15635299682617,0.9749801754951477,1.0,1.0,1.0,curvature
174.19640970230103,0.9757373929023743,1.0,1.0,1.0,curvature
174.23813390731812,0.9831976294517517,1.0,1.0,1.0,curvature
174.279470205307,0.9911102652549744,1.0,1.0,1.0,curvature
174.31948614120483,0.9996426105499268,1.0,1.0,1.0,curvature
174.35970830917358,0.9999335408210754,1.0,1.0,1.0,curvature
174.4008309841156,0.9998277425765991,1.0,1.0,1.0,curvature
174.44114184379578,0.9999150037765503,1.0,1.0,1.0,curvature
174.48247838020325,0.9999707937240601,1.0,1.0,1.0,curvature
174.5219268798828,0.9999907612800598,1.0,1.0,1.0,curvature
174.56221532821655,0.9999043941497803,1.0,1.0,1.0,curvature
174.60370898246765,0.9998118281364441,1.0,1.0,1.0,curvature
174.6447937488556,0.9997164011001587,1.0,1.0,1.0,curvature
174.685382604599,0.9997287392616272,1.0,1.0,1.0,curvature
174.72469806671143,0.9905125498771667,1.0,1.0,1.0,curvature
174.76568841934204,0.980790376663208,1.0,1.0,1.0,curvature
174.80609822273254,0.9710586071014404,1.0,1.0,1.0,curvature
174.84614276885986,0.9715372323989868,1.0,1.0,1.0,curvature
174.888037443161,0.9725286960601807,1.0,1.0,1.0,curvature
174.9280982017517,0.9750261902809143,1.0,1.0,1.0,curvature
174.96827006340027,0.9761601686477661,1.0,1.0,1.0,curvature
175.00891542434692,0.977279782295227,1.0,1.0,1.0,curvature
175.04975175857544,0.9785172343254089,1.0,1.0,1.0,curvature
175.09117078781128,0.9795967936515808,1.0,1.0,1.0,curvature
175.13121485710144,0.9818160533905029,1.0,1.0,1.0,curvature
175.17128705978394,0.9828495979309082,1.0,1.0,1.0,curvature
175.21089816093445,0.9839763045310974,1.0,1.0,1.0,curvature
175.25209283828735,0.985104501247406,1.0,1.0,1.0,curvature
175.29304933547974,0.9861961603164673,1.0,1.0,1.0,curvature
175.3332018852234,0.9880422353744507,1.0,1.0,1.0,curvature
175.37385869026184,0.9890169501304626,1.0,1.0,1.0,curvature
175.41392278671265,0.9899799823760986,1.0,1.0,1.0,curvature
175.45525193214417,0.9857463836669922,1.0,1.0,1.0,curvature
175.49654006958008,0.9818145036697388,1.0,1.0,1.0,curvature
175.53656005859375,0.9788784980773926,1.0,1.0,1.0,curvature
175.57699513435364,0.9798266291618347,1.0,1.0,1.0,curvature
175.6175401210785,0.9811222553253174,1.0,1.0,1.0,curvature
175.65844821929932,0.98247891664505,1.0,1.0,1.0,curvature
175.6993327140808,0.9838232398033142,1.0,1.0,1.0,curvature
175.7401304244995,0.9906935095787048,1.0,1.0,1.0,curvature
175.77960896492004,0.9965305328369141,1.0,1.0,1.0,curvature
175.8204641342163,0.9977855086326599,1.0,1.0,1.0,curvature
175.86052441596985,0.9969534277915955,1.0,1.0,1.0,curvature
175.90090250968933,0.9969854354858398,1.0,1.0,1.0,curvature
175.94237112998962,0.9957466721534729,1.0,1.0,1.0,curvature
175.98151087760925,0.9951741695404053,1.0,1.0,1.0,curvature
176.02205729484558,0.9953563213348389,1.0,1.0,1.0,curvature
176.06231999397278,0.9960947632789612,1.0,1.0,1.0,curvature
176.1045982837677,0.9967464804649353,1.0,1.0,1.0,curvature
176.14548444747925,0.9967845678329468,1.0,1.0,1.0,curvature
176.1851351261139,0.9969537854194641,1.0,1.0,1.0,curvature
176.22582697868347,0.9963815212249756,1.0,1.0,1.0,curvature
176.26700830459595,0.9958094358444214,1.0,1.0,1.0,curvature
176.30736136436462,0.9952725768089294,1.0,1.0,1.0,curvature
176.34690141677856,0.9971566200256348,1.0,1.0,1.0,curvature
176.3878915309906,0.9988812804222107,1.0,1.0,1.0,curvature
176.42912244796753,0.9993874430656433,1.0,1.0,1.0,curvature
176.46918416023254,0.9998753666877747,1.0,1.0,1.0,curvature
176.51013231277466,0.999888002872467,1.0,1.0,1.0,curvature
176.54930686950684,0.9989849328994751,1.0,1.0,1.0,curvature
176.59104895591736,0.9984235763549805,1.0,1.0,1.0,curvature
176.6305091381073,0.9984663128852844,1.0,1.0,1.0,curvature
176.67213797569275,0.9952749609947205,1.0,1.0,1.0,curvature
176.71349716186523,0.9927172660827637,1.0,1.0,1.0,curvature
176.75363779067993,0.9906212091445923,1.0,1.0,1.0,curvature
176.79311990737915,0.9904181957244873,1.0,1.0,1.0,curvature
176.83296060562134,0.9903069138526917,1.0,1.0,1.0,curvature
176.87478399276733,0.9991431832313538,0.40442904829978943,1.0,1.0,preview
176.91572046279907,0.9975698590278625,0.40442904829978943,1.0,1.0,preview
176.95525598526,0.9306344389915466,0.40442904829978943,1.0,1.0,preview
176.99570846557617,0.8744096159934998,0.40442904829978943,1.0,1.0,preview
177.037926197052,0.8172834515571594,0.40442904829978943,1.0,1.0,preview
177.0774483680725,0.8176692724227905,0.40442904829978943,1.0,1.0,preview
177.11856770515442,0.8192141056060791,0.40442904829978943,1.0,1.0,preview
177.15757179260254,0.8490110039710999,0.40442904829978943,1.0,1.0,preview
177.19831252098083,0.8611680865287781,0.40442904829978943,1.0,1.0,preview
177.23955249786377,0.8809253573417664,0.40442904829978943,1.0,1.0,preview
177.27892327308655,0.8589983582496643,0.40442904829978943,1.0,1.0,preview
177.32109189033508,0.8464579582214355,0.40442904829978943,1.0,1.0,preview
177.3609642982483,0.8479609489440918,0.40442904829978943,1.0,1.0,preview
177.40219974517822,0.8610445857048035,0.40442904829978943,1.0,1.0,preview
177.44213771820068,0.8734089732170105,0.40442904829978943,1.0,1.0,preview
177.4830322265625,0.9011529088020325,0.40442904829978943,1.0,1.0,preview
177.52469563484192,0.9136729836463928,0.40442904829978943,1.0,1.0,preview
177.56482005119324,0.9999926090240479,0.40442904829978943,1.0,1.0,preview
177.60505890846252,0.9500882029533386,0.40442904829978943,1.0,1.0,preview
177.6466794013977,0.887010395526886,0.40442904829978943,1.0,1.0,preview
177.68627429008484,0.8922286629676819,0.40442904829978943,1.0,1.0,preview
177.7269549369812,0.8792640566825867,0.40442904829978943,1.0,1.0,preview
177.76718401908875,0.8966042399406433,0.40442904829978943,1.0,1.0,preview
177.8069565296173,0.8881601691246033,0.40442904829978943,1.0,1.0,preview
177.84711122512817,0.8964722156524658,0.40442904829978943,1.0,1.0,preview
177.88811254501343,0.8516656160354614,0.40442904829978943,1.0,1.0,preview
177.93043732643127,0.8107755184173584,0.40442904829978943,1.0,1.0,preview
177.97061395645142,0.7743399739265442,0.40442904829978943,1.0,1.0,preview
178.0113296508789,0.7874984741210938,0.40442904829978943,1.0,1.0,preview
178.05029892921448,0.8039481043815613,0.40442904829978943,1.0,1.0,preview
178.09360718727112,0.8138522505760193,0.40442904829978943,1.0,1.0,preview
178.13224744796753,0.829759955406189,0.40442904829978943,1.0,1.0,preview
178.17200422286987,0.8587482571601868,0.40442904829978943,1.0,1.0,preview
178.2130446434021,0.8736397624015808,0.40442904829978943,1.0,1.0,preview
178.25250244140625,0.8856577277183533,0.40442904829978943,1.0,1.0,preview
178.29355597496033,0.8971362709999084,0.40442904829978943,1.0,1.0,preview
178.3346734046936,0.9078053832054138,0.40442904829978943,1.0,1.0,preview
178.37563967704773,0.9352955222129822,0.40442904829978943,1.0,1.0,preview
178.41492819786072,0.9441213607788086,0.40442904829978943,1.0,1.0,preview
178.45692133903503,0.9627352356910706,0.40442904829978943,1.0,1.0,preview
178.4981129169464,0.9686781764030457,0.40442904829978943,1.0,1.0,preview
178.53853511810303,0.9732965230941772,0.40442904829978943,1.0,1.0,preview
178.5789692401886,0.9939751029014587,0.40442904829978943,1.0,1.0,preview
178.6186900138855,0.9957156181335449,0.40442904829978943,1.0,1.0,preview
178.6609184741974,0.8159437775611877,0.40442904829978943,1.0,0.9567809700965881,preview
178.70067238807678,0.8164100050926208,0.40442904829978943,1.0,0.9638276100158691,preview
178.74060463905334,0.824845016002655,0.40442904829978943,1.0,0.9707421660423279,preview
178.78103041648865,0.718151330947876,0.40442904829978943,1.0,0.9849478006362915,preview
178.82214832305908,0.7325027585029602,0.40442904829978943,1.0,0.991988480091095,preview
178.86326956748962,0.6478517651557922,0.40442904829978943,1.0,0.9990295767784119,preview
178.90290236473083,0.6111151576042175,0.40442904829978943,1.0,1.0,preview
178.94295740127563,0.5780606269836426,0.40442904829978943,1.0,1.0,preview
178.98414397239685,0.5263158082962036,0.40442904829978943,1.0,1.0,preview
179.0251271724701,0.5279366970062256,0.40442904829978943,1.0,1.0,preview
179.06520748138428,0.5498320460319519,0.40442904829978943,1.0,1.0,preview
179.10611295700073,0.5263158082962036,0.40442904829978943,1.0,1.0,preview
179.14651799201965,0.5443234443664551,0.40442904829978943,1.0,1.0,preview
179.18706464767456,0.5460273027420044,0.40442904829978943,1.0,1.0,preview
179.22712326049805,0.5697914958000183,0.40442904829978943,1.0,1.0,preview
179.2676763534546,0.5939366221427917,0.40442904829978943,1.0,1.0,preview
179.30926966667175,0.576024055480957,0.40442904829978943,1.0,1.0,preview
179.34998035430908,0.5983211398124695,0.40442904829978943,1.0,1.0,preview
179.38916563987732,0.6107136607170105,0.40442904829978943,1.0,1.0,preview
179.42987537384033,0.6350537538528442,0.40442904829978943,1.0,1.0,preview
179.47116446495056,0.6593878269195557,0.40442904829978943,1.0,1.0,preview
179.511048078537,0.8449481725692749,1.0,1.0,1.0,curvature
179.55260252952576,0.856032133102417,1.0,1.0,1.0,curvature
179.59499049186707,0.8652725219726562,1.0,1.0,1.0,curvature
179.63366270065308,0.865469753742218,1.0,1.0,1.0,curvature
179.67388153076172,0.8699860572814941,1.0,1.0,1.0,curvature
179.71487998962402,0.8744518160820007,1.0,1.0,1.0,curvature
179.7553791999817,0.878993034362793,1.0,1.0,1.0,curvature
179.79576468467712,0.8883053064346313,1.0,1.0,1.0,curvature
179.83662629127502,0.8928624987602234,1.0,1.0,1.0,curvature
179.87901902198792,0.8973484635353088,1.0,1.0,1.0,curvature
179.91732549667358,0.9046692252159119,1.0,1.0,1.0,curvature
179.9580430984497,0.9089360237121582,1.0,1.0,1.0,curvature
179.9977526664734,0.9149367213249207,1.0,1.0,1.0,curvature
180.03952479362488,0.9192651510238647,1.0,1.0,1.0,curvature
180.0797896385193,0.9235161542892456,1.0,1.0,1.0,curvature
180.12000679969788,0.9369153380393982,1.0,1.0,1.0,curvature
180.1605339050293,0.9497105479240417,1.0,1.0,1.0,curvature
180.20044779777527,0.9646608829498291,1.0,1.0,1.0,curvature
180.2422480583191,0.9666396975517273,1.0,1.0,1.0,curvature
180.28163123130798,0.9677397012710571,1.0,1.0,1.0,curvature
180.32420897483826,0.9695459604263306,1.0,1.0,1.0,curvature
180.36298251152039,0.9705981612205505,1.0,1.0,1.0,curvature
180.40402340888977,0.9741086363792419,1.0,1.0,1.0,curvature
180.44510555267334,0.9769167900085449,1.0,1.0,1.0,curvature
180.48490118980408,0.9792496562004089,1.0,1.0,1.0,curvature
180.5252537727356,0.98023921251297,1.0,1.0,1.0,curvature
180.56494665145874,0.9811191558837891,1.0,1.0,1.0,curvature
180.60553097724915,0.9830313324928284,1.0,1.0,1.0,curvature
180.6463487148285,0.9838026165962219,1.0,1.0,1.0,curvature
180.6876790523529,0.984563946723938,1.0,1.0,1.0,curvature
180.7279679775238,0.9854376316070557,1.0,1.0,1.0,curvature
180.768474817276,0.9862017035484314,1.0,1.0,1.0,curvature
180.80945134162903,0.9877070784568787,1.0,1.0,1.0,curvature
180.8501374721527,0.9884114861488342,1.0,1.0,1.0,curvature
180.88996934890747,0.989078164100647,1.0,1.0,1.0,curvature
180.9316029548645,0.9897558689117432,1.0,1.0,1.0,curvature
180.97241616249084,0.9099187850952148,0.40442904829978943,1.0,1.0,preview
181.01265382766724,0.889163613319397,0.40442904829978943,1.0,1.0,preview
181.0518307685852,0.8708034753799438,0.40442904829978943,1.0,1.0,preview
181.092426776886,0.8516024947166443,0.40442904829978943,1.0,1.0,preview
181.13392043113708,0.8599722385406494,0.40442904829978943,1.0,1.0,preview
181.17514848709106,0.868476390838623,0.40442904829978943,1.0,1.0,preview
181.2143428325653,0.9143455624580383,0.40442904829978943,1.0,1.0,preview
181.25630283355713,0.9255928993225098,0.40442904829978943,1.0,1.0,preview
181.29651474952698,0.933171808719635,0.40442904829978943,1.0,1.0,preview
181.33685874938965,0.9590499401092529,0.40442904829978943,1.0,1.0,preview
181.37799763679504,0.9664399027824402,0.40442904829978943,1.0,1.0,preview
181.41796708106995,0.8600202798843384,0.40442904829978943,1.0,1.0,preview
181.45900177955627,0.7573322653770447,0.40442904829978943,1.0,1.0,preview
181.4991114139557,0.6738426685333252,0.40442904829978943,1.0,1.0,preview
181.53991723060608,0.6878646016120911,0.40442904829978943,1.0,1.0,preview
181.58013772964478,0.7081896662712097,0.40442904829978943,1.0,1.0,preview
181.62019538879395,0.7417633533477783,0.40442904829978943,1.0,1.0,preview
181.66079878807068,0.7620377540588379,0.40442904829978943,1.0,1.0,preview
181.7017900943756,0.7787749767303467,0.40442904829978943,1.0,1.0,preview
181.7410819530487,0.7977457046508789,0.40442904829978943,1.0,1.0,preview
181.78262758255005,0.814605176448822,0.40442904829978943,1.0,1.0,preview
181.82438564300537,0.8428182005882263,0.40442904829978943,1.0,1.0,preview
181.86384296417236,0.8484379649162292,0.40442904829978943,1.0,1.0,preview
181.90524077415466,0.8637033104896545,0.40442904829978943,1.0,1.0,preview
181.945228099823,0.8772660493850708,0.40442904829978943,1.0,1.0,preview
181.98535537719727,0.8895624876022339,0.40442904829978943,1.0,1.0,preview
182.02531599998474,0.9292728304862976,0.40442904829978943,1.0,1.0,preview
182.0666630268097,0.9372817277908325,0.40442904829978943,1.0,1.0,preview
182.10700011253357,0.9673945903778076,0.40442904829978943,1.0,1.0,preview
182.14743566513062,0.9742007851600647,0.40442904829978943,1.0,1.0,preview
182.18878817558289,0.9787988066673279,0.40442904829978943,1.0,1.0,preview
182.2286994457245,0.9098120927810669,0.40442904829978943,1.0,1.0,preview
182.26871871948242,0.8221907019615173,0.40442904829978943,1.0,1.0,preview
182.30896377563477,0.7670875191688538,0.40442904829978943,1.0,1.0,preview
182.35226011276245,0.7756832242012024,0.40442904829978943,1.0,1.0,preview
182.39183807373047,0.7716259956359863,0.40442904829978943,1.0,1.0,preview
182.43085479736328,0.8043781518936157,0.40442904829978943,1.0,1.0,preview
182.47310042381287,0.8073831796646118,0.40442904829978943,1.0,1.0,preview
182.51417446136475,0.8220837712287903,0.40442904829978943,1.0,1.0,preview
182.5529327392578,0.8370628952980042,0.40442904829978943,1.0,1.0,preview
182.5936722755432,0.8439822793006897,0.40442904829978943,1.0,1.0,preview
182.6337275505066,0.8717870712280273,0.40442904829978943,1.0,1.0,preview
182.67528796195984,0.8812962174415588,0.40442904829978943,1.0,1.0,preview
182.71567726135254,0.8924368619918823,0.40442904829978943,1.0,1.0,preview
182.7555456161499,0.902462363243103,0.40442904829978943,1.0,1.0,preview
182.79639053344727,0.8787855505943298,0.40442904829978943,1.0,0.9441921710968018,preview
182.83608555793762,0.718914806842804,0.40442904829978943,1.0,0.9586262702941895,preview
182.87700724601746,0.724883496761322,0.40442904829978943,1.0,0.9659094214439392,preview
182.91860222816467,0.7395841479301453,0.40442904829978943,1.0,0.9732591509819031,preview
182.95836925506592,0.6887790560722351,0.40442904829978943,1.0,0.9760277271270752,preview
183.0004677772522,0.7585846185684204,0.40442904829978943,1.0,0.9779639840126038,preview
183.03951621055603,0.7439732551574707,0.40442904829978943,1.0,0.9862534403800964,preview
183.08039593696594,0.656370222568512,0.40442904829978943,1.0,0.9931386113166809,preview
183.1212077140808,0.6703889966011047,0.40442904829978943,1.0,1.0,preview
183.16159176826477,0.6933389902114868,0.40442904829978943,1.0,1.0,preview
183.20182371139526,0.6275666952133179,0.40442904829978943,1.0,1.0,preview
183.2420356273651,0.6615026593208313,0.40442904829978943,1.0,1.0,preview
183.28338980674744,0.6101008057594299,0.40442904829978943,1.0,1.0,preview
183.32351279258728,0.6280897855758667,0.40442904829978943,1.0,1.0,preview
183.36442017555237,0.6508797407150269,0.40442904829978943,1.0,1.0,preview
183.40697741508484,0.6076459288597107,0.40442904829978943,1.0,1.0,preview
183.44631433486938,0.753013014793396,1.0,1.0,1.0,curvature
183.48615789413452,0.7612314224243164,1.0,1.0,1.0,curvature
183.5263795852661,0.7676162123680115,1.0,1.0,1.0,curvature
183.5680673122406,0.7810046672821045,1.0,1.0,1.0,curvature
183.60757088661194,0.7853516340255737,1.0,1.0,1.0,curvature
183.64762902259827,0.7967449426651001,1.0,1.0,1.0,curvature
183.68841195106506,0.8017012476921082,1.0,1.0,1.0,curvature
183.72965002059937,0.8068126440048218,1.0,1.0,1.0,curvature
183.76962065696716,0.8084092140197754,1.0,1.0,1.0,curvature
183.8114161491394,0.8165668249130249,1.0,1.0,1.0,curvature
183.8512077331543,0.8196162581443787,1.0,1.0,1.0,curvature
183.8919734954834,0.8256506323814392,1.0,1.0,1.0,curvature
183.93236470222473,0.8318994045257568,1.0,1.0,1.0,curvature
183.97290539741516,0.8431476354598999,1.0,1.0,1.0,curvature
184.012690782547,0.8493331670761108,1.0,1.0,1.0,curvature
184.05389952659607,0.8581634163856506,1.0,1.0,1.0,curvature
184.09387183189392,0.864429771900177,1.0,1.0,1.0,curvature
184.13515162467957,0.8686630725860596,1.0,1.0,1.0,curvature
184.1757504940033,0.8753045201301575,1.0,1.0,1.0,curvature
184.21652460098267,0.8790305256843567,1.0,1.0,1.0,curvature
184.25608825683594,0.8856785893440247,1.0,1.0,1.0,curvature
184.29854655265808,0.891880452632904,1.0,1.0,1.0,curvature
184.33752417564392,0.8954708576202393,1.0,1.0,1.0,curvature
184.37924933433533,0.9060096740722656,1.0,1.0,1.0,curvature
184.4196162223816,0.9169591069221497,1.0,1.0,1.0,curvature
184.46004629135132,0.9327203631401062,1.0,1.0,1.0,curvature
184.50189971923828,0.9354997873306274,1.0,1.0,1.0,curvature
184.54127430915833,0.9389474391937256,1.0,1.0,1.0,curvature
184.58201909065247,0.9411804676055908,1.0,1.0,1.0,curvature
184.6230766773224,0.9434181451797485,1.0,1.0,1.0,curvature
184.66278171539307,0.9488090872764587,1.0,1.0,1.0,curvature
184.70229125022888,0.7284820079803467,0.39417797327041626,1.0,1.0,preview
184.74328708648682,0.7211484313011169,0.39417797327041626,1.0,1.0,preview
184.7837779521942,0.7202445268630981,0.39417797327041626,1.0,1.0,preview
184.8250596523285,0.7289494872093201,0.39417797327041626,1.0,1.0,preview
184.86495304107666,0.792448103427887,0.39417797327041626,1.0,1.0,preview
184.90568089485168,0.8157219886779785,0.39417797327041626,1.0,1.0,preview
184.94662523269653,0.8307387232780457,0.39417797327041626,1.0,1.0,preview
184.9867730140686,0.8084168434143066,0.39417797327041626,1.0,1.0,preview
185.02721047401428,0.7926915884017944,0.39417797327041626,1.0,1.0,preview
185.06789088249207,0.7981967926025391,0.39417797327041626,1.0,1.0,preview
185.1090395450592,0.8152427077293396,0.39417797327041626,1.0,1.0,preview
185.14916896820068,0.8643463850021362,0.39417797327041626,1.0,1.0,preview
185.18906497955322,0.8823825716972351,0.39417797327041626,1.0,1.0,preview
185.2296154499054,0.937715470790863,0.39417797327041626,1.0,1.0,preview
185.26989316940308,0.9591878652572632,0.39417797327041626,1.0,1.0,preview
185.31004357337952,0.9810423254966736,0.39417797327041626,1.0,1.0,preview
185.35135555267334,0.9751404523849487,0.39417797327041626,1.0,1.0,preview
185.3911747932434,0.9458295702934265,0.39417797327041626,1.0,1.0,preview
185.4330632686615,0.967129647731781,0.39417797327041626,1.0,1.0,preview
185.47275018692017,0.9456670880317688,0.39417797327041626,1.0,1.0,preview
185.51512455940247,0.9491041898727417,0.39417797327041626,1.0,1.0,preview
185.55423021316528,0.9532739520072937,0.39417797327041626,1.0,1.0,preview
185.59529209136963,0.9138258695602417,0.39417797327041626,1.0,1.0,preview
185.63636231422424,0.9176114797592163,0.39417797327041626,1.0,1.0,preview
185.6768283843994,0.9385412335395813,0.39417797327041626,1.0,1.0,preview
185.71704530715942,0.9959801435470581,0.39417797327041626,1.0,1.0,preview
185.757098197937,0.9485208988189697,0.39417797327041626,1.0,1.0,preview
185.7979974746704,0.9896439909934998,0.39417797327041626,1.0,1.0,preview
185.83897352218628,0.991999626159668,0.39417797327041626,1.0,1.0,preview
185.87946891784668,0.9615570902824402,0.39417797327041626,1.0,1.0,preview
185.91978454589844,0.9622874855995178,0.39417797327041626,1.0,1.0,preview
185.96025919914246,0.9654426574707031,0.39417797327041626,1.0,1.0,preview
186.00124597549438,0.9293118119239807,0.39417797327041626,1.0,1.0,preview
186.04125046730042,0.9322141408920288,0.39417797327041626,1.0,1.0,preview
186.08190512657166,0.9381334781646729,0.39417797327041626,1.0,1.0,preview
186.1235647201538,0.9771128296852112,0.39417797327041626,1.0,1.0,preview
186.1637406349182,0.9786588549613953,0.39417797327041626,1.0,1.0,preview
186.20860886573792,0.9804953932762146,0.39417797327041626,1.0,1.0,preview
186.2465260028839,0.9824740886688232,0.39417797327041626,1.0,1.0,preview
186.28600811958313,0.9506890177726746,0.39417797327041626,1.0,1.0,preview
186.3270251750946,0.9530380368232727,0.39417797327041626,1.0,1.0,preview
186.36615800857544,0.7872744798660278,0.39417797327041626,1.0,0.9392261505126953,preview
186.40693306922913,0.7878355383872986,0.39417797327041626,1.0,0.9467320442199707,preview
186.4490737915039,0.7964255213737488,0.39417797327041626,1.0,0.9541147351264954,preview
186.4872419834137,0.6541185975074768,0.39417797327041626,1.0,0.9693504571914673,preview
186.52863788604736,0.6631701588630676,0.39417797327041626,1.0,0.9769478440284729,preview
186.57078504562378,0.5648158192634583,0.39417797327041626,1.0,0.984565019607544,preview
186.60975646972656,0.5801888108253479,0.39417797327041626,1.0,0.992416262626648,preview
186.65029311180115,0.6012994647026062,0.39417797327041626,1.0,0.9999860525131226,preview
186.69166207313538,0.5263158082962036,0.39417797327041626,1.0,1.0,preview
186.73220038414001,0.5263158082962036,0.39417797327041626,1.0,1.0,preview
186.77259063720703,0.5263158082962036,0.39417797327041626,1.0,1.0,preview
186.8130156993866,0.5263158082962036,0.39417797327041626,1.0,1.0,preview
186.8534173965454,0.5263158082962036,0.39417797327041626,1.0,1.0,preview
186.8946454524994,0.5263158082962036,0.39417797327041626,1.0,1.0,preview
186.93507742881775,0.5263158082962036,0.39417797327041626,1.0,1.0,preview
186.97533679008484,0.5263158082962036,0.39417797327041626,1.0,1.0,preview
187.01628589630127,0.5263158082962036,0.39417797327041626,1.0,1.0,preview
187.05705523490906,0.5263158082962036,0.39417797327041626,1.0,1.0,preview
187.0976207256317,0.7704532146453857,1.0,1.0,1.0,curvature
187.13741374015808,0.7914435863494873,1.0,1.0,1.0,curvature
187.17767786979675,0.8018896579742432,1.0,1.0,1.0,curvature
187.21912479400635,0.8105399012565613,1.0,1.0,1.0,curvature
187.2591996192932,0.8238317370414734,1.0,1.0,1.0,curvature
187.29927349090576,0.8349925875663757,1.0,1.0,1.0,curvature
187.34027743339539,0.8398426175117493,1.0,1.0,1.0,curvature
187.38152813911438,0.8504478931427002,1.0,1.0,1.0,curvature
187.4225709438324,0.8483243584632874,1.0,1.0,1.0,curvature
187.4627025127411,0.851535439491272,1.0,1.0,1.0,curvature
187.5039505958557,0.8555982112884521,1.0,1.0,1.0,curvature
187.54309964179993,0.8610393404960632,1.0,1.0,1.0,curvature
187.58422207832336,0.8666976690292358,1.0,1.0,1.0,curvature
187.6248002052307,0.8727077841758728,1.0,1.0,1.0,curvature
187.66586756706238,0.8816712498664856,1.0,1.0,1.0,curvature
187.70586037635803,0.8905240297317505,1.0,1.0,1.0,curvature
187.74694657325745,0.8985944390296936,1.0,1.0,1.0,curvature
187.7866497039795,0.9041021466255188,1.0,1.0,1.0,curvature
187.82804012298584,0.6377144455909729,0.40442904829978943,1.0,1.0,preview
187.86862969398499,0.6473592519760132,0.40442904829978943,1.0,1.0,preview
187.90743112564087,0.6719497442245483,0.40442904829978943,1.0,1.0,preview
187.94826412200928,0.680631697177887,0.40442904829978943,1.0,1.0,preview
187.98960137367249,0.6995487213134766,0.40442904829978943,1.0,1.0,preview
188.0300223827362,0.7161239981651306,0.40442904829978943,1.0,1.0,preview
188.07178211212158,0.7292075157165527,0.40442904829978943,1.0,1.0,preview
188.1119740009308,0.7859875559806824,0.40442904829978943,1.0,1.0,preview
188.15118932724,0.8330260515213013,0.40442904829978943,1.0,1.0,preview
188.19159388542175,0.8387618064880371,0.40442904829978943,1.0,1.0,preview
188.23275184631348,0.906461775302887,0.40442904829978943,1.0,1.0,preview
188.2746663093567,0.9254551529884338,0.40442904829978943,1.0,1.0,preview
188.31349515914917,0.9797075986862183,0.40442904829978943,1.0,1.0,preview
188.35381960868835,0.9696503281593323,0.40442904829978943,1.0,1.0,preview
188.3957712650299,0.9688844680786133,0.40442904829978943,1.0,1.0,preview
188.4351167678833,0.902195394039154,0.40442904829978943,1.0,1.0,preview
188.4762532711029,0.9045289158821106,0.40397730469703674,1.0,1.0,preview
188.5160653591156,0.8597189784049988,0.40397730469703674,1.0,1.0,preview
188.5584065914154,0.8666101694107056,0.40397730469703674,1.0,1.0,preview
188.59815764427185,0.877366304397583,0.40397730469703674,1.0,1.0,preview
188.6382761001587,0.888336181640625,0.40397730469703674,1.0,1.0,preview
188.6783504486084,0.8467514514923096,0.40397730469703674,1.0,1.0,preview
188.7201271057129,0.7893251776695251,0.40397730469703674,1.0,1.0,preview
188.7614061832428,0.7014339566230774,0.40397730469703674,1.0,1.0,preview
188.8023600578308,0.663514256477356,0.40397730469703674,1.0,1.0,preview
188.84302926063538,0.6794726252555847,0.40397730469703674,1.0,1.0,preview
188.88325309753418,0.670437216758728,0.40397730469703674,1.0,1.0,preview
188.92260193824768,0.713067889213562,0.40397730469703674,1.0,1.0,preview
188.96397066116333,0.7127467393875122,0.40397730469703674,1.0,1.0,preview
189.00456547737122,0.733167827129364,0.40397730469703674,1.0,1.0,preview
189.04440116882324,0.7546671032905579,0.40397730469703674,1.0,1.0,preview
189.08614015579224,0.7747329473495483,0.40397730469703674,1.0,1.0,preview
189.12371277809143,0.8032230734825134,0.40397730469703674,1.0,1.0,preview
189.1664788722992,0.8201639652252197,0.40397730469703674,1.0,1.0,preview
189.2078058719635,0.8359707593917847,0.40397730469703674,1.0,1.0,preview
189.2473864555359,0.9566659927368164,0.40397730469703674,1.0,1.0,preview
189.2880437374115,0.908965528011322,0.40397730469703674,1.0,1.0,preview
189.32806015014648,0.8012756705284119,0.40397730469703674,1.0,1.0,preview
189.36821675300598,0.8083425760269165,0.40397730469703674,1.0,1.0,preview
189.40885186195374,0.8213456273078918,0.40397730469703674,1.0,1.0,preview
189.4495632648468,0.8328457474708557,0.40397730469703674,1.0,1.0,preview
189.49035620689392,0.847408652305603,0.40397730469703674,1.0,1.0,preview
189.53103828430176,0.8740180134773254,0.40397730469703674,1.0,1.0,preview
189.57258772850037,0.9800377488136292,0.40397730469703674,1.0,1.0,preview
189.6133587360382,0.9898988604545593,0.40397730469703674,1.0,1.0,preview
189.65198636054993,0.9912724494934082,0.40397730469703674,1.0,1.0,preview
189.6930730342865,0.9053829908370972,0.40397730469703674,1.0,1.0,preview
189.73261046409607,0.9048863649368286,0.40397730469703674,1.0,1.0,preview
189.7737011909485,0.82768714427948,0.40397730469703674,1.0,1.0,preview
189.81517910957336,0.8336272835731506,0.40397730469703674,1.0,1.0,preview
189.85512614250183,0.8468647003173828,0.40397730469703674,1.0,1.0,preview
189.89604449272156,0.787390947341919,0.40397730469703674,1.0,1.0,preview
189.93626189231873,0.7491139769554138,0.40397730469703674,1.0,1.0,preview
189.97656774520874,0.7631866931915283,0.40397730469703674,1.0,1.0,preview
190.01751375198364,0.7808644771575928,0.40397730469703674,1.0,1.0,preview
190.05864882469177,0.8041449189186096,0.40397730469703674,1.0,1.0,preview
190.09868478775024,0.8265564441680908,0.40397730469703674,1.0,1.0,preview
190.13804078102112,0.8071148991584778,0.40397730469703674,1.0,1.0,preview
190.1796715259552,0.8198270797729492,0.40397730469703674,1.0,1.0,preview
190.22057676315308,0.7846555709838867,0.40397730469703674,1.0,1.0,preview
190.26089096069336,0.7983493804931641,0.40397730469703674,1.0,1.0,preview
190.30120038986206,0.814276397228241,0.40397730469703674,1.0,1.0,preview
190.34254026412964,0.7998855113983154,0.40397730469703674,1.0,1.0,preview
190.38207960128784,0.8133948445320129,0.40397730469703674,1.0,1.0,preview
190.4230875968933,0.7894238829612732,0.40397730469703674,1.0,1.0,preview
190.4647958278656,0.8038307428359985,0.40397730469703674,1.0,1.0,preview
190.50492978096008,0.8194605708122253,0.40397730469703674,1.0,1.0,preview
190.5458025932312,0.8154194951057434,0.40397730469703674,1.0,1.0,preview
190.58570528030396,0.8291857838630676,0.40397730469703674,1.0,1.0,preview
190.6259696483612,0.7035117745399475,0.40397730469703674,1.0,0.9654557108879089,preview
190.66773223876953,0.7135159373283386,0.40397730469703674,1.0,0.9730406403541565,preview
190.7079997062683,0.6243390440940857,0.40397730469703674,1.0,0.9804282188415527,preview
190.7480206489563,0.658708393573761,0.40397730469703674,1.0,0.9954272508621216,preview
190.78791689872742,0.5922209620475769,0.40397730469703674,1.0,1.0,preview
190.8288300037384,0.6090285181999207,0.40397730469703674,1.0,1.0,preview
190.87013387680054,0.6299989223480225,0.40397730469703674,1.0,1.0,preview
190.91025066375732,0.57765132188797,0.40397730469703674,1.0,1.0,preview
190.95051956176758,0.6702161431312561,0.40397730469703674,1.0,1.0,preview
190.9920735359192,0.7604538202285767,0.40397730469703674,1.0,1.0,preview
191.03195428848267,0.8688926696777344,0.40397730469703674,1.0,1.0,preview
191.07204604148865,0.7777913212776184,0.40397730469703674,1.0,1.0,preview
191.11443543434143,0.7942302227020264,0.40397730469703674,1.0,1.0,preview
191.1538269519806,0.7310566306114197,0.40397730469703674,1.0,1.0,preview
191.1946804523468,0.7464538216590881,0.40397730469703674,1.0,1.0,preview
191.23498010635376,0.7647802233695984,0.40397730469703674,1.0,1.0,preview
191.27527594566345,0.7037994265556335,0.40397730469703674,1.0,1.0,preview
191.31724190711975,0.7182744741439819,0.40397730469703674,1.0,1.0,preview
191.356871843338,0.6863760352134705,0.40397730469703674,1.0,1.0,preview
191.39801239967346,0.7042760848999023,0.40397730469703674,1.0,1.0,preview
191.43778157234192,0.6659597754478455,0.40027010440826416,1.0,1.0,preview
191.47784185409546,0.685357391834259,0.40027010440826416,1.0,1.0,preview
191.51863169670105,0.706805944442749,0.40027010440826416,1.0,1.0,preview
191.55943489074707,0.697437047958374,0.40027010440826416,1.0,1.0,preview
191.6015167236328,0.7162570357322693,0.40027010440826416,1.0,1.0,preview
191.64131355285645,0.6904503107070923,0.40027010440826416,1.0,1.0,preview
191.68085598945618,0.7099047303199768,0.40027010440826416,1.0,1.0,preview
191.72278475761414,0.7308912873268127,0.40027010440826416,1.0,1.0,preview
191.76209044456482,0.7978112697601318,0.40027010440826416,1.0,1.0,preview
191.8022084236145,0.9001781344413757,0.40027010440826416,1.0,1.0,preview
191.84299039840698,0.963952898979187,0.40027010440826416,1.0,1.0,preview
191.8838346004486,0.9749289751052856,0.40027010440826416,1.0,1.0,preview
191.9252896308899,0.9789968132972717,0.40027010440826416,1.0,1.0,preview
191.96485137939453,0.9377302527427673,0.40027010440826416,1.0,1.0,preview
192.00627517700195,0.9408456087112427,0.40027010440826416,1.0,1.0,preview
192.04567909240723,0.9032244086265564,0.40027010440826416,1.0,1.0,preview
192.08774137496948,0.9088246822357178,0.40027010440826416,1.0,1.0,preview
192.1278600692749,0.9169082641601562,0.40027010440826416,1.0,1.0,preview
192.1684386730194,0.8923661708831787,0.40027010440826416,1.0,1.0,preview
192.2086260318756,0.8987570405006409,0.40027010440826416,1.0,1.0,preview
192.24875235557556,0.8712591528892517,0.40027010440826416,1.0,1.0,preview
192.28942847251892,0.8796147108078003,0.40027010440826416,1.0,1.0,preview
192.32954955101013,0.8887802362442017,0.40027010440826416,1.0,1.0,preview
192.37017917633057,0.8500097990036011,0.40027010440826416,1.0,1.0,preview
192.41138362884521,0.8353570699691772,0.40027010440826416,1.0,1.0,preview
192.45081758499146,0.8218122124671936,0.40027010440826416,1.0,1.0,preview
192.49234056472778,0.8333713412284851,0.40027010440826416,1.0,1.0,preview
192.53403639793396,0.8226425051689148,0.40027010440826416,1.0,1.0,preview
192.57424664497375,0.848702609539032,0.40027010440826416,1.0,1.0,preview
192.6161777973175,0.8417076468467712,0.40027010440826416,1.0,1.0,preview
192.65535402297974,0.8535508513450623,0.40027010440826416,1.0,1.0,preview
192.6953341960907,0.865856409072876,0.40027010440826416,1.0,1.0,preview
192.73612689971924,0.862601101398468,0.40027010440826416,1.0,1.0,preview
192.7775423526764,0.8854087591171265,0.40027010440826416,1.0,1.0,preview
192.81709337234497,0.8847640752792358,0.40027010440826416,1.0,1.0,preview
192.85844659805298,0.8945513963699341,0.40027010440826416,1.0,1.0,preview
192.89831829071045,0.9042638540267944,0.40027010440826416,1.0,1.0,preview
192.93873500823975,0.9058095216751099,0.40027010440826416,1.0,1.0,preview
192.97914791107178,0.9229738116264343,0.40027010440826416,1.0,1.0,preview
193.01980257034302,0.9258195757865906,0.40027010440826416,1.0,1.0,preview
193.05960321426392,0.9326757192611694,0.40027010440826416,1.0,1.0,preview
193.10157203674316,0.9254651069641113,0.40027010440826416,1.0,1.0,preview
193.14254808425903,0.9137741923332214,0.40027010440826416,1.0,1.0,preview
193.18167877197266,0.9117236733436584,0.40027010440826416,1.0,1.0,preview
193.223237991333,0.9165360927581787,0.40027010440826416,1.0,1.0,preview
193.2629430294037,0.9243063926696777,0.40027010440826416,1.0,1.0,preview
193.30450749397278,0.9314579367637634,0.40027010440826416,1.0,1.0,preview
193.34433221817017,0.9383358359336853,0.40027010440826416,1.0,1.0,preview
193.38460969924927,0.9506597518920898,0.40027010440826416,1.0,1.0,preview
193.4259250164032,0.9589294195175171,0.40027010440826416,1.0,1.0,preview
193.46548438072205,0.9636905193328857,0.40027010440826416,1.0,1.0,preview
193.50464463233948,0.9674798250198364,0.40027010440826416,1.0,1.0,preview
193.54643416404724,0.9754022359848022,0.40027010440826416,1.0,1.0,preview
193.5874307155609,0.9818311929702759,0.40027010440826416,1.0,1.0,preview
193.62844729423523,0.9898542165756226,0.40027010440826416,1.0,1.0,preview
193.6684627532959,0.991810142993927,0.40027010440826416,1.0,1.0,preview
193.70889282226562,0.9930357336997986,0.40027010440826416,1.0,1.0,preview
193.7495949268341,0.7770919799804688,0.40027010440826416,1.0,0.9186287522315979,preview
193.79034519195557,0.6427017450332642,0.40027010440826416,1.0,0.9375674724578857,preview
193.8305263519287,0.647762656211853,0.40027010440826416,1.0,0.9485446214675903,preview
193.86992239952087,0.556777834892273,0.40027010440826416,1.0,0.959752082824707,preview
193.91144037246704,0.5720652937889099,0.40027010440826416,1.0,0.9684256315231323,preview
193.95118045806885,0.5916717648506165,0.40027010440826416,1.0,0.9768524169921875,preview
193.99382877349854,0.5472018718719482,0.40027010440826416,1.0,0.9938722848892212,preview
194.03411221504211,0.5668879151344299,0.40027010440826416,1.0,1.0,preview
194.07401371002197,0.5263158082962036,0.40027010440826416,1.0,1.0,preview
194.115492105484,0.5353710651397705,0.40027010440826416,1.0,1.0,preview
194.15608286857605,0.5263158082962036,0.40027010440826416,1.0,1.0,preview
194.19555974006653,0.5369406938552856,0.40027010440826416,1.0,1.0,preview
194.23683333396912,0.5263158082962036,0.40027010440826416,1.0,1.0,preview
194.27590155601501,0.5263158082962036,0.40027010440826416,1.0,1.0,preview
194.31596422195435,0.5473252534866333,0.40027010440826416,1.0,1.0,preview
194.3563928604126,0.5263158082962036,0.40027010440826416,1.0,1.0,preview
194.3971381187439,0.5681812763214111,0.40027010440826416,1.0,1.0,preview
194.43736362457275,0.7471022605895996,1.0,1.0,1.0,curvature
194.47855138778687,0.7568309307098389,1.0,1.0,1.0,curvature
194.51894092559814,0.7687677145004272,1.0,1.0,1.0,curvature
194.5597562789917,0.7800459861755371,1.0,1.0,1.0,curvature
194.60133385658264,0.7966775298118591,1.0,1.0,1.0,curvature
194.64147114753723,0.8021379709243774,1.0,1.0,1.0,curvature
194.68190550804138,0.8143202662467957,1.0,1.0,1.0,curvature
194.72196125984192,0.8196514248847961,1.0,1.0,1.0,curvature
194.76350259780884,0.8249092698097229,1.0,1.0,1.0,curvature
194.80507016181946,0.8367322087287903,1.0,1.0,1.0,curvature
194.84414386749268,0.8422528505325317,1.0,1.0,1.0,curvature
194.88401794433594,0.8477451205253601,1.0,1.0,1.0,curvature
194.92525339126587,0.853531002998352,1.0,1.0,1.0,curvature
194.96718049049377,0.8592594861984253,1.0,1.0,1.0,curvature
195.0051064491272,0.8712062239646912,1.0,1.0,1.0,curvature
195.0472686290741,0.8770357966423035,1.0,1.0,1.0,curvature
195.088303565979,0.8825920820236206,1.0,1.0,1.0,curvature
195.12836384773254,0.8883368968963623,1.0,1.0,1.0,curvature
195.16867756843567,0.8950567841529846,1.0,1.0,1.0,curvature
195.20929670333862,0.9065093398094177,1.0,1.0,1.0,curvature
195.25092434883118,0.9101175665855408,1.0,1.0,1.0,curvature
195.29129123687744,0.9129787683486938,1.0,1.0,1.0,curvature
195.33058071136475,0.9159385561943054,1.0,1.0,1.0,curvature
195.37351727485657,0.9201775193214417,1.0,1.0,1.0,curvature
195.41370391845703,0.6461372971534729,0.40442904829978943,1.0,1.0,preview
195.45365643501282,0.6184081435203552,0.40442904829978943,1.0,1.0,preview
195.49352312088013,0.5930362343788147,0.40442904829978943,1.0,1.0,preview
195.53351616859436,0.5897402167320251,0.40442904829978943,1.0,1.0,preview
195.57571578025818,0.5943177938461304,0.40442904829978943,1.0,1.0,preview
195.61326551437378,0.641063392162323,0.40442904829978943,1.0,1.0,preview
195.65547585487366,0.672346293926239,0.40442904829978943,1.0,1.0,preview
195.69694781303406,0.6922547221183777,0.40442904829978943,1.0,1.0,preview
195.736234664917,0.7436474561691284,0.40442904829978943,1.0,1.0,preview
195.77823686599731,0.7737158536911011,0.40442904829978943,1.0,1.0,preview
195.81707668304443,0.8644351959228516,0.40442904829978943,1.0,1.0,preview
195.85759687423706,0.9431537985801697,0.40442904829978943,1.0,1.0,preview
195.8983006477356,0.9611883759498596,0.40442904829978943,1.0,1.0,preview
195.9393389225006,0.952484130859375,0.40442904829978943,1.0,1.0,preview
195.98011326789856,0.9441748857498169,0.40442904829978943,1.0,1.0,preview
196.02070093154907,0.8887941837310791,0.40442904829978943,1.0,1.0,preview
196.0612871646881,0.9033504724502563,0.40442904829978943,1.0,1.0,preview
196.10228180885315,0.9207448959350586,0.40442904829978943,1.0,1.0,preview
196.14256286621094,0.8694900274276733,0.40442904829978943,1.0,1.0,preview
196.18316507339478,0.8754658699035645,0.40442904829978943,1.0,1.0,preview
196.22279834747314,0.8409178256988525,0.40442904829978943,1.0,1.0,preview
196.2640061378479,0.8510176539421082,0.40442904829978943,1.0,1.0,preview
196.3049669265747,0.8627440333366394,0.40442904829978943,1.0,1.0,preview
196.34459590911865,0.8287134766578674,0.40442904829978943,1.0,1.0,preview
196.38593816757202,0.8395707607269287,0.40442904829978943,1.0,1.0,preview
196.42668461799622,0.8235668540000916,0.40442904829978943,1.0,1.0,preview
196.46727967262268,0.8361292481422424,0.40442904829978943,1.0,1.0,preview
196.50679421424866,0.849137008190155,0.40442904829978943,1.0,1.0,preview
196.54810190200806,0.9035879969596863,0.40442904829978943,1.0,1.0,preview
196.5893485546112,0.9837582111358643,0.40442904829978943,1.0,1.0,preview
196.62940073013306,0.8975101709365845,0.40442904829978943,1.0,1.0,preview
196.66884517669678,0.8995826244354248,0.40442904829978943,1.0,1.0,preview
196.7099723815918,0.9390516877174377,0.40442904829978943,1.0,1.0,preview
196.7495276927948,0.9471694231033325,0.40442904829978943,1.0,1.0,preview
196.79172730445862,0.9517444968223572,0.40442904829978943,1.0,1.0,preview
196.83189725875854,0.9997925162315369,0.40442904829978943,1.0,1.0,preview
196.8732464313507,0.995867908000946,0.40442904829978943,1.0,1.0,preview
196.91332745552063,0.9559113383293152,0.40442904829978943,1.0,1.0,preview
196.9534935951233,0.9562510251998901,0.40442904829978943,1.0,1.0,preview
196.99406623840332,0.9594277739524841,0.40442904829978943,1.0,1.0,preview
197.0344443321228,0.929816484451294,0.40442904829978943,1.0,1.0,preview
197.07377290725708,0.93318110704422,0.40442904829978943,1.0,1.0,preview
197.11505699157715,0.8290181159973145,0.40442904829978943,1.0,1.0,preview
197.15584301948547,0.7668787837028503,0.40442904829978943,1.0,1.0,preview
197.19773745536804,0.7232871651649475,0.40442904829978943,1.0,1.0,preview
197.23711347579956,0.708082914352417,0.40442904829978943,1.0,1.0,preview
197.2799026966095,0.7246811389923096,0.40442904829978943,1.0,1.0,preview
197.32087230682373,0.677300214767456,0.40442904829978943,1.0,1.0,preview
197.35865950584412,0.6943289041519165,0.40442904829978943,1.0,1.0,preview
197.39993000030518,0.7144521474838257,0.40442904829978943,1.0,1.0,preview
197.44089818000793,0.6950509548187256,0.40442904829978943,1.0,1.0,preview
197.4816324710846,0.7135939002037048,0.40442904829978943,1.0,1.0,preview
197.5219316482544,0.6826775670051575,0.40442904829978943,1.0,1.0,preview
197.5622251033783,0.7014104723930359,0.40442904829978943,1.0,1.0,preview
197.60243725776672,0.721267580986023,0.40442904829978943,1.0,1.0,preview
197.64417433738708,0.7163681387901306,0.40442904829978943,1.0,1.0,preview
197.6854395866394,0.7349529266357422,0.40442904829978943,1.0,1.0,preview
197.72486686706543,0.7152450084686279,0.40442904829978943,1.0,1.0,preview
197.76527881622314,0.7343119382858276,0.40442904829978943,1.0,1.0,preview
197.80657196044922,0.7534366846084595,0.40442904829978943,1.0,1.0,preview
197.84583377838135,0.7581685185432434,0.40442904829978943,1.0,1.0,preview
197.88606357574463,0.7753812074661255,0.40442904829978943,1.0,1.0,preview
197.92727947235107,0.7640179991722107,0.40442904829978943,1.0,1.0,preview
197.96854043006897,0.7337712049484253,0.40442904829978943,1.0,1.0,preview
198.00950241088867,0.7097052335739136,0.40442904829978943,1.0,1.0,preview
198.04831194877625,0.7096023559570312,0.40442904829978943,1.0,1.0,preview
198.0901517868042,0.7285464406013489,0.40442904829978943,1.0,1.0,preview
198.13010621070862,0.7317497730255127,0.40442904829978943,1.0,1.0,preview
198.17192006111145,0.7515516877174377,0.40442904829978943,1.0,1.0,preview
198.2111291885376,0.7708668112754822,0.40442904829978943,1.0,1.0,preview
198.2514476776123,0.799917459487915,0.40442904829978943,1.0,1.0,preview
198.29127860069275,0.8171493411064148,0.40442904829978943,1.0,1.0,preview
198.33223724365234,0.6016709208488464,0.40442904829978943,1.0,0.8740782737731934,preview
198.37363266944885,0.6112644076347351,0.40442904829978943,1.0,0.883868396282196,preview
198.41389179229736,0.5263158082962036,0.40442904829978943,1.0,0.8935370445251465,preview
198.45449805259705,0.5263158082962036,0.40442904829978943,1.0,0.9136501550674438,preview
198.4946849346161,0.5263158082962036,0.40442904829978943,1.0,0.923755943775177,preview
198.53507018089294,0.5263158082962036,0.40442904829978943,1.0,0.9339683055877686,preview
198.57587385177612,0.5263158082962036,0.40442904829978943,1.0,0.9445860385894775,preview
198.6175377368927,0.5263158082962036,0.40442904829978943,1.0,0.9549672603607178,preview
198.65745854377747,0.5263158082962036,0.40442904829978943,1.0,0.9782165884971619,preview
198.6978211402893,0.5263158082962036,0.40442904829978943,1.0,0.9908255338668823,preview
198.73808360099792,0.5263158082962036,0.40442904829978943,1.0,1.0,preview
198.7791829109192,0.5263158082962036,0.40442904829978943,1.0,1.0,preview
198.81954526901245,0.5263158082962036,0.40442904829978943,1.0,1.0,preview
198.8604543209076,0.5263158082962036,0.40442904829978943,1.0,1.0,preview
198.90081477165222,0.5263158082962036,0.40442904829978943,1.0,1.0,preview
198.94057941436768,0.5263158082962036,0.40442904829978943,1.0,1.0,preview
198.98288011550903,0.5263158082962036,0.40442904829978943,1.0,1.0,preview
199.02225494384766,0.5263158082962036,0.40442904829978943,1.0,1.0,preview
199.06358647346497,0.5263158082962036,0.40442904829978943,1.0,1.0,preview
199.10501527786255,0.6094406843185425,1.0,1.0,1.0,curvature
199.14510202407837,0.6141454577445984,1.0,1.0,1.0,curvature
199.1861662864685,0.6310641169548035,1.0,1.0,1.0,curvature
199.22598028182983,0.6347920894622803,1.0,1.0,1.0,curvature
199.26633548736572,0.6470533609390259,1.0,1.0,1.0,curvature
199.30642318725586,0.6634295582771301,1.0,1.0,1.0,curvature
199.34666657447815,0.6689430475234985,1.0,1.0,1.0,curvature
199.3875732421875,0.6873931884765625,1.0,1.0,1.0,curvature
199.4287896156311,0.695635974407196,1.0,1.0,1.0,curvature
199.47086787223816,0.7133803963661194,1.0,1.0,1.0,curvature
199.5101797580719,0.7204172015190125,1.0,1.0,1.0,curvature
199.54902529716492,0.7356006503105164,1.0,1.0,1.0,curvature
199.5908489227295,0.7422701716423035,1.0,1.0,1.0,curvature
199.63238859176636,0.7525424957275391,1.0,1.0,1.0,curvature
199.67095565795898,0.7694554328918457,1.0,1.0,1.0,curvature
199.71259713172913,0.7861818075180054,1.0,1.0,1.0,curvature
199.75217461585999,0.8033989667892456,1.0,1.0,1.0,curvature
199.79264450073242,0.8148984313011169,1.0,1.0,1.0,curvature
199.8328342437744,0.820517897605896,1.0,1.0,1.0,curvature
199.87434077262878,0.8329442143440247,1.0,1.0,1.0,curvature
199.9144687652588,0.8386894464492798,1.0,1.0,1.0,curvature
199.95503282546997,0.8465707302093506,1.0,1.0,1.0,curvature
199.996013879776,0.8418320417404175,1.0,1.0,0.9882925748825073,curvature
200.03694105148315,0.8382089138031006,1.0,1.0,0.9737703800201416,curvature
200.07727026939392,0.8389098048210144,1.0,1.0,0.9571550488471985,curvature
200.11697387695312,0.8437183499336243,1.0,1.0,0.9549753069877625,curvature
200.15720558166504,0.8512443900108337,1.0,1.0,0.9530913233757019,curvature
200.1999111175537,0.8575601577758789,1.0,1.0,0.9514536261558533,curvature
200.23946905136108,0.8648444414138794,1.0,1.0,0.9501569867134094,curvature
200.27926111221313,0.8829606175422668,1.0,1.0,0.9530172944068909,curvature
200.32047843933105,0.8968653678894043,1.0,1.0,0.9573402404785156,curvature
200.36115097999573,0.909727156162262,1.0,1.0,0.9622086882591248,curvature
200.4020059108734,0.9156386256217957,1.0,1.0,0.962557315826416,curvature
200.4430627822876,0.9210269451141357,1.0,1.0,0.963111162185669,curvature
200.48294234275818,0.9308577179908752,1.0,1.0,0.9648168087005615,curvature
200.5231647491455,0.9348062872886658,1.0,1.0,0.965915858745575,curvature
200.56394910812378,0.9399070143699646,1.0,1.0,0.9671875238418579,curvature
200.60404419898987,0.9433479905128479,1.0,1.0,0.9686568379402161,curvature
200.64568567276,0.9483324885368347,1.0,1.0,0.970234751701355,curvature
200.68499755859375,0.9638882279396057,1.0,1.0,0.980441689491272,curvature
200.7257809638977,0.976954996585846,1.0,1.0,0.9892637729644775,curvature
200.765864610672,0.9902414083480835,1.0,1.0,0.998666524887085,curvature
200.80758213996887,0.9916954040527344,1.0,1.0,1.0,curvature
200.84787154197693,0.9956561923027039,1.0,1.0,1.0,curvature
200.88850808143616,0.9999370574951172,1.0,1.0,1.0,curvature
200.92805552482605,0.9965195655822754,1.0,1.0,1.0,curvature
200.96968746185303,0.9963910579681396,1.0,1.0,1.0,curvature
201.00965976715088,0.9931780695915222,1.0,1.0,1.0,curvature
201.05016660690308,0.9900006651878357,1.0,1.0,1.0,curvature
201.09105134010315,0.9903247356414795,1.0,1.0,1.0,curvature
201.1316933631897,0.9904177188873291,1.0,1.0,1.0,curvature
201.1723232269287,0.6869701743125916,0.3792583644390106,1.0,1.0,preview
201.21349024772644,0.6891294121742249,0.3792583644390106,1.0,1.0,preview
201.25352573394775,0.6788275241851807,0.3792583644390106,1.0,1.0,preview
201.29532837867737,0.718281090259552,0.3792583644390106,1.0,1.0,preview
201.33513951301575,0.7310996651649475,0.3792583644390106,1.0,1.0,preview
201.37466144561768,0.786676287651062,0.3792583644390106,1.0,1.0,preview
201.41559028625488,0.8134970664978027,0.3792583644390106,1.0,1.0,preview
201.45621848106384,0.9125218987464905,0.3792583644390106,1.0,1.0,preview
201.49690794944763,0.9316774010658264,0.3792583644390106,1.0,1.0,preview
201.53648900985718,0.9119670987129211,0.3792583644390106,1.0,1.0,preview
201.5777690410614,0.8249024152755737,0.3792583644390106,1.0,1.0,preview
201.6173117160797,0.8292542099952698,0.3792583644390106,1.0,1.0,preview
201.65862131118774,0.8345018029212952,0.3792583644390106,1.0,1.0,preview
201.6990144252777,0.7894842624664307,0.3792583644390106,1.0,1.0,preview
201.74029397964478,0.8001083135604858,0.3792583644390106,1.0,1.0,preview
201.78034806251526,0.7576164603233337,0.3792583644390106,1.0,1.0,preview
201.82153272628784,0.7720018625259399,0.3792583644390106,1.0,1.0,preview
201.86180686950684,0.7884036898612976,0.3792583644390106,1.0,1.0,preview
201.90167832374573,0.7720212340354919,0.3792583644390106,1.0,1.0,preview
201.94147944450378,0.7854658365249634,0.3792583644390106,1.0,1.0,preview
201.9826099872589,0.800480842590332,0.3792583644390106,1.0,1.0,preview
202.02385473251343,0.8159881234169006,0.3792583644390106,1.0,1.0,preview
202.06516122817993,0.7892359495162964,0.3792583644390106,1.0,1.0,preview
202.10484623908997,0.8166197538375854,0.3792583644390106,1.0,1.0,preview
202.14540815353394,0.8322432041168213,0.3792583644390106,1.0,1.0,preview
202.18714022636414,0.8117135167121887,0.3792583644390106,1.0,1.0,preview
202.22712397575378,0.8246345520019531,0.3792583644390106,1.0,1.0,preview
202.26654267311096,0.8389217257499695,0.3792583644390106,1.0,1.0,preview
202.30666494369507,0.8186272382736206,0.3792583644390106,1.0,1.0,preview
202.34780263900757,0.762363612651825,0.3792583644390106,1.0,1.0,preview
202.38966917991638,0.7352196574211121,0.3792583644390106,1.0,1.0,preview
202.42885041236877,0.7498896718025208,0.3792583644390106,1.0,1.0,preview
202.47031259536743,0.7668397426605225,0.3792583644390106,1.0,1.0,preview
202.50987792015076,0.7841842770576477,0.3792583644390106,1.0,1.0,preview
202.5501298904419,0.8009195923805237,0.3792583644390106,1.0,1.0,preview
202.59101748466492,0.8167024850845337,0.3792583644390106,1.0,1.0,preview
202.6314766407013,0.8233926892280579,0.3792583644390106,1.0,1.0,preview
202.67338585853577,0.8384553790092468,0.3792583644390106,1.0,1.0,preview
202.71271061897278,0.8654435873031616,0.3792583644390106,1.0,1.0,preview
202.7523488998413,0.876794695854187,0.3792583644390106,1.0,1.0,preview
202.79376482963562,0.8885242342948914,0.3792583644390106,1.0,1.0,preview
202.83563923835754,0.8995736241340637,0.3792583644390106,1.0,1.0,preview
202.87507724761963,0.90919029712677,0.3792583644390106,1.0,1.0,preview
202.91644501686096,0.9336835145950317,0.3792583644390106,1.0,1.0,preview
202.95683360099792,0.9405453205108643,0.3792583644390106,1.0,1.0,preview
202.99816060066223,0.9461811184883118,0.3792583644390106,1.0,1.0,preview
203.03864121437073,0.9559780359268188,0.3792583644390106,1.0,1.0,preview
203.08073019981384,0.9540086984634399,0.3792583644390106,1.0,1.0,preview
203.11942076683044,0.9549666047096252,0.3792583644390106,1.0,1.0,preview
203.15960097312927,0.7968390583992004,0.3792583644390106,1.0,0.9713664650917053,preview
203.19888758659363,0.803090512752533,0.3792583644390106,1.0,0.9776527285575867,preview
203.2391393184662,0.6986815333366394,0.3792583644390106,1.0,0.9841641783714294,preview
203.2806487083435,0.7091866135597229,0.3792583644390106,1.0,0.9905116558074951,preview
203.32067680358887,0.6458681225776672,0.3792583644390106,1.0,1.0,preview
203.36112523078918,0.662218451499939,0.3792583644390106,1.0,1.0,preview
203.40357518196106,0.681891143321991,0.3792583644390106,1.0,1.0,preview
203.44441771507263,0.6209126710891724,0.3792583644390106,1.0,1.0,preview
203.48467111587524,0.6368369460105896,0.3792583644390106,1.0,1.0,preview
203.52466559410095,0.6059215068817139,0.3792583644390106,1.0,1.0,preview
203.5658164024353,0.6255063414573669,0.3792583644390106,1.0,1.0,preview
203.6052520275116,0.6475311517715454,0.3792583644390106,1.0,1.0,preview
203.6463963985443,0.6072586178779602,0.3792583644390106,1.0,1.0,preview
203.68766164779663,0.6256939172744751,0.3792583644390106,1.0,1.0,preview
203.72784948349,0.6713289618492126,0.3792583644390106,1.0,1.0,preview
203.7688536643982,0.6377315521240234,0.3792583644390106,1.0,1.0,preview
203.80922198295593,0.6556923389434814,0.3792583644390106,1.0,1.0,preview
203.84964680671692,0.677487313747406,0.3792583644390106,1.0,1.0,preview
203.8907823562622,0.6484001874923706,0.3792583644390106,1.0,1.0,preview
203.93169260025024,0.7467387318611145,0.3792583644390106,1.0,1.0,preview
203.9713020324707,0.8459213376045227,1.0,1.0,1.0,curvature
204.01169157028198,0.8654540777206421,1.0,1.0,1.0,curvature
204.05324363708496,0.8682217001914978,1.0,1.0,1.0,curvature
204.09304356575012,0.8771010637283325,1.0,1.0,1.0,curvature
204.13441705703735,0.8830171823501587,1.0,1.0,1.0,curvature
204.17461585998535,0.8851212859153748,1.0,1.0,1.0,curvature
204.21459197998047,0.887378454208374,1.0,1.0,1.0,curvature
204.2547357082367,0.8899361491203308,1.0,1.0,1.0,curvature
204.29629635810852,0.8974080085754395,1.0,1.0,1.0,curvature
204.3366973400116,0.8996903300285339,1.0,1.0,1.0,curvature
204.37661957740784,0.9065767526626587,1.0,1.0,1.0,curvature
204.4172592163086,0.9092966914176941,1.0,1.0,1.0,curvature
204.45855832099915,0.9121652245521545,1.0,1.0,1.0,curvature
204.4986810684204,0.9150130152702332,1.0,1.0,1.0,curvature
204.53891825675964,0.9188023209571838,1.0,1.0,1.0,curvature
204.5790832042694,0.9212967753410339,1.0,1.0,1.0,curvature
204.62022972106934,0.9271354079246521,1.0,1.0,1.0,curvature
204.6619212627411,0.9369888305664062,1.0,1.0,1.0,curvature
204.70051884651184,0.9465481042861938,1.0,1.0,1.0,curvature
204.74275875091553,0.9585623145103455,1.0,1.0,1.0,curvature
204.7827627658844,0.9589510560035706,1.0,1.0,1.0,curvature
204.8238606452942,0.961142897605896,1.0,1.0,1.0,curvature
204.86399364471436,0.9614648818969727,1.0,1.0,1.0,curvature
204.90507316589355,0.9635842442512512,1.0,1.0,1.0,curvature
204.94455194473267,0.9659045934677124,1.0,1.0,1.0,curvature
204.98528122901917,0.9662344455718994,1.0,1.0,1.0,curvature
205.0262746810913,0.9665730595588684,1.0,1.0,1.0,curvature
205.06580996513367,0.9683570861816406,1.0,1.0,1.0,curvature
205.10757970809937,0.968788743019104,1.0,1.0,1.0,curvature
205.1458842754364,0.9709697365760803,1.0,1.0,1.0,curvature
205.18756008148193,0.9714855551719666,1.0,1.0,1.0,curvature
205.2280821800232,0.97299724817276,1.0,1.0,1.0,curvature
205.26878142356873,0.9735408425331116,1.0,1.0,1.0,curvature
205.3095154762268,0.9749463796615601,1.0,1.0,1.0,curvature
205.35237765312195,0.9956990480422974,1.0,1.0,1.0,curvature
205.3912250995636,0.9841755032539368,1.0,1.0,1.0,curvature
205.43207812309265,0.966050922870636,1.0,1.0,1.0,curvature
205.47196555137634,0.9669477939605713,1.0,1.0,1.0,curvature
205.51362252235413,0.9684320092201233,1.0,1.0,1.0,curvature
205.5526418685913,0.9715679883956909,1.0,1.0,1.0,curvature
205.5934431552887,0.9730904698371887,1.0,1.0,1.0,curvature
205.63415384292603,0.97461998462677,1.0,1.0,1.0,curvature
205.67562818527222,0.975993812084198,1.0,1.0,1.0,curvature
205.7162971496582,0.9775638580322266,1.0,1.0,1.0,curvature
205.75547552108765,0.9785401225090027,1.0,1.0,1.0,curvature
205.79622888565063,0.9779653549194336,1.0,1.0,1.0,curvature
205.83671498298645,0.7856332659721375,0.3882042467594147,1.0,1.0,preview
205.87759160995483,0.7800512909889221,0.3882042467594147,1.0,1.0,preview
205.91805028915405,0.7792183756828308,0.3882042467594147,1.0,1.0,preview
205.95904111862183,0.8224140405654907,0.3882042467594147,1.0,1.0,preview
206.00018978118896,0.8575412631034851,0.3882042467594147,1.0,1.0,preview
206.04030966758728,0.8764277696609497,0.3882042467594147,1.0,1.0,preview
206.08205652236938,0.8159812092781067,0.3882042467594147,1.0,1.0,preview
206.12114572525024,0.7878240942955017,0.3882042467594147,1.0,1.0,preview
206.16164994239807,0.7845355868339539,0.3882042467594147,1.0,1.0,preview
206.202321767807,0.835480809211731,0.3882042467594147,1.0,1.0,preview
206.24241662025452,0.8551774024963379,0.3882042467594147,1.0,1.0,preview
206.28466963768005,0.8720873594284058,0.3882042467594147,1.0,1.0,preview
206.32459712028503,0.9367157220840454,0.3882042467594147,1.0,1.0,preview
206.36411309242249,0.9326015114784241,0.3882042467594147,1.0,1.0,preview
206.4062020778656,0.7979162335395813,0.3882042467594147,1.0,1.0,preview
206.44638633728027,0.7369705438613892,0.3882042467594147,1.0,1.0,preview
206.4862744808197,0.7496492862701416,0.3882042467594147,1.0,1.0,preview
206.5273196697235,0.7638168334960938,0.3882042467594147,1.0,1.0,preview
206.5680432319641,0.7632541060447693,0.3882042467594147,1.0,1.0,preview
206.6090865135193,0.7791363000869751,0.3882042467594147,1.0,1.0,preview
206.64752435684204,0.794802188873291,0.3882042467594147,1.0,1.0,preview
206.6887927055359,0.6816035509109497,0.3882042467594147,1.0,1.0,preview
206.73021936416626,0.6124001145362854,0.3882042467594147,1.0,1.0,preview
206.76944518089294,0.5696581602096558,0.3882042467594147,1.0,1.0,preview
206.80984473228455,0.5773444175720215,0.3882042467594147,1.0,1.0,preview
206.85072374343872,0.6003639101982117,0.3882042467594147,1.0,1.0,preview
206.89211440086365,0.6244491934776306,0.3882042467594147,1.0,1.0,preview
206.93432545661926,0.6469554901123047,0.3882042467594147,1.0,1.0,preview
206.9741973876953,0.7226045727729797,0.3882042467594147,1.0,1.0,preview
207.01400995254517,0.7710216641426086,0.3882042467594147,1.0,1.0,preview
207.05496907234192,0.8412525057792664,0.3882042467594147,1.0,1.0,preview
207.09500002861023,0.860201895236969,0.3882042467594147,1.0,1.0,preview
207.1352288722992,0.8751779198646545,0.3882042467594147,1.0,1.0,preview
207.17669463157654,0.9414834380149841,0.3882042467594147,1.0,1.0,preview
207.21658611297607,0.9550872445106506,0.3882042467594147,1.0,1.0,preview
207.25585842132568,0.9618515372276306,0.3882042467594147,1.0,1.0,preview
207.2973895072937,0.9662832021713257,0.3882042467594147,1.0,1.0,preview
207.33807182312012,0.978195071220398,0.3882042467594147,1.0,1.0,preview
207.3777198791504,0.9709451794624329,0.3882042467594147,1.0,1.0,preview
207.41901779174805,0.9240833520889282,0.3882042467594147,1.0,1.0,preview
207.45866751670837,0.9258149266242981,0.3882042467594147,1.0,1.0,preview
207.50028657913208,0.9269211888313293,0.3882042467594147,1.0,1.0,preview
207.54220747947693,0.9285143613815308,0.3882042467594147,1.0,1.0,preview
207.58243346214294,0.8965714573860168,0.3882042467594147,1.0,1.0,preview
207.622412443161,0.9021608233451843,0.3882042467594147,1.0,1.0,preview
207.66294693946838,0.9094685316085815,0.3882042467594147,1.0,1.0,preview
207.7025601863861,0.9176621437072754,0.3882042467594147,1.0,1.0,preview
207.74610304832458,0.8419451713562012,0.3882042467594147,1.0,0.9215118885040283,preview
207.7830548286438,0.6862497925758362,0.3882042467594147,1.0,0.9366223216056824,preview
207.8242847919464,0.6974214911460876,0.3882042467594147,1.0,0.944220781326294,preview
207.86500883102417,0.7121972441673279,0.3882042467594147,1.0,0.9518893361091614,preview
207.90474462509155,0.6134803295135498,0.3882042467594147,1.0,0.9598389267921448,preview
207.9471151828766,0.6265748143196106,0.3882042467594147,1.0,0.9675896167755127,preview
207.98782348632812,0.6741584539413452,0.3882042467594147,1.0,0.9751823544502258,preview
208.02805018424988,0.5998601317405701,0.3882042467594147,1.0,0.9749099612236023,preview
208.06854510307312,0.6230320930480957,0.3882042467594147,1.0,0.9745279550552368,preview
208.10895347595215,0.6440287232398987,0.3882042467594147,1.0,0.9820762872695923,preview
208.15020871162415,0.6664419770240784,0.3882042467594147,1.0,0.989348828792572,preview
208.19033932685852,0.614113450050354,0.3882042467594147,1.0,1.0,preview
208.23336386680603,0.632976233959198,0.3882042467594147,1.0,1.0,preview
208.27284932136536,0.5757700204849243,0.3882042467594147,1.0,1.0,preview
208.31239771842957,0.5936223268508911,0.3882042467594147,1.0,1.0,preview
208.35328221321106,0.612817645072937,0.3882042467594147,1.0,1.0,preview
208.39419627189636,0.587328314781189,0.3882042467594147,1.0,1.0,preview
208.43432593345642,0.6069863438606262,0.3882042467594147,1.0,1.0,preview
208.47386503219604,0.5684369802474976,0.3882042467594147,1.0,1.0,preview
208.51395273208618,0.5888797640800476,0.3882042467594147,1.0,1.0,preview
208.555810213089,0.6117385029792786,0.3882042467594147,1.0,1.0,preview
208.5958001613617,0.7600913047790527,1.0,1.0,1.0,curvature
208.63615489006042,0.7673869132995605,1.0,1.0,1.0,curvature
208.67647171020508,0.7724023461341858,1.0,1.0,1.0,curvature
208.71829319000244,0.7752278447151184,1.0,1.0,1.0,curvature
208.75763320922852,0.7696607708930969,1.0,1.0,1.0,curvature
208.7984414100647,0.7706668972969055,1.0,1.0,1.0,curvature
208.8389389514923,0.7763416767120361,1.0,1.0,1.0,curvature
208.87975549697876,0.782532274723053,1.0,1.0,1.0,curvature
208.92104578018188,0.7955846190452576,1.0,1.0,1.0,curvature
208.96097326278687,0.8019464612007141,1.0,1.0,1.0,curvature
209.0019087791443,0.8153257369995117,1.0,1.0,1.0,curvature
209.04332375526428,0.8219422698020935,1.0,1.0,1.0,curvature
209.08405590057373,0.8284333944320679,1.0,1.0,1.0,curvature
209.12315917015076,0.8352845311164856,1.0,1.0,1.0,curvature
209.16458225250244,0.8420886993408203,1.0,1.0,1.0,curvature
209.2056646347046,0.849714994430542,1.0,1.0,1.0,curvature
209.24637079238892,0.8578024506568909,1.0,1.0,1.0,curvature
209.28649520874023,0.8615217804908752,1.0,1.0,1.0,curvature
209.32623267173767,0.8654283881187439,1.0,1.0,1.0,curvature
209.36707162857056,0.8693321943283081,1.0,1.0,1.0,curvature
209.40628290176392,0.879538357257843,1.0,1.0,1.0,curvature
209.4488353729248,0.8845029473304749,1.0,1.0,1.0,curvature
209.48903393745422,0.888862669467926,1.0,1.0,1.0,curvature
209.52868270874023,0.8948426842689514,1.0,1.0,1.0,curvature
209.5703728199005,0.8991434574127197,1.0,1.0,1.0,curvature
209.6101312637329,0.9158254861831665,1.0,1.0,1.0,curvature
209.65009212493896,0.9289124011993408,1.0,1.0,1.0,curvature
209.6909623146057,0.9412192106246948,1.0,1.0,1.0,curvature
209.73067927360535,0.9448603987693787,1.0,1.0,1.0,curvature
209.77276754379272,0.9479442238807678,1.0,1.0,1.0,curvature
209.81217432022095,0.9536529183387756,1.0,1.0,1.0,curvature
209.85292172431946,0.6835823059082031,0.3839397132396698,1.0,1.0,preview
209.89398980140686,0.6774784326553345,0.3839397132396698,1.0,1.0,preview
209.93605208396912,0.676363468170166,0.3839397132396698,1.0,1.0,preview
209.97646951675415,0.6804674863815308,0.3839397132396698,1.0,1.0,preview
210.01590061187744,0.7341910600662231,0.3839397132396698,1.0,1.0,preview
210.05730390548706,0.7532806992530823,0.3839397132396698,1.0,1.0,preview
210.09742307662964,0.7923482656478882,0.3839397132396698,1.0,1.0,preview
210.13765907287598,0.8192303776741028,0.3839397132396698,1.0,1.0,preview
210.17822742462158,0.8831248879432678,0.3839397132396698,1.0,1.0,preview
210.21903467178345,0.943057119846344,0.3839397132396698,1.0,1.0,preview
210.25928926467896,0.9778662323951721,0.3839397132396698,1.0,1.0,preview
210.30001544952393,0.9891801476478577,0.3839397132396698,1.0,1.0,preview
210.34044194221497,0.9856395721435547,0.3839397132396698,1.0,1.0,preview
210.38014316558838,0.9262851476669312,0.3839397132396698,1.0,1.0,preview
210.4216012954712,0.9263732433319092,0.3839397132396698,1.0,1.0,preview
210.46233940124512,0.8797671794891357,0.3839397132396698,1.0,1.0,preview
210.50286054611206,0.884348452091217,0.3839397132396698,1.0,1.0,preview
210.54338884353638,0.8482508659362793,0.3839397132396698,1.0,1.0,preview
210.5835084915161,0.8564209938049316,0.3839397132396698,1.0,1.0,preview
210.6238226890564,0.8762611150741577,0.3839397132396698,1.0,1.0,preview
210.6648406982422,0.8466490507125854,0.3839397132396698,1.0,1.0,preview
210.7055013179779,0.8556111454963684,0.3839397132396698,1.0,1.0,preview
210.74550247192383,0.7803053855895996,0.3839397132396698,1.0,1.0,preview
210.7865948677063,0.747407853603363,0.3839397132396698,1.0,1.0,preview
210.82794785499573,0.7103140354156494,0.3839397132396698,1.0,1.0,preview
210.86849808692932,0.7252944111824036,0.3839397132396698,1.0,1.0,preview
210.90897798538208,0.7431143522262573,0.3839397132396698,1.0,1.0,preview
210.94868302345276,0.7399235963821411,0.3839397132396698,1.0,1.0,preview
210.99133014678955,0.7567070722579956,0.3839397132396698,1.0,1.0,preview
211.03023958206177,0.7746673226356506,0.3839397132396698,1.0,1.0,preview
211.07103729248047,0.7921464443206787,0.3839397132396698,1.0,1.0,preview
211.1106674671173,0.8086692690849304,0.3839397132396698,1.0,1.0,preview
211.1528217792511,0.8615519404411316,0.3839397132396698,1.0,1.0,preview
211.19294571876526,0.9357893466949463,0.3839397132396698,1.0,1.0,preview
211.23307633399963,0.9710222482681274,0.3839397132396698,1.0,1.0,preview
211.27255034446716,0.972320556640625,0.3839397132396698,1.0,1.0,preview
211.31382846832275,0.9731647372245789,0.3839397132396698,1.0,1.0,preview
211.35529589653015,0.9747880697250366,0.3839397132396698,1.0,1.0,preview
211.3953013420105,0.9798359274864197,0.3839397132396698,1.0,1.0,preview
211.4352729320526,0.982617974281311,0.3839397132396698,1.0,1.0,preview
211.4751012325287,0.9882320761680603,0.3839397132396698,1.0,1.0,preview
211.51626658439636,0.9894922375679016,0.3839397132396698,1.0,1.0,preview
211.55680894851685,0.9906988143920898,0.3839397132396698,1.0,1.0,preview
211.59741353988647,0.9916642904281616,0.3839397132396698,1.0,1.0,preview
211.6381311416626,0.7736235857009888,0.3839397132396698,1.0,0.9204432368278503,preview
211.67989826202393,0.6315192580223083,0.3839397132396698,1.0,0.9285365343093872,preview
211.7205295562744,0.6412574052810669,0.3839397132396698,1.0,0.9367404580116272,preview
211.75920248031616,0.5513936281204224,0.3839397132396698,1.0,0.9452797174453735,preview
211.80043077468872,0.5637192726135254,0.3839397132396698,1.0,0.9536356329917908,preview
211.8398470878601,0.5263158082962036,0.3839397132396698,1.0,0.9722355008125305,preview
211.8811526298523,0.5263158082962036,0.3839397132396698,1.0,0.98183274269104,preview
211.92265129089355,0.5263158082962036,0.3839397132396698,1.0,0.9910767674446106,preview
211.9623727798462,0.5263158082962036,0.3839397132396698,1.0,0.9998461604118347,preview
212.0030746459961,0.5263158082962036,0.3839397132396698,1.0,1.0,preview
212.04548001289368,0.5263158082962036,0.3839397132396698,1.0,1.0,preview
212.08486938476562,0.5263158082962036,0.3839397132396698,1.0,1.0,preview
212.12451553344727,0.5263158082962036,0.3839397132396698,1.0,1.0,preview
212.1661250591278,0.5263158082962036,0.3839397132396698,1.0,1.0,preview
212.20678281784058,0.5263158082962036,0.3839397132396698,1.0,1.0,preview
212.24724531173706,0.5263158082962036,0.3839397132396698,1.0,1.0,preview
212.28913378715515,0.5263158082962036,0.3839397132396698,1.0,1.0,preview
212.32892966270447,0.5263158082962036,0.3839397132396698,1.0,1.0,preview
212.36838269233704,0.5263158082962036,0.3839397132396698,1.0,1.0,preview
212.40919828414917,0.7212204337120056,1.0,1.0,1.0,curvature
212.4498279094696,0.7479546666145325,1.0,1.0,1.0,curvature
212.49063348770142,0.7576501369476318,1.0,1.0,1.0,curvature
212.5309715270996,0.7722556591033936,1.0,1.0,1.0,curvature
212.57169270515442,0.7776656150817871,1.0,1.0,1.0,curvature
212.6117386817932,0.7828835844993591,1.0,1.0,1.0,curvature
212.65316009521484,0.7959699034690857,1.0,1.0,1.0,curvature
212.69347476959229,0.8022217750549316,1.0,1.0,1.0,curvature
212.73190140724182,0.8144326210021973,1.0,1.0,1.0,curvature
212.77366590499878,0.8292524814605713,1.0,1.0,1.0,curvature
212.8147246837616,0.8437804579734802,1.0,1.0,1.0,curvature
212.85476875305176,0.8599023818969727,1.0,1.0,1.0,curvature
212.8958067893982,0.8655189275741577,1.0,1.0,1.0,curvature
212.93658685684204,0.8749754428863525,1.0,1.0,1.0,curvature
212.9778928756714,0.8801065683364868,1.0,1.0,1.0,curvature
213.01811265945435,0.8850699663162231,1.0,1.0,1.0,curvature
213.05842351913452,0.8915843367576599,1.0,1.0,1.0,curvature
213.10039854049683,0.8960136771202087,1.0,1.0,1.0,curvature
213.14086413383484,0.9003736972808838,1.0,1.0,1.0,curvature
213.1810793876648,0.9039417505264282,1.0,1.0,1.0,curvature
213.22008895874023,0.9063555598258972,1.0,1.0,1.0,curvature
213.2609031200409,0.9135228991508484,1.0,1.0,1.0,curvature
213.30160665512085,0.9158819913864136,1.0,1.0,1.0,curvature
213.3426170349121,0.9200235605239868,1.0,1.0,1.0,curvature
213.38305950164795,0.9264358282089233,1.0,1.0,1.0,curvature
213.4231207370758,0.93304044008255,1.0,1.0,1.0,curvature
213.46360874176025,0.942585825920105,1.0,1.0,1.0,curvature
213.5042917728424,0.945000171661377,1.0,1.0,1.0,curvature
213.5452377796173,0.9479123950004578,1.0,1.0,1.0,curvature
213.58600449562073,0.9500637054443359,1.0,1.0,1.0,curvature
213.62586545944214,0.9522635340690613,1.0,1.0,1.0,curvature
213.6671600341797,0.9570253491401672,1.0,1.0,1.0,curvature
213.70824217796326,0.9590842723846436,1.0,1.0,1.0,curvature
213.74792575836182,0.9610400795936584,1.0,1.0,1.0,curvature
213.7877595424652,0.9630172848701477,1.0,1.0,1.0,curvature
213.83092546463013,0.96503746509552,1.0,1.0,1.0,curvature
213.8700339794159,0.9689889550209045,1.0,1.0,1.0,curvature
213.90997409820557,0.9708802700042725,1.0,1.0,1.0,curvature
213.95006346702576,0.9725065231323242,1.0,1.0,1.0,curvature
213.99009442329407,0.9906541705131531,1.0,1.0,1.0,curvature
214.03155136108398,0.9898450374603271,1.0,1.0,1.0,curvature
214.07330536842346,0.9694024324417114,1.0,1.0,1.0,curvature
214.112473487854,0.9685301780700684,1.0,1.0,1.0,curvature
214.1537070274353,0.9687281847000122,1.0,1.0,1.0,curvature
214.19463443756104,0.9702914953231812,1.0,1.0,1.0,curvature
214.23464488983154,0.9706553220748901,1.0,1.0,1.0,curvature
214.27479934692383,0.9715836048126221,1.0,1.0,1.0,curvature
214.31565952301025,0.9730700254440308,1.0,1.0,1.0,curvature
214.35661387443542,0.9735826849937439,1.0,1.0,1.0,curvature
214.39603781700134,0.9798306822776794,1.0,1.0,1.0,curvature
214.4373390674591,0.986020028591156,1.0,1.0,1.0,curvature
214.47707962989807,0.9809781312942505,0.40442904829978943,1.0,1.0,preview
214.51901030540466,0.9819508790969849,0.40442904829978943,1.0,1.0,preview
214.5583095550537,0.981688916683197,0.40442904829978943,1.0,1.0,preview
214.59844136238098,0.9877920746803284,0.40442904829978943,1.0,1.0,preview
214.64051866531372,0.9892630577087402,0.40442904829978943,1.0,1.0,preview
214.68095231056213,0.9217596054077148,0.40442904829978943,1.0,1.0,preview
214.72061681747437,0.8548098802566528,0.40442904829978943,1.0,1.0,preview
214.7621636390686,0.7880398035049438,0.40442904829978943,1.0,1.0,preview
214.80229806900024,0.7958886623382568,0.40442904829978943,1.0,1.0,preview
214.84309458732605,0.8105127811431885,0.40442904829978943,1.0,1.0,preview
214.88272213935852,0.8622955679893494,0.40442904829978943,1.0,1.0,preview
214.9241967201233,0.8757922649383545,0.40442904829978943,1.0,1.0,preview
214.96485424041748,0.8873170018196106,0.40442904829978943,1.0,1.0,preview
215.00610756874084,0.9181679487228394,0.40442904829978943,1.0,1.0,preview
215.04642033576965,0.9309765100479126,0.40442904829978943,1.0,1.0,preview
215.08696508407593,0.972463071346283,0.40442904829978943,1.0,1.0,preview
215.12693977355957,0.996613085269928,0.40442904829978943,1.0,1.0,preview
215.16797709465027,0.9936360120773315,0.40442904829978943,1.0,1.0,preview
215.20772123336792,0.9934502840042114,0.40442904829978943,1.0,1.0,preview
215.25005841255188,0.9671808481216431,0.40442904829978943,1.0,1.0,preview
215.2898190021515,0.9439685344696045,0.40442904829978943,1.0,1.0,preview
215.33008122444153,0.8718639612197876,0.40442904829978943,1.0,1.0,preview
215.3697156906128,0.8160021305084229,0.40442904829978943,1.0,1.0,preview
215.41116189956665,0.8428324460983276,0.40442904829978943,1.0,1.0,preview
215.45151329040527,0.8571442365646362,0.40442904829978943,1.0,1.0,preview
215.49089169502258,0.9074181318283081,0.40442904829978943,1.0,1.0,preview
215.53189706802368,0.918719470500946,0.40442904829978943,1.0,1.0,preview
215.5735411643982,0.9266222715377808,0.40442904829978943,1.0,1.0,preview
215.6135106086731,0.8783027529716492,0.40442904829978943,1.0,1.0,preview
215.6545934677124,0.861582338809967,0.40442904829978943,1.0,1.0,preview
215.69423484802246,0.8316340446472168,0.40442904829978943,1.0,1.0,preview
215.7356996536255,0.841774046421051,0.40442904829978943,1.0,1.0,preview
215.77626538276672,0.8863151669502258,0.40442904829978943,1.0,1.0,preview
215.81643414497375,0.8996449708938599,0.40442904829978943,1.0,1.0,preview
215.85838222503662,0.9093713164329529,0.40442904829978943,1.0,1.0,preview
215.89779806137085,0.9694228768348694,0.40442904829978943,1.0,1.0,preview
215.93776750564575,0.9782947897911072,0.40442904829978943,1.0,1.0,preview
215.9775471687317,0.9694128036499023,0.40442904829978943,1.0,1.0,preview
216.01927065849304,0.8765094876289368,0.40442904829978943,1.0,1.0,preview
216.0600347518921,0.803605318069458,0.40442904829978943,1.0,1.0,preview
216.0998113155365,0.7238931059837341,0.40442904829978943,1.0,1.0,preview
216.14084672927856,0.7350804209709167,0.40442904829978943,1.0,1.0,preview
216.18135905265808,0.7523510456085205,0.40442904829978943,1.0,1.0,preview
216.22205758094788,0.7470065355300903,0.40442904829978943,1.0,1.0,preview
216.26286578178406,0.7641561031341553,0.40442904829978943,1.0,1.0,preview
216.30366778373718,0.9845818281173706,0.40442904829978943,1.0,0.9432733058929443,preview
216.34482312202454,0.9569457769393921,0.40442904829978943,1.0,0.9496472477912903,preview
216.38519978523254,0.9428887963294983,0.40442904829978943,1.0,0.956179141998291,preview
216.4257743358612,0.7511339783668518,0.40442904829978943,1.0,0.9630400538444519,preview
216.465327501297,0.7526959776878357,0.40442904829978943,1.0,0.9698147177696228,preview
216.50683903694153,0.7789213061332703,0.40442904829978943,1.0,0.9837586283683777,preview
216.5464267730713,0.6562966108322144,0.40442904829978943,1.0,0.9906734228134155,preview
216.58776664733887,0.6669997572898865,0.40442904829978943,1.0,0.9976022243499756,preview
216.62878346443176,0.6833425760269165,0.40442904829978943,1.0,1.0,preview
216.66996884346008,0.5982816815376282,0.40442904829978943,1.0,1.0,preview
216.7109591960907,0.6034166812896729,0.40442904829978943,1.0,1.0,preview
216.75130343437195,0.5962793827056885,0.40442904829978943,1.0,1.0,preview
216.79158449172974,0.5901029706001282,0.40442904829978943,1.0,1.0,preview
216.83148860931396,0.6118847727775574,0.40442904829978943,1.0,1.0,preview
216.87330889701843,0.5637107491493225,0.40442904829978943,1.0,1.0,preview
216.91341018676758,0.6080949902534485,0.40442904829978943,1.0,1.0,preview
216.95205974578857,0.6325603127479553,0.40442904829978943,1.0,1.0,preview
216.99237275123596,0.5926270484924316,0.40442904829978943,1.0,1.0,preview
217.03382468223572,0.6131498217582703,0.40442904829978943,1.0,1.0,preview
217.07488679885864,0.6351510882377625,0.40442904829978943,1.0,1.0,preview
217.11499428749084,0.6304602026939392,0.40442904829978943,1.0,1.0,preview
217.15622210502625,0.8145508170127869,1.0,1.0,1.0,curvature
217.19884490966797,0.8321195244789124,1.0,1.0,1.0,curvature
217.23701000213623,0.8358882069587708,1.0,1.0,1.0,curvature
217.27819657325745,0.838720977306366,1.0,1.0,1.0,curvature
217.31847405433655,0.847192645072937,1.0,1.0,1.0,curvature
217.3579466342926,0.8573331832885742,1.0,1.0,1.0,curvature
217.39852094650269,0.8605931997299194,1.0,1.0,1.0,curvature
217.4398214817047,0.8548699021339417,1.0,1.0,1.0,curvature
217.47992777824402,0.8446043729782104,1.0,1.0,1.0,curvature
217.5209264755249,0.8406455516815186,1.0,1.0,1.0,curvature
217.56062269210815,0.8504944443702698,1.0,1.0,1.0,curvature
217.60105443000793,0.8556830883026123,1.0,1.0,1.0,curvature
217.64218544960022,0.6345301866531372,0.4591163098812103,1.0,1.0,preview
217.68350434303284,0.6270765066146851,0.4591163098812103,1.0,1.0,preview
217.72336602210999,0.6255493760108948,0.4591163098812103,1.0,1.0,preview
217.76394820213318,0.6304357647895813,0.4591163098812103,1.0,1.0,preview
217.80473351478577,0.6367869973182678,0.4591163098812103,1.0,1.0,preview
217.8449296951294,0.6432324051856995,0.4591163098812103,1.0,1.0,preview
217.8856647014618,0.66078120470047,0.4591163098812103,1.0,1.0,preview
217.92671418190002,0.7108460068702698,0.4591163098812103,1.0,1.0,preview
217.96873092651367,0.7362987399101257,0.4591163098812103,1.0,1.0,preview
218.00832200050354,0.7730627655982971,0.4591163098812103,1.0,1.0,preview
218.04847621917725,0.7960467338562012,0.4591163098812103,1.0,1.0,preview
218.08974528312683,0.8153167963027954,0.4591163098812103,1.0,1.0,preview
218.13003182411194,0.8786407709121704,0.4591163098812103,1.0,1.0,preview
218.1690776348114,0.8967478275299072,0.4591163098812103,1.0,1.0,preview
218.21084427833557,0.9507526755332947,0.4591163098812103,1.0,1.0,preview
218.25327563285828,0.9625711441040039,0.4591163098812103,1.0,1.0,preview
218.2930145263672,0.9708288311958313,0.4591163098812103,1.0,1.0,preview
218.33249926567078,0.9708855152130127,0.4591163098812103,1.0,1.0,preview
218.37530207633972,0.9703080654144287,0.4591163098812103,1.0,1.0,preview
218.4136598110199,0.9717510342597961,0.4591163098812103,1.0,1.0,preview
218.4556634426117,0.9281293153762817,0.4591163098812103,1.0,1.0,preview
218.4957664012909,0.9298678636550903,0.4591163098812103,1.0,1.0,preview
218.5357005596161,0.8548840284347534,0.4591163098812103,1.0,1.0,preview
218.57651352882385,0.8250430822372437,0.4591163098812103,1.0,1.0,preview
218.6158847808838,0.799558162689209,0.4591163098812103,1.0,1.0,preview
218.65574550628662,0.8120217323303223,0.4591163098812103,1.0,1.0,preview
218.69715404510498,0.7962995171546936,0.4591163098812103,1.0,1.0,preview
218.73833227157593,0.8254329562187195,0.4591163098812103,1.0,1.0,preview
218.7783100605011,0.816715657711029,0.4591163098812103,1.0,1.0,preview
218.81920289993286,0.8304903507232666,0.4591163098812103,1.0,1.0,preview
218.85855913162231,0.8452414274215698,0.4591163098812103,1.0,1.0,preview
218.9004237651825,0.8412551879882812,0.4591163098812103,1.0,1.0,preview
218.94022798538208,0.8250591158866882,0.4591163098812103,1.0,1.0,preview
218.98325443267822,0.7980348467826843,0.4591163098812103,1.0,1.0,preview
219.0213747024536,0.7626543045043945,0.4591163098812103,1.0,1.0,preview
219.06308317184448,0.7785480618476868,0.4591163098812103,1.0,1.0,preview
219.10343170166016,0.7958376407623291,0.4591163098812103,1.0,1.0,preview
219.1440577507019,0.8278018236160278,0.4591163098812103,1.0,1.0,preview
219.1843056678772,0.8445682525634766,0.4591163098812103,1.0,1.0,preview
219.22509360313416,0.85822993516922,0.4591163098812103,1.0,1.0,preview
219.265695810318,0.874771237373352,0.4591163098812103,1.0,1.0,preview
219.30549597740173,0.8513423800468445,0.3307481110095978,1.0,1.0,preview
219.3465371131897,0.88563472032547,0.3307481110095978,1.0,1.0,preview
219.3875880241394,0.8990813493728638,0.3307481110095978,1.0,1.0,preview
219.4274878501892,0.9078735709190369,0.3307481110095978,1.0,1.0,preview
219.4697995185852,0.8327732086181641,0.3307481110095978,1.0,1.0,preview
219.50963592529297,0.8384378552436829,0.3307481110095978,1.0,1.0,preview
219.5489354133606,0.7908305525779724,0.3307481110095978,1.0,1.0,preview
219.59129905700684,0.8007218837738037,0.3307481110095978,1.0,1.0,preview
219.63081860542297,0.8138691782951355,0.3307481110095978,1.0,1.0,preview
219.67155981063843,0.8269385099411011,0.3307481110095978,1.0,1.0,preview
219.71222281455994,0.7790317535400391,0.3307481110095978,1.0,1.0,preview
219.75253701210022,0.7807976007461548,0.3307481110095978,1.0,1.0,preview
219.7927520275116,0.7226914167404175,0.3307481110095978,1.0,1.0,preview
219.83260893821716,0.7133658528327942,0.3307481110095978,1.0,1.0,preview
219.87282943725586,0.7281883358955383,0.3307481110095978,1.0,1.0,preview
219.91398334503174,0.7436807155609131,0.3307481110095978,1.0,1.0,preview
219.95609855651855,0.7346057891845703,0.3307481110095978,1.0,1.0,preview
219.99477362632751,0.7498775720596313,0.3307481110095978,1.0,1.0,preview
220.03628253936768,0.7655196785926819,0.3307481110095978,1.0,1.0,preview
220.0751395225525,0.7811557650566101,0.3307481110095978,1.0,1.0,preview
220.11680150032043,0.7637811899185181,0.3307481110095978,1.0,1.0,preview
220.1566071510315,0.7923868298530579,0.3307481110095978,1.0,1.0,preview
220.19841837882996,0.8059622645378113,0.3307481110095978,1.0,1.0,preview
220.23727202415466,0.79417884349823,0.3307481110095978,1.0,1.0,preview
220.27785539627075,0.8078870177268982,0.3307481110095978,1.0,1.0,preview
220.31872510910034,0.821404218673706,0.3307481110095978,1.0,1.0,preview
220.36055636405945,0.8471210598945618,0.3307481110095978,1.0,1.0,preview
220.4018201828003,0.8414503931999207,0.3307481110095978,1.0,1.0,preview
220.44194841384888,0.8523656725883484,0.3307481110095978,1.0,1.0,preview
220.48184752464294,0.8606589436531067,0.3307481110095978,1.0,1.0,preview
220.52375864982605,0.8675557971000671,0.3307481110095978,1.0,1.0,preview
220.5631549358368,0.8820649981498718,0.3307481110095978,1.0,1.0,preview
220.60406470298767,0.8782409429550171,0.3307481110095978,1.0,1.0,preview
220.64468002319336,0.8870295286178589,0.3307481110095978,1.0,1.0,preview
220.6859107017517,0.8958210349082947,0.3307481110095978,1.0,1.0,preview
220.72756052017212,0.9038066864013672,0.3307481110095978,1.0,1.0,preview
220.76671290397644,0.9120391011238098,0.3307481110095978,1.0,1.0,preview
220.8069989681244,0.9191504120826721,0.3307481110095978,1.0,1.0,preview
220.8483760356903,0.9256531000137329,0.3307481110095978,1.0,1.0,preview
220.88795375823975,0.9313828945159912,0.3307481110095978,1.0,1.0,preview
220.9300558567047,0.9338540434837341,0.3307481110095978,1.0,1.0,preview
220.97023940086365,0.9450337290763855,0.3307481110095978,1.0,1.0,preview
221.01141357421875,0.9500088095664978,0.3307481110095978,1.0,1.0,preview
221.05088067054749,0.9540207982063293,0.3307481110095978,1.0,1.0,preview
221.09142446517944,0.9585659503936768,0.3307481110095978,1.0,1.0,preview
221.13253116607666,0.9622910618782043,0.3307481110095978,1.0,1.0,preview
221.17355918884277,0.9687142968177795,0.3307481110095978,1.0,1.0,preview
221.2137758731842,0.9745340943336487,0.3307481110095978,1.0,1.0,preview
221.25377225875854,0.9771836996078491,0.3307481110095978,1.0,1.0,preview
221.29567098617554,0.9793820977210999,0.3307481110095978,1.0,1.0,preview
221.33645009994507,0.9812573194503784,0.3307481110095978,1.0,1.0,preview
221.3745732307434,0.9645377993583679,0.3307481110095978,1.0,1.0,preview
221.41497468948364,0.9219350814819336,0.3307481110095978,1.0,1.0,preview
221.45621633529663,0.8850557804107666,0.3307481110095978,1.0,1.0,preview
221.4965603351593,0.8856263160705566,0.3307481110095978,1.0,1.0,preview
221.5374460220337,0.8930125832557678,0.3307481110095978,1.0,1.0,preview
221.5778031349182,0.9079346060752869,0.3307481110095978,1.0,1.0,preview
221.61904048919678,0.915655255317688,0.3307481110095978,1.0,1.0,preview
221.6588532924652,0.9228365421295166,0.3307481110095978,1.0,1.0,preview
221.6996614933014,0.9292373061180115,0.3307481110095978,1.0,1.0,preview
221.7401566505432,0.9349698424339294,0.3307481110095978,1.0,1.0,preview
221.78218364715576,0.7132145762443542,0.3307481110095978,1.0,0.8780284523963928,preview
221.82096147537231,0.7220460772514343,0.3307481110095978,1.0,0.8855187892913818,preview
221.86147046089172,0.5872231125831604,0.3307481110095978,1.0,0.8835960030555725,preview
221.9034743309021,0.5967251658439636,0.3307481110095978,1.0,0.8915614485740662,preview
221.94296741485596,0.6103785037994385,0.3307481110095978,1.0,0.8993910551071167,preview
221.98291301727295,0.5316319465637207,0.3307481110095978,1.0,0.9036229252815247,preview
222.02498579025269,0.5263158082962036,0.3307481110095978,1.0,0.89735347032547,preview
222.0656361579895,0.5263158082962036,0.3307481110095978,1.0,0.9054277539253235,preview
222.1045846939087,0.5263158082962036,0.3307481110095978,1.0,0.9138219356536865,preview
222.14657473564148,0.5263158082962036,0.3307481110095978,1.0,0.9052218198776245,preview
222.18728828430176,0.5263158082962036,0.3307481110095978,1.0,0.9218714833259583,preview
222.22762060165405,0.5263158082962036,0.3307481110095978,1.0,0.9301611185073853,preview
222.2673614025116,0.5263158082962036,0.3307481110095978,1.0,0.9385027885437012,preview
222.31045484542847,0.5263158082962036,0.3307481110095978,1.0,0.9469881057739258,preview
222.34885931015015,0.5263158082962036,0.3307481110095978,1.0,0.9552803635597229,preview
222.39021921157837,0.5263158082962036,0.3307481110095978,1.0,0.972400963306427,preview
222.430566072464,0.5263158082962036,0.3307481110095978,1.0,0.9809395670890808,preview
222.47094917297363,0.5263158082962036,0.3307481110095978,1.0,0.9894939661026001,preview
222.5131757259369,0.5263158082962036,0.3307481110095978,1.0,0.9983185529708862,preview
222.55340719223022,0.5263158082962036,0.3307481110095978,1.0,1.0,preview
222.59384322166443,0.5263158082962036,0.3307481110095978,1.0,1.0,preview
222.6330704689026,0.5263158082962036,0.3307481110095978,1.0,1.0,preview
222.67331290245056,0.5263158082962036,0.6448171734809875,1.0,1.0,curvature
222.714008808136,0.5263158082962036,0.6448171734809875,1.0,1.0,curvature
222.75444173812866,0.5263158082962036,0.6448171734809875,1.0,1.0,curvature
222.79536986351013,0.5263158082962036,0.6448171734809875,1.0,1.0,curvature
222.83565139770508,0.5263158082962036,0.6448171734809875,1.0,1.0,curvature
222.87661957740784,0.5263158082962036,0.6448171734809875,1.0,1.0,curvature
222.9172818660736,0.5263158082962036,0.6448171734809875,1.0,1.0,curvature
222.95693135261536,0.5312602519989014,0.6448171734809875,1.0,1.0,curvature
222.99813508987427,0.5395188927650452,0.6448171734809875,1.0,1.0,curvature
223.03807401657104,0.5579469799995422,0.6448171734809875,1.0,1.0,curvature
223.08109760284424,0.5799686312675476,0.6448171734809875,1.0,1.0,curvature
223.1215488910675,0.5829724669456482,0.6448171734809875,1.0,1.0,curvature
223.16080451011658,0.659513533115387,0.7827851176261902,1.0,1.0,curvature
223.20149517059326,0.6797577142715454,0.7827851176261902,1.0,1.0,curvature
223.2426302433014,0.7628765106201172,1.0,1.0,1.0,curvature
223.2819356918335,0.77804034948349,1.0,1.0,1.0,curvature
223.32232785224915,0.7865041494369507,1.0,1.0,1.0,curvature
223.36346650123596,0.7942377924919128,1.0,1.0,1.0,curvature
223.40514826774597,0.8103715181350708,1.0,1.0,1.0,curvature
223.44413948059082,0.8181301355361938,1.0,1.0,1.0,curvature
223.48492693901062,0.830372154712677,1.0,1.0,1.0,curvature
223.52467799186707,0.8374279737472534,1.0,1.0,1.0,curvature
223.56625151634216,0.8420009016990662,1.0,1.0,1.0,curvature
223.60668206214905,0.8502424359321594,1.0,1.0,1.0,curvature
223.647967338562,0.8485937118530273,1.0,1.0,0.9983968734741211,curvature
223.68755650520325,0.8484704494476318,1.0,1.0,0.9861583113670349,curvature
223.72898960113525,0.8525293469429016,1.0,1.0,0.9834191203117371,curvature
223.76894307136536,0.8595655560493469,1.0,1.0,0.9810358285903931,curvature
223.80978441238403,0.8699582815170288,1.0,1.0,0.9770793914794922,curvature
223.84976601600647,0.8773863911628723,1.0,1.0,0.9755545854568481,curvature
223.8919231891632,0.8829206824302673,1.0,1.0,0.9742981195449829,curvature
223.9303789138794,0.884262204170227,1.0,1.0,0.9676650166511536,curvature
223.97186040878296,0.8859184980392456,1.0,1.0,0.9614853858947754,curvature
224.01160550117493,0.8924340009689331,1.0,1.0,0.9551718831062317,curvature
224.0517749786377,0.898353636264801,1.0,1.0,0.9550439119338989,curvature
224.09414267539978,0.9042502641677856,1.0,1.0,0.955132246017456,curvature
224.13423252105713,0.9093499183654785,1.0,1.0,0.9554373621940613,curvature
224.17471027374268,0.9147045612335205,1.0,1.0,0.9559417366981506,curvature
224.21632075309753,0.9144449830055237,1.0,1.0,0.9494079947471619,curvature
224.255925655365,0.9084324240684509,1.0,1.0,0.9421936869621277,curvature
224.29695677757263,0.9031625986099243,1.0,1.0,0.9347915649414062,curvature
224.3373670578003,0.907697856426239,1.0,1.0,0.9355898499488831,curvature
224.37867140769958,0.9134507179260254,1.0,1.0,0.9365493059158325,curvature
224.41891312599182,0.9241600632667542,1.0,1.0,0.939058244228363,curvature
224.45902228355408,0.930279552936554,1.0,1.0,0.9405667185783386,curvature
224.4992904663086,0.9340653419494629,1.0,1.0,0.9422395825386047,curvature
224.53878712654114,0.9397878646850586,1.0,1.0,0.944120466709137,curvature
224.5795760154724,0.9455784559249878,1.0,1.0,0.9460961222648621,curvature
224.62181067466736,0.9541977047920227,1.0,1.0,0.9498873949050903,lateral_error
224.6610813140869,0.9565886855125427,1.0,1.0,0.95164555311203,lateral_error
224.70121479034424,0.9616142511367798,1.0,1.0,0.9535219073295593,lateral_error
224.74229454994202,0.9671435952186584,1.0,1.0,0.9561910033226013,lateral_error
224.78377056121826,0.969244122505188,1.0,1.0,0.9588838219642639,lateral_error
224.82280158996582,0.5447290539741516,0.38132843375205994,1.0,0.9646224975585938,preview
224.86421632766724,0.5428379774093628,0.38132843375205994,1.0,0.9675754308700562,preview
224.90608644485474,0.5321824550628662,0.38132843375205994,1.0,0.9706698656082153,preview
224.94581413269043,0.5287178158760071,0.38132843375205994,1.0,0.9693578481674194,preview
224.98566842079163,0.5263158082962036,0.38132843375205994,1.0,0.9683986902236938,preview
225.02650713920593,0.5574771165847778,0.38132843375205994,1.0,0.9726769924163818,preview
225.0657889842987,0.5778583884239197,0.38132843375205994,1.0,0.9780078530311584,preview
225.10766696929932,0.6639961004257202,0.38132843375205994,1.0,0.9840145707130432,preview
225.14980673789978,0.7077139019966125,0.38132843375205994,1.0,0.9908136129379272,preview
225.19125366210938,0.8416416049003601,0.38132843375205994,1.0,0.9978217482566833,preview
225.22977209091187,0.9814121723175049,0.38132843375205994,1.0,1.0,preview
225.27046632766724,0.9825477600097656,0.38132843375205994,1.0,1.0,preview
225.31090116500854,0.9398426413536072,0.38132843375205994,1.0,1.0,preview
225.35140824317932,0.9457836747169495,0.38132843375205994,1.0,1.0,preview
225.39230251312256,0.8898476958274841,0.38132843375205994,1.0,1.0,preview
225.43173742294312,0.8829185962677002,0.38132843375205994,1.0,1.0,preview
225.47277688980103,0.7708868384361267,0.38132843375205994,1.0,1.0,preview
225.5139605998993,0.779645562171936,0.38132843375205994,1.0,1.0,preview
225.55416798591614,0.7626381516456604,0.38132843375205994,1.0,1.0,preview
225.59490370750427,0.6627301573753357,0.38132843375205994,1.0,1.0,preview
225.63317346572876,0.6653517484664917,0.38132843375205994,1.0,1.0,preview
225.67607641220093,0.6169114112854004,0.38132843375205994,1.0,1.0,preview
225.71646428108215,0.635417640209198,0.38132843375205994,1.0,1.0,preview
225.75541996955872,0.6581397652626038,0.38132843375205994,1.0,1.0,preview
225.7980556488037,0.6791612505912781,0.38132843375205994,1.0,1.0,preview
225.83814477920532,0.669730544090271,0.38132843375205994,1.0,1.0,preview
225.87816882133484,0.6965622305870056,0.38132843375205994,1.0,1.0,preview
225.9198899269104,0.7257995009422302,0.38132843375205994,1.0,1.0,preview
225.9605324268341,0.6941137313842773,0.38132843375205994,1.0,1.0,preview
226.00106549263,0.7121477723121643,0.38132843375205994,1.0,1.0,preview
226.0407464504242,0.7517277598381042,0.38132843375205994,1.0,1.0,preview
226.08169770240784,0.7286036014556885,0.38132843375205994,1.0,1.0,preview
226.12155413627625,0.7458174228668213,0.38132843375205994,1.0,1.0,preview
226.1633584499359,0.8226054310798645,0.38132843375205994,1.0,1.0,preview
226.20297741889954,0.9128738045692444,0.38132843375205994,1.0,1.0,preview
226.24367594718933,0.9868741631507874,0.38132843375205994,1.0,1.0,preview
226.2833924293518,0.9976204633712769,0.38132843375205994,1.0,1.0,preview
226.32441520690918,0.9993370771408081,0.38132843375205994,1.0,1.0,preview
226.36601996421814,0.9984334707260132,0.38132843375205994,1.0,1.0,preview
226.40601539611816,0.9588958024978638,0.38132843375205994,1.0,1.0,preview
226.44633436203003,0.9636257886886597,0.38132843375205994,1.0,1.0,preview
226.48644256591797,0.9675175547599792,0.38132843375205994,1.0,1.0,preview
226.52650904655457,0.9323055744171143,0.38132843375205994,1.0,1.0,preview
226.5674638748169,0.9352715015411377,0.38132843375205994,1.0,1.0,preview
226.61027002334595,0.9407204389572144,0.38132843375205994,1.0,1.0,preview
226.64954280853271,0.8014993071556091,0.38132843375205994,1.0,0.9820995330810547,preview
226.68898344039917,0.8049598336219788,0.38132843375205994,1.0,0.9880731701850891,preview
226.72972536087036,0.8146488070487976,0.38132843375205994,1.0,0.9940825700759888,preview
226.77091932296753,0.7152117490768433,0.38132843375205994,1.0,1.0,preview
226.81019639968872,0.7251966595649719,0.38132843375205994,1.0,1.0,preview
226.85139107704163,0.6916350722312927,0.38132843375205994,1.0,1.0,preview
226.89409041404724,0.737120509147644,0.38132843375205994,1.0,1.0,preview
226.93351817131042,0.694750189781189,0.38132843375205994,1.0,1.0,preview
226.97303438186646,0.7122846841812134,0.38132843375205994,1.0,1.0,preview
227.01499390602112,0.7299719452857971,0.38132843375205994,1.0,1.0,preview
227.0558967590332,0.6840963363647461,0.38132843375205994,1.0,1.0,preview
227.0952799320221,0.7013486623764038,0.38132843375205994,1.0,1.0,preview
227.1368498802185,0.6513032913208008,0.38132843375205994,1.0,1.0,preview
227.1771800518036,0.6687954664230347,0.38132843375205994,1.0,1.0,preview
227.21717166900635,0.687709629535675,0.38132843375205994,1.0,1.0,preview
227.25879287719727,0.6664164662361145,0.38132843375205994,1.0,1.0,preview
227.29805874824524,0.684623658657074,0.38132843375205994,1.0,1.0,preview
227.3391878604889,0.6506093144416809,0.38132843375205994,1.0,1.0,preview
227.3804473876953,0.6689378023147583,0.38132843375205994,1.0,1.0,preview
227.4207525253296,0.688046932220459,0.38132843375205994,1.0,1.0,preview
227.46366453170776,0.8179682493209839,1.0,1.0,1.0,curvature
227.50171947479248,0.8238241076469421,1.0,1.0,1.0,curvature
227.54302382469177,0.8272688984870911,1.0,1.0,1.0,curvature
227.5828251838684,0.8479399085044861,1.0,1.0,1.0,curvature
227.624285697937,0.8611988425254822,1.0,1.0,1.0,curvature
227.66274642944336,0.8796718716621399,1.0,1.0,1.0,curvature
227.70305037498474,0.882375955581665,1.0,1.0,1.0,curvature
227.74440598487854,0.8847889304161072,1.0,1.0,1.0,curvature
227.78516221046448,0.8927062749862671,1.0,1.0,1.0,curvature
227.82596254348755,0.8952404856681824,1.0,1.0,1.0,curvature
227.86713004112244,0.9019437432289124,1.0,1.0,1.0,curvature
227.90701842308044,0.9046313762664795,1.0,1.0,1.0,curvature
227.9470636844635,0.9073218703269958,1.0,1.0,1.0,curvature
227.9880907535553,0.9102661609649658,1.0,1.0,1.0,curvature
228.0292031764984,0.9132074117660522,1.0,1.0,1.0,curvature
228.07074308395386,0.917157769203186,1.0,1.0,1.0,curvature
228.10926938056946,0.9204908013343811,1.0,1.0,1.0,curvature
228.14936900138855,0.9237717986106873,1.0,1.0,1.0,curvature
228.19241881370544,0.9271770119667053,1.0,1.0,1.0,curvature
228.23277258872986,0.9318414926528931,1.0,1.0,1.0,curvature
228.2725431919098,0.937870979309082,1.0,1.0,1.0,curvature
228.31269598007202,0.9425942897796631,1.0,1.0,1.0,curvature
228.3529098033905,0.9491892457008362,1.0,1.0,1.0,curvature
228.39368724822998,0.9503432512283325,1.0,1.0,1.0,curvature
228.43388390541077,0.9512245059013367,1.0,1.0,1.0,curvature
228.47398591041565,0.9547200202941895,1.0,1.0,1.0,curvature
228.51681351661682,0.9557178616523743,1.0,1.0,1.0,curvature
228.55743646621704,0.9566991329193115,1.0,1.0,1.0,curvature
228.59649276733398,0.9590089321136475,1.0,1.0,1.0,curvature
228.6378824710846,0.9599683284759521,1.0,1.0,1.0,curvature
228.6784987449646,0.9619438052177429,1.0,1.0,1.0,curvature
228.71866846084595,0.9639298319816589,1.0,1.0,1.0,curvature
228.76080870628357,0.9646516442298889,1.0,1.0,1.0,curvature
228.79981923103333,0.9654809236526489,1.0,1.0,1.0,curvature
228.84093856811523,0.9673284292221069,1.0,1.0,1.0,curvature
228.88155436515808,0.9717515110969543,1.0,1.0,1.0,curvature
228.92263007164001,0.974125325679779,1.0,1.0,1.0,curvature
228.9622151851654,0.9772887825965881,1.0,1.0,1.0,curvature
229.00210618972778,0.9777601361274719,1.0,1.0,1.0,curvature
229.04244542121887,0.9782429933547974,1.0,1.0,1.0,curvature
229.08244800567627,0.9798843264579773,1.0,1.0,1.0,curvature
229.12333273887634,0.9810017943382263,1.0,1.0,1.0,curvature
229.1649489402771,0.9813984632492065,1.0,1.0,1.0,curvature
229.20739603042603,0.9818307757377625,1.0,1.0,1.0,curvature
229.24685668945312,0.9828264117240906,1.0,1.0,1.0,curvature
229.2856206893921,0.9905615448951721,1.0,1.0,1.0,curvature
229.3280668258667,0.9974005818367004,1.0,1.0,1.0,curvature
229.3670961856842,0.9955756664276123,1.0,1.0,1.0,curvature
229.40819811820984,0.9956197738647461,1.0,1.0,1.0,curvature
229.45072197914124,0.9910505414009094,0.7833967208862305,1.0,1.0,preview
229.49047946929932,0.9846768379211426,0.6439212560653687,1.0,1.0,preview
229.5301172733307,0.9848180413246155,0.6439212560653687,1.0,1.0,preview
229.56982254981995,0.9850975871086121,0.6439212560653687,1.0,1.0,preview
229.6125328540802,0.9941567778587341,0.6439212560653687,1.0,1.0,preview
229.653302192688,0.9726272225379944,0.6439212560653687,1.0,1.0,preview
229.6923758983612,0.9511966705322266,0.6439212560653687,1.0,1.0,preview
229.73293685913086,0.950242280960083,0.6439212560653687,1.0,1.0,preview
229.77285933494568,0.9535256028175354,0.6439212560653687,1.0,1.0,preview
229.81444382667542,0.9550249576568604,0.6439212560653687,1.0,1.0,preview
229.85445928573608,0.9583957195281982,0.6439212560653687,1.0,1.0,preview
229.89509057998657,0.9598038792610168,0.6439212560653687,1.0,1.0,preview
229.9354395866394,0.9593416452407837,0.6439212560653687,1.0,1.0,preview
229.97523260116577,0.9576598405838013,0.6439212560653687,1.0,1.0,preview
230.01766204833984,0.9607467651367188,0.6439212560653687,1.0,1.0,preview
230.0581455230713,0.9632284045219421,0.6439212560653687,1.0,1.0,preview
230.09791493415833,0.9691421985626221,0.6439212560653687,1.0,1.0,preview
230.13897156715393,0.9719937443733215,0.6439212560653687,1.0,1.0,preview
230.17940306663513,0.9744932055473328,0.6439212560653687,1.0,1.0,preview
230.219557762146,0.9651883244514465,0.6439212560653687,1.0,1.0,preview
230.26144242286682,0.9124209880828857,0.6439212560653687,1.0,1.0,preview
230.29958629608154,0.8686825037002563,0.6439212560653687,1.0,1.0,preview
230.34169745445251,0.8756456971168518,0.6439212560653687,1.0,1.0,preview
230.3832311630249,0.8815352320671082,0.6439212560653687,1.0,1.0,preview
230.42422747612,0.8904463052749634,0.6439212560653687,1.0,1.0,preview
230.46365475654602,0.8982812762260437,0.6439212560653687,1.0,1.0,preview
230.50373125076294,0.9194343686103821,0.6439212560653687,1.0,1.0,preview
230.5452835559845,0.9326262474060059,0.6439212560653687,1.0,1.0,preview
230.58548998832703,0.9459425806999207,0.6439212560653687,1.0,1.0,preview
230.62594318389893,0.9546058177947998,0.6439212560653687,1.0,1.0,preview
230.6672122478485,0.9593737721443176,0.6439212560653687,1.0,1.0,preview
230.7066421508789,0.9398524761199951,0.6439212560653687,1.0,1.0,preview
230.74679923057556,0.9433964490890503,0.6439212560653687,1.0,1.0,preview
230.78598141670227,0.922468364238739,0.6439212560653687,1.0,1.0,preview
230.82752346992493,0.926569402217865,0.6439212560653687,1.0,1.0,preview
230.8692388534546,0.9073191285133362,0.6439212560653687,1.0,1.0,preview
230.90894889831543,0.9165394306182861,0.6439212560653687,1.0,1.0,preview
230.9500777721405,0.9440656304359436,0.6439212560653687,1.0,1.0,preview
230.99104166030884,0.9499210119247437,0.6439212560653687,1.0,1.0,preview
231.0328984260559,0.9540083408355713,0.6439212560653687,1.0,1.0,preview
231.0722873210907,0.9577711224555969,0.6439212560653687,1.0,1.0,preview
231.1125454902649,0.9442018270492554,0.6439212560653687,1.0,1.0,preview
231.15265107154846,0.9281254410743713,0.6439212560653687,1.0,1.0,preview
231.19364070892334,0.9321257472038269,0.6439212560653687,1.0,1.0,preview
231.23383855819702,0.9190899729728699,0.6439212560653687,1.0,1.0,preview
231.27542567253113,0.9238845705986023,0.6439212560653687,1.0,1.0,preview
231.31748628616333,0.9173272848129272,0.6439212560653687,1.0,1.0,preview
231.35712313652039,0.9225612878799438,0.6439212560653687,1.0,1.0,preview
231.3967845439911,0.912442684173584,0.6439212560653687,1.0,1.0,preview
231.43752932548523,0.9060791730880737,0.6439212560653687,1.0,1.0,preview
231.47838592529297,0.9004693031311035,0.6439212560653687,1.0,1.0,preview
231.5167293548584,0.8868895173072815,0.6439212560653687,1.0,1.0,preview
231.55783772468567,0.8934969902038574,0.6439212560653687,1.0,1.0,preview
231.59847116470337,0.9009753465652466,0.7821094989776611,1.0,1.0,preview
231.64088535308838,0.9098591208457947,0.7821094989776611,1.0,1.0,preview
231.68024611473083,0.9257215857505798,1.0,1.0,1.0,curvature
231.72265148162842,0.9315870404243469,1.0,1.0,1.0,curvature
231.76149821281433,0.933509111404419,1.0,1.0,1.0,curvature
231.80183339118958,0.938552975654602,1.0,1.0,1.0,curvature
231.84283065795898,0.9404574632644653,1.0,1.0,1.0,curvature
231.88374638557434,0.9422928094863892,1.0,1.0,1.0,curvature
231.9228274822235,0.966005802154541,1.0,1.0,1.0,curvature
231.9626271724701,0.9860071539878845,1.0,1.0,1.0,curvature
232.00477147102356,0.9939197301864624,1.0,1.0,1.0,curvature
232.04494905471802,0.9928668737411499,1.0,1.0,1.0,curvature
232.08684587478638,0.9939380288124084,1.0,1.0,1.0,curvature
232.12680959701538,0.9957180619239807,1.0,1.0,1.0,curvature
232.16601943969727,0.9958380460739136,1.0,1.0,1.0,curvature
232.20804142951965,0.9973239302635193,1.0,1.0,1.0,curvature
232.24779748916626,0.997489869594574,1.0,1.0,1.0,curvature
232.28749060630798,0.9989931583404541,1.0,1.0,1.0,curvature
232.3294403553009,0.9890016913414001,1.0,1.0,1.0,curvature
232.36999011039734,0.9793282151222229,1.0,1.0,1.0,curvature
232.40891456604004,0.9698098301887512,1.0,1.0,1.0,curvature
232.45047855377197,0.9716324210166931,1.0,1.0,1.0,curvature
232.49176025390625,0.9727810025215149,1.0,1.0,1.0,curvature
232.5319173336029,0.9764953851699829,1.0,1.0,1.0,curvature
232.57124185562134,0.9787556529045105,1.0,1.0,1.0,curvature
232.61641478538513,0.9798948168754578,1.0,1.0,1.0,curvature
232.65347242355347,0.9820480942726135,1.0,1.0,1.0,curvature
232.6944773197174,0.984228253364563,1.0,1.0,1.0,curvature
232.73396348953247,0.9934009909629822,1.0,1.0,1.0,curvature
232.7759292125702,0.9984550476074219,1.0,1.0,1.0,curvature
232.81632161140442,0.9921038746833801,1.0,1.0,1.0,curvature
232.8557505607605,0.9905835390090942,1.0,1.0,1.0,curvature
232.89781165122986,0.9892264604568481,1.0,1.0,1.0,curvature
232.93736815452576,0.9884159564971924,1.0,1.0,1.0,curvature
232.97807908058167,0.9889116883277893,1.0,1.0,1.0,curvature
233.01784205436707,0.9878742694854736,1.0,1.0,1.0,curvature
233.0601942539215,0.9869064092636108,1.0,1.0,1.0,curvature
233.10014128684998,0.98750901222229,1.0,1.0,1.0,curvature
233.14049625396729,0.9792264699935913,1.0,1.0,1.0,curvature
233.1808886528015,0.9703348875045776,1.0,1.0,1.0,curvature
233.22108912467957,0.9634748697280884,1.0,1.0,1.0,curvature
233.26291131973267,0.9632985591888428,1.0,1.0,1.0,curvature
233.3034954071045,0.965108335018158,1.0,1.0,1.0,curvature
233.34593510627747,0.9671038389205933,1.0,1.0,1.0,curvature
233.3841621875763,0.9673721790313721,1.0,1.0,1.0,curvature
233.42480206489563,0.9676542282104492,1.0,1.0,1.0,curvature
233.46491146087646,0.9620434641838074,1.0,1.0,1.0,curvature
233.50607252120972,0.9552280306816101,1.0,1.0,1.0,curvature
233.54609870910645,0.9503009915351868,0.9962478876113892,1.0,1.0,curvature
233.58683371543884,0.9507381916046143,0.9925238490104675,1.0,1.0,curvature
233.62727642059326,0.9531100988388062,0.9925238490104675,1.0,1.0,curvature
233.666921377182,0.9545660018920898,0.9925238490104675,1.0,1.0,curvature
233.70850157737732,0.9559944868087769,0.9925238490104675,1.0,1.0,curvature
233.74923372268677,0.9536853432655334,0.9925238490104675,1.0,1.0,curvature
233.7897539138794,0.9500280618667603,0.9925238490104675,1.0,1.0,curvature
233.83014488220215,0.9454483389854431,0.9925238490104675,1.0,1.0,curvature
233.87128376960754,0.9479181170463562,0.9925238490104675,1.0,1.0,curvature
233.91038417816162,0.9497559666633606,0.9925238490104675,1.0,1.0,curvature
233.9510269165039,0.9544535279273987,0.9925238490104675,1.0,1.0,curvature
233.99359154701233,0.956425666809082,0.9925238490104675,1.0,1.0,curvature
234.03326153755188,0.958751916885376,0.9925238490104675,1.0,1.0,curvature
234.0720772743225,0.9647823572158813,0.9925238490104675,1.0,1.0,curvature
234.11415719985962,0.9708406329154968,0.9925238490104675,1.0,1.0,curvature
234.15437293052673,0.9788397550582886,0.9925238490104675,1.0,1.0,curvature
234.19465827941895,0.9806519150733948,0.9925238490104675,1.0,1.0,curvature
234.23528957366943,0.9818193912506104,0.9925238490104675,1.0,1.0,curvature
234.2757592201233,0.9833183884620667,0.9925238490104675,1.0,1.0,curvature
234.31725978851318,0.9843791127204895,0.9925238490104675,1.0,1.0,curvature
234.35712504386902,0.987877368927002,0.9925238490104675,1.0,1.0,curvature
234.39778542518616,0.9892069101333618,0.9925238490104675,1.0,1.0,curvature
234.43905568122864,0.9910733699798584,0.9925238490104675,1.0,1.0,curvature
234.47955417633057,0.991651177406311,0.9925238490104675,1.0,1.0,curvature
234.5192756652832,0.9928997159004211,0.9925238490104675,1.0,1.0,preview
234.56048560142517,0.9946276545524597,0.9925238490104675,1.0,1.0,preview
234.60137701034546,0.9958126544952393,0.9925238490104675,1.0,1.0,preview
234.64121556282043,0.996124804019928,0.9925238490104675,1.0,1.0,preview
234.68100500106812,0.9889542460441589,0.9925238490104675,1.0,1.0,curvature
234.7215700149536,0.974461555480957,0.9925238490104675,1.0,1.0,curvature
234.76288747787476,0.9614668488502502,0.9925238490104675,1.0,1.0,curvature
234.8046703338623,0.961198627948761,0.9925238490104675,1.0,1.0,curvature
234.84462571144104,0.9630163311958313,0.9925238490104675,1.0,1.0,curvature
234.88405323028564,0.9637094736099243,0.9925238490104675,1.0,1.0,curvature
234.92418670654297,0.9645552039146423,0.9925238490104675,1.0,1.0,curvature
234.96402955055237,0.9734387397766113,0.9925238490104675,1.0,1.0,curvature
235.00546097755432,0.9816403985023499,0.9962478876113892,1.0,1.0,curvature
235.0474648475647,0.9895093441009521,1.0,1.0,1.0,curvature
235.08778405189514,0.9902251362800598,1.0,1.0,1.0,curvature
235.12707662582397,0.9908771514892578,1.0,1.0,1.0,curvature
235.16943621635437,0.9913904070854187,1.0,1.0,1.0,curvature
235.2090289592743,0.9916566610336304,1.0,1.0,1.0,curvature
235.2498655319214,0.9921714067459106,1.0,1.0,1.0,curvature
235.28994965553284,0.9869977235794067,1.0,1.0,1.0,curvature
235.33013367652893,0.9819080233573914,1.0,1.0,1.0,curvature
235.37086868286133,0.977461040019989,1.0,1.0,1.0,curvature
235.4116232395172,0.9781516790390015,1.0,1.0,1.0,curvature
235.45255136489868,0.9789809584617615,1.0,1.0,1.0,curvature
235.4926052093506,0.9801233410835266,1.0,1.0,1.0,curvature
235.53392696380615,0.980965793132782,1.0,1.0,1.0,curvature
235.57431435585022,0.9823830723762512,1.0,1.0,1.0,curvature
235.61319661140442,0.9830223917961121,1.0,1.0,1.0,curvature
235.65559816360474,0.983532190322876,1.0,1.0,1.0,curvature
235.6958405971527,0.9843922257423401,1.0,1.0,1.0,curvature
235.73631119728088,0.9852639436721802,1.0,1.0,1.0,curvature
235.77823114395142,0.9869414567947388,1.0,1.0,1.0,curvature
235.81702256202698,0.987724781036377,1.0,1.0,1.0,curvature
235.85794615745544,0.9796196222305298,0.8155577182769775,1.0,1.0,preview
235.89907312393188,0.95615154504776,0.8155577182769775,1.0,1.0,preview
235.939679145813,0.9110798239707947,0.7106924057006836,1.0,1.0,preview
235.9813575744629,0.8813818097114563,0.7106924057006836,1.0,1.0,preview
236.02012157440186,0.8813062310218811,0.7106924057006836,1.0,1.0,preview
236.06043314933777,0.8881939649581909,0.7106924057006836,1.0,1.0,preview
236.10030674934387,0.895921528339386,0.7106924057006836,1.0,1.0,preview
236.14198064804077,0.9037456512451172,0.7106924057006836,1.0,1.0,preview
236.18509435653687,0.9102056622505188,0.7106924057006836,1.0,1.0,preview
236.2225284576416,0.9095761775970459,0.7106924057006836,1.0,1.0,preview
236.26451635360718,0.9070683121681213,0.7106924057006836,1.0,1.0,preview
236.30538845062256,0.9151931405067444,0.7106924057006836,1.0,1.0,preview
236.34541988372803,0.9214192628860474,0.7106924057006836,1.0,1.0,preview
236.38534784317017,0.9396044015884399,0.7106924057006836,1.0,1.0,preview
236.42498207092285,0.9451871514320374,0.7106924057006836,1.0,1.0,preview
236.46601462364197,0.9534453749656677,0.7106924057006836,1.0,1.0,preview
236.50608038902283,0.9540493488311768,0.7106924057006836,1.0,1.0,preview
236.54641962051392,0.9584336280822754,0.7106924057006836,1.0,1.0,preview
236.58906245231628,0.9660606384277344,0.7106924057006836,1.0,1.0,preview
236.6279480457306,0.9749076962471008,0.7106924057006836,1.0,1.0,preview
236.66820311546326,0.9774627089500427,0.7106924057006836,1.0,1.0,preview
236.7075445652008,0.9856117963790894,0.7106924057006836,1.0,1.0,preview
236.74884796142578,0.9872804880142212,0.7106924057006836,1.0,1.0,preview
236.7897641658783,0.9930877685546875,0.7106924057006836,1.0,0.9819754362106323,preview
236.82894253730774,0.9976164102554321,0.7106924057006836,1.0,0.9523813724517822,preview
236.87214422225952,0.9807405471801758,0.7106924057006836,1.0,0.9587686061859131,preview
236.9132056236267,0.9804279804229736,0.7106924057006836,1.0,0.9641597270965576,preview
236.9538495540619,0.9814895987510681,0.7106924057006836,1.0,0.9694468379020691,preview
236.99354791641235,0.9607842564582825,0.7106924057006836,1.0,0.9803256988525391,preview
237.03411221504211,0.9399461150169373,0.7106924057006836,1.0,0.9857473373413086,preview
237.07451367378235,0.9418871402740479,0.7106924057006836,1.0,0.9912009835243225,preview
237.11401557922363,0.931787371635437,0.7106924057006836,1.0,0.9940249919891357,preview
237.15563893318176,0.9220632314682007,0.7106924057006836,1.0,0.9966959953308105,preview
237.19530272483826,0.9187244772911072,0.7106924057006836,1.0,1.0,preview
237.23577570915222,0.9238610863685608,0.7106924057006836,1.0,1.0,preview
237.27764105796814,0.9290356636047363,0.7106924057006836,1.0,1.0,preview
237.31891298294067,0.9159764647483826,0.7106924057006836,1.0,1.0,preview
237.36038541793823,0.9205833673477173,0.7106924057006836,1.0,1.0,preview
237.39984369277954,0.913785457611084,0.7106924057006836,1.0,1.0,preview
237.43918299674988,0.9028772115707397,0.7106924057006836,1.0,1.0,preview
237.48158383369446,0.9085668325424194,0.7106924057006836,1.0,1.0,preview
237.5194375514984,0.8917402625083923,0.7106924057006836,1.0,1.0,preview
237.56161761283875,0.889800488948822,0.7106924057006836,1.0,1.0,preview
237.60217308998108,0.880835235118866,0.7106924057006836,1.0,1.0,preview
237.64169073104858,0.8745599985122681,0.7106924057006836,1.0,1.0,preview
237.6830596923828,0.8821491599082947,0.7106924057006836,1.0,1.0,preview
237.72327876091003,0.8781900405883789,0.7106924057006836,1.0,1.0,preview
237.7650740146637,0.8860411047935486,0.7106924057006836,1.0,1.0,preview
237.80535173416138,0.9003587961196899,0.8303062319755554,1.0,1.0,preview
237.84587717056274,0.9196428060531616,1.0,1.0,1.0,curvature
237.8856496810913,0.9222212433815002,1.0,1.0,1.0,curvature
237.92375922203064,0.9156944155693054,1.0,1.0,1.0,curvature
237.96633791923523,0.9135395884513855,1.0,1.0,1.0,curvature
238.00793600082397,0.9083908796310425,1.0,1.0,1.0,curvature
238.04675221443176,0.9147477746009827,1.0,1.0,1.0,curvature
238.08916926383972,0.9176861643791199,1.0,1.0,1.0,curvature
238.1294298171997,0.9190223813056946,1.0,1.0,1.0,curvature
238.1709954738617,0.9229962825775146,1.0,1.0,1.0,curvature
238.20954251289368,0.9284223318099976,1.0,1.0,1.0,curvature
238.25034713745117,0.9299668669700623,1.0,1.0,1.0,curvature
238.29103708267212,0.9334611892700195,1.0,1.0,1.0,curvature
238.33160710334778,0.9350872039794922,1.0,1.0,1.0,curvature
238.37282729148865,0.936728298664093,1.0,1.0,1.0,curvature
238.41189289093018,0.9419185519218445,1.0,1.0,1.0,curvature
238.45425844192505,0.9450653791427612,1.0,1.0,1.0,curvature
238.4941713809967,0.9467858076095581,1.0,1.0,1.0,curvature
238.53578662872314,0.9486147165298462,1.0,1.0,1.0,curvature
238.5754110813141,0.9513486623764038,1.0,1.0,1.0,curvature
238.6160478591919,0.9556986689567566,1.0,1.0,1.0,curvature
238.6566812992096,0.9575544595718384,1.0,1.0,1.0,curvature
238.698228597641,0.9594151973724365,1.0,1.0,1.0,curvature
238.73800897598267,0.972548246383667,1.0,1.0,1.0,curvature
238.77804255485535,0.9857490062713623,1.0,1.0,1.0,curvature
238.81814575195312,0.9994917511940002,1.0,1.0,1.0,curvature
238.8598518371582,0.9990547895431519,1.0,1.0,1.0,curvature
238.89978742599487,0.9983584880828857,1.0,1.0,1.0,curvature
238.9408094882965,0.9977575540542603,1.0,1.0,1.0,curvature
238.9819257259369,0.9977071285247803,1.0,1.0,1.0,curvature
239.02212500572205,0.9972179532051086,1.0,1.0,1.0,curvature
239.0647678375244,0.996732234954834,1.0,1.0,1.0,curvature
239.10298657417297,0.9962781071662903,1.0,1.0,1.0,curvature
239.14376878738403,0.99312424659729,1.0,1.0,1.0,curvature
239.18461346626282,0.9895055294036865,1.0,1.0,1.0,curvature
239.22502446174622,0.9864024519920349,1.0,1.0,1.0,curvature
239.26399278640747,0.9870105981826782,1.0,1.0,1.0,curvature
239.30698227882385,0.9871230721473694,1.0,1.0,1.0,curvature
239.34690809249878,0.9877946972846985,1.0,1.0,1.0,curvature
239.3873906135559,0.9879516363143921,1.0,1.0,1.0,curvature
239.42779850959778,0.9963051080703735,1.0,1.0,1.0,curvature
239.4676113128662,0.9960845112800598,1.0,1.0,1.0,curvature
239.50927686691284,0.9886170625686646,1.0,1.0,1.0,curvature
239.55140686035156,0.9891251921653748,1.0,1.0,1.0,curvature
239.59081411361694,0.9898473024368286,1.0,1.0,1.0,curvature
239.6302273273468,0.9911664724349976,1.0,1.0,1.0,curvature
239.67043685913086,0.9916388988494873,1.0,1.0,1.0,curvature
239.71140933036804,0.9923776388168335,1.0,1.0,1.0,curvature
239.75279092788696,0.9837669730186462,1.0,1.0,1.0,curvature
239.79393553733826,0.9752204418182373,1.0,1.0,1.0,curvature
239.8329713344574,0.9679960608482361,1.0,1.0,1.0,curvature
239.87412333488464,0.969447672367096,1.0,1.0,1.0,curvature
239.91520476341248,0.9709956645965576,1.0,1.0,1.0,curvature
239.9551181793213,0.9729413986206055,1.0,1.0,1.0,curvature
239.99663615226746,0.9748658537864685,1.0,1.0,1.0,curvature
240.03671717643738,0.9723138213157654,1.0,1.0,1.0,curvature
240.07763624191284,0.9678890705108643,1.0,1.0,1.0,curvature
240.11863493919373,0.9641346335411072,1.0,1.0,1.0,curvature
240.15782284736633,0.9658159613609314,1.0,1.0,1.0,curvature
240.19984912872314,0.9682743549346924,1.0,1.0,1.0,curvature
240.2393536567688,0.9295254349708557,0.7354109287261963,1.0,1.0,preview
240.2805986404419,0.9278349876403809,0.7354109287261963,1.0,1.0,preview
240.32089495658875,0.8652492165565491,0.5815414190292358,1.0,1.0,preview
240.3613362312317,0.816738486289978,0.5815414190292358,1.0,1.0,preview
240.4030408859253,0.769501268863678,0.5815414190292358,1.0,1.0,preview
240.44211602210999,0.740689754486084,0.5815414190292358,1.0,1.0,preview
240.48328590393066,0.7448558211326599,0.5815414190292358,1.0,1.0,preview
240.52429175376892,0.7673028111457825,0.5815414190292358,1.0,1.0,preview
240.56495332717896,0.7845149040222168,0.5815414190292358,1.0,1.0,preview
240.6036810874939,0.8123079538345337,0.5815414190292358,1.0,1.0,preview
240.64668798446655,0.7923099398612976,0.5815414190292358,1.0,0.9908772110939026,preview
240.686048746109,0.7487753629684448,0.5815414190292358,1.0,0.9729329943656921,preview
240.7258059978485,0.7097551226615906,0.5815414190292358,1.0,0.955558717250824,preview
240.76763534545898,0.7362391352653503,0.5815414190292358,1.0,0.9580512046813965,preview
240.80789375305176,0.753082275390625,0.5815414190292358,1.0,0.9606832265853882,preview
240.8483748435974,0.8083643317222595,0.5815414190292358,1.0,0.9667766690254211,preview
240.88768410682678,0.8229044079780579,0.5815414190292358,1.0,0.9701465368270874,preview
240.93034195899963,0.8640741109848022,0.5815414190292358,1.0,0.9737401604652405,preview
240.97040486335754,0.8794248104095459,0.5815414190292358,1.0,0.9758874773979187,preview
241.01059556007385,0.9298405647277832,0.5815414190292358,1.0,0.9783077836036682,preview
241.0502791404724,0.9526028633117676,0.5815414190292358,1.0,0.9856923818588257,preview
241.09159183502197,0.9949579834938049,0.5815414190292358,1.0,0.9903393983840942,preview
241.1318883895874,0.9912436604499817,0.5815414190292358,1.0,0.9950923919677734,preview
241.172611951828,0.9455269575119019,0.5815414190292358,1.0,1.0,preview
241.21332430839539,0.9450892210006714,0.5815414190292358,1.0,1.0,preview
241.25270676612854,0.9342359900474548,0.5815414190292358,1.0,1.0,preview
241.29476165771484,0.9647565484046936,0.5815414190292358,1.0,1.0,preview
241.33428931236267,0.9522545337677002,0.5815414190292358,1.0,1.0,preview
241.3748631477356,0.9550056457519531,0.5815414190292358,1.0,1.0,preview
241.41598796844482,0.9174673557281494,0.5815414190292358,1.0,1.0,preview
241.45763683319092,0.9248813986778259,0.5815414190292358,1.0,1.0,preview
241.4972403049469,0.8929242491722107,0.5815414190292358,1.0,1.0,preview
241.53778338432312,0.898090660572052,0.5815414190292358,1.0,1.0,preview
241.5793159008026,0.9175409078598022,0.5815414190292358,1.0,1.0,preview
241.61880660057068,0.9251437783241272,0.5815414190292358,1.0,1.0,preview
241.65827012062073,0.9847787022590637,0.5815414190292358,1.0,1.0,preview
241.69941687583923,0.9596761465072632,0.5815414190292358,1.0,1.0,preview
241.7397539615631,0.9280948638916016,0.5815414190292358,1.0,1.0,preview
241.78235483169556,0.9311580657958984,0.5815414190292358,1.0,1.0,preview
241.82170987129211,0.9199733734130859,0.5815414190292358,1.0,1.0,preview
241.8622167110443,0.9144996404647827,0.5815414190292358,1.0,1.0,preview
241.90287327766418,0.9202439785003662,0.5815414190292358,1.0,1.0,preview
241.94452357292175,0.9123330116271973,0.5815414190292358,1.0,1.0,preview
241.9838318824768,0.9181469678878784,0.5815414190292358,1.0,1.0,preview
242.0234727859497,0.9115724563598633,0.5815414190292358,1.0,1.0,preview
242.0666527748108,0.9122000932693481,0.5815414190292358,1.0,1.0,preview
242.10618567466736,0.9186532497406006,0.5815414190292358,1.0,1.0,preview
242.14522171020508,0.9144473075866699,0.5815414190292358,1.0,1.0,preview
242.18650078773499,0.9241942763328552,0.5815414190292358,1.0,1.0,preview
242.2265968322754,0.9245508909225464,0.5815414190292358,1.0,1.0,preview
242.26863813400269,0.9317433834075928,0.5815414190292358,1.0,1.0,preview
242.30689764022827,0.937305748462677,0.5815414190292358,1.0,1.0,preview
242.34924006462097,0.9349461793899536,0.5815414190292358,1.0,1.0,preview
242.38898134231567,0.9400981664657593,0.5815414190292358,1.0,1.0,preview
242.42879629135132,0.9479790925979614,0.711814284324646,1.0,1.0,preview
242.46916103363037,0.9666598439216614,1.0,1.0,1.0,curvature
242.5104160308838,0.9679408669471741,1.0,1.0,1.0,curvature
242.55166053771973,0.9693613052368164,1.0,1.0,1.0,curvature
242.5923945903778,0.9704254865646362,1.0,1.0,1.0,curvature
242.63337302207947,0.9715233445167542,1.0,1.0,1.0,curvature
242.67405104637146,0.9768004417419434,1.0,1.0,1.0,curvature
242.7131633758545,0.9824616312980652,1.0,1.0,1.0,curvature
242.7546465396881,0.986908495426178,1.0,1.0,1.0,curvature
242.7957718372345,0.9874781370162964,1.0,1.0,1.0,curvature
242.83682131767273,0.9880096912384033,1.0,1.0,1.0,curvature
242.87599349021912,0.988522469997406,1.0,1.0,1.0,curvature
242.91748976707458,0.9887456893920898,1.0,1.0,1.0,curvature
242.95768189430237,0.9888536930084229,1.0,1.0,1.0,curvature
242.99854683876038,0.989465594291687,1.0,1.0,1.0,curvature
243.03883171081543,0.9895901083946228,1.0,1.0,1.0,curvature
243.07977151870728,0.990286648273468,1.0,1.0,1.0,curvature
243.12051486968994,0.9904084801673889,1.0,1.0,1.0,curvature
243.159930229187,0.9905260801315308,1.0,1.0,1.0,curvature
243.1999387741089,0.9945677518844604,1.0,1.0,1.0,curvature
243.24223494529724,0.992163360118866,0.40442904829978943,1.0,1.0,preview
243.28191471099854,0.9741441607475281,0.40442904829978943,1.0,1.0,preview
243.32254004478455,0.9734783172607422,0.40442904829978943,1.0,1.0,preview
243.36240768432617,0.9753024578094482,0.40442904829978943,1.0,1.0,preview
243.4035828113556,0.977459728717804,0.40442904829978943,1.0,1.0,preview
243.4433569908142,0.9799942970275879,0.40442904829978943,1.0,1.0,preview
243.48394203186035,0.9861093759536743,0.40442904829978943,1.0,1.0,preview
243.5237216949463,0.9876568913459778,0.40442904829978943,1.0,1.0,preview
243.56599187850952,0.9915144443511963,0.40442904829978943,1.0,1.0,preview
243.6062786579132,0.9930129051208496,0.40442904829978943,1.0,1.0,preview
243.64671778678894,0.9967527389526367,0.40442904829978943,1.0,1.0,preview
243.68857955932617,0.974048912525177,0.40442904829978943,1.0,1.0,preview
243.7278881072998,0.951097309589386,0.40442904829978943,1.0,1.0,preview
243.7692153453827,0.9282599687576294,0.40442904829978943,1.0,1.0,preview
243.81016969680786,0.9319849610328674,0.40442904829978943,1.0,1.0,preview
243.8506543636322,0.9354599714279175,0.40442904829978943,1.0,1.0,preview
243.89317965507507,0.9471520185470581,0.40442904829978943,1.0,1.0,preview
243.93082690238953,0.9526010155677795,0.40442904829978943,1.0,1.0,preview
243.97105622291565,0.9578052163124084,0.40442904829978943,1.0,1.0,preview
244.011399269104,0.9622053503990173,0.40442904829978943,1.0,1.0,preview
244.05318117141724,0.9679011702537537,0.40442904829978943,1.0,1.0,preview
244.0931293964386,0.9081437587738037,0.40442904829978943,1.0,1.0,preview
244.13456201553345,0.8577679395675659,0.40442904829978943,1.0,1.0,preview
244.17477798461914,0.8127931952476501,0.40442904829978943,1.0,1.0,preview
244.2151107788086,0.8211196660995483,0.40442904829978943,1.0,1.0,preview
244.25588011741638,0.8366041779518127,0.40442904829978943,1.0,1.0,preview
244.29573798179626,0.8645792603492737,0.40442904829978943,1.0,1.0,preview
244.336820602417,0.8852332234382629,0.40442904829978943,1.0,1.0,preview
244.37678456306458,0.8961476683616638,0.40442904829978943,1.0,1.0,preview
244.41789436340332,0.9057415127754211,0.40442904829978943,1.0,1.0,preview
244.458411693573,0.9292908310890198,0.40442904829978943,1.0,1.0,preview
244.49773049354553,0.961233377456665,0.40442904829978943,1.0,1.0,preview
244.53945779800415,0.8766352534294128,0.40442904829978943,1.0,1.0,preview
244.58077025413513,0.8108031749725342,0.40442904829978943,1.0,1.0,preview
244.62034273147583,0.8025447726249695,0.40442904829978943,1.0,1.0,preview
244.660964012146,0.8117830753326416,0.40442904829978943,1.0,1.0,preview
244.70071268081665,0.8269005417823792,0.40442904829978943,1.0,1.0,preview
244.74126863479614,0.840695858001709,0.40442904829978943,1.0,1.0,preview
244.78390836715698,0.85319983959198,0.40442904829978943,1.0,1.0,preview
244.82308316230774,0.8569465279579163,0.40442904829978943,1.0,1.0,preview
244.86557793617249,0.8688772320747375,0.40442904829978943,1.0,1.0,preview
244.90497183799744,0.8883757591247559,0.3440895676612854,1.0,1.0,preview
244.94452261924744,0.9000051021575928,0.3440895676612854,1.0,1.0,preview
244.98501777648926,0.9084041714668274,0.3440895676612854,1.0,1.0,preview
245.0256688594818,0.9150868654251099,0.3440895676612854,1.0,1.0,preview
245.0676896572113,0.9224107265472412,0.3440895676612854,1.0,1.0,preview
245.10631895065308,0.9510890245437622,0.3440895676612854,1.0,1.0,preview
245.14692163467407,0.9721059203147888,0.3440895676612854,1.0,1.0,preview
245.1883990764618,0.8973103165626526,0.3440895676612854,1.0,1.0,preview
245.2294237613678,0.8953341841697693,0.3171953558921814,1.0,1.0,preview
245.27128434181213,0.9888255596160889,0.3171953558921814,1.0,1.0,preview
245.31009531021118,0.9727901816368103,0.3171953558921814,1.0,1.0,preview
245.3521146774292,0.9730366468429565,0.3171953558921814,1.0,1.0,preview
245.39293575286865,0.9748963713645935,0.3171953558921814,1.0,1.0,preview
245.43364143371582,0.8720788955688477,0.3171953558921814,1.0,1.0,preview
245.473130941391,0.8734456300735474,0.3171953558921814,1.0,1.0,preview
245.51349472999573,0.8891742825508118,0.3171953558921814,1.0,1.0,preview
245.55431032180786,0.8106966018676758,0.3171953558921814,1.0,1.0,preview
245.59447026252747,0.8170015215873718,0.3171953558921814,1.0,1.0,preview
245.63482642173767,0.8276591897010803,0.3171953558921814,1.0,1.0,preview
245.6760196685791,0.8383278846740723,0.3171953558921814,1.0,1.0,preview
245.71746444702148,0.7859557867050171,0.3171953558921814,1.0,1.0,preview
245.75702452659607,0.7973247766494751,0.3171953558921814,1.0,1.0,preview
245.79837250709534,0.8100151419639587,0.3171953558921814,1.0,1.0,preview
245.83864760398865,0.8230375051498413,0.3171953558921814,1.0,1.0,preview
245.87792229652405,0.7711260318756104,0.3171953558921814,1.0,1.0,preview
245.92012524604797,0.792594850063324,0.3171953558921814,1.0,1.0,preview
245.95869278907776,0.804690957069397,0.3171953558921814,1.0,1.0,preview
245.99978947639465,0.7614343166351318,0.3171953558921814,1.0,1.0,preview
246.04013562202454,0.7731295228004456,0.3171953558921814,1.0,1.0,preview
246.08225679397583,0.7860520482063293,0.3171953558921814,1.0,1.0,preview
246.12177324295044,0.8128765821456909,0.3171953558921814,1.0,1.0,preview
246.16235947608948,0.777607798576355,0.3171953558921814,1.0,1.0,preview
246.20255756378174,0.7893083691596985,0.3171953558921814,1.0,1.0,preview
246.24356055259705,0.8031899929046631,0.3171953558921814,1.0,1.0,preview
246.28448271751404,0.8162785768508911,0.3171953558921814,1.0,1.0,preview
246.3245997428894,0.8011943697929382,0.3171953558921814,1.0,1.0,preview
246.36456990242004,0.8128105401992798,0.3171953558921814,1.0,1.0,preview
246.40722727775574,0.8248119354248047,0.3171953558921814,1.0,1.0,preview
246.44848537445068,0.8362061977386475,0.3171953558921814,1.0,1.0,preview
246.4883599281311,0.8147154450416565,0.3171953558921814,1.0,1.0,preview
246.52822256088257,0.8366225957870483,0.3171953558921814,1.0,1.0,preview
246.5687518119812,0.8478462100028992,0.3171953558921814,1.0,1.0,preview
246.609313249588,0.8579531311988831,0.3171953558921814,1.0,1.0,preview
246.6494903564453,0.8534603118896484,0.3171953558921814,1.0,1.0,preview
246.6913182735443,0.8751510977745056,0.3171953558921814,1.0,1.0,preview
246.73033237457275,0.9081880450248718,0.3171953558921814,1.0,1.0,preview
246.77118253707886,0.9169513583183289,0.3171953558921814,1.0,1.0,preview
246.81283617019653,0.9064339399337769,0.3171953558921814,1.0,1.0,preview
246.85346364974976,0.9127938747406006,0.3171953558921814,1.0,1.0,preview
246.89427757263184,0.919634222984314,0.3171953558921814,1.0,1.0,preview
246.93501234054565,0.9319718480110168,0.3171953558921814,1.0,1.0,preview
246.97479152679443,0.9249911308288574,0.3171953558921814,1.0,1.0,preview
247.0146040916443,0.9300919771194458,0.3171953558921814,1.0,1.0,preview
247.05609130859375,0.9356494545936584,0.3171953558921814,1.0,1.0,preview
247.0967845916748,0.9405036568641663,0.3171953558921814,1.0,1.0,preview
247.13677763938904,0.9404615163803101,0.3171953558921814,1.0,1.0,preview
247.17749905586243,0.9448996186256409,0.3171953558921814,1.0,1.0,preview
247.21759366989136,0.949234664440155,0.3171953558921814,1.0,1.0,preview
247.25837874412537,0.9532740712165833,0.3171953558921814,1.0,1.0,preview
247.30032563209534,0.9504048824310303,0.3171953558921814,1.0,1.0,preview
247.3409082889557,0.9578758478164673,0.3171953558921814,1.0,1.0,preview
247.38149452209473,0.9614898562431335,0.3171953558921814,1.0,1.0,preview
247.42019987106323,0.9646742939949036,0.3171953558921814,1.0,1.0,preview
247.4618899822235,0.8573232889175415,0.3171953558921814,1.0,1.0,preview
247.501957654953,0.8550977110862732,0.3171953558921814,1.0,1.0,preview
247.54097890853882,0.8319101333618164,0.3171953558921814,1.0,1.0,preview
247.58246302604675,0.6944092512130737,0.3171953558921814,1.0,1.0,preview
247.62347602844238,0.6768500208854675,0.3171953558921814,1.0,1.0,preview
247.66507983207703,0.6880901455879211,0.3171953558921814,1.0,1.0,preview
247.70478582382202,0.702927827835083,0.3171953558921814,1.0,1.0,preview
247.74450874328613,0.6468199491500854,0.3171953558921814,1.0,1.0,preview
247.78699922561646,0.6623528003692627,0.3171953558921814,1.0,1.0,preview
247.8259813785553,0.6792768836021423,0.3171953558921814,1.0,1.0,preview
247.8678011894226,0.6965174078941345,0.3171953558921814,1.0,1.0,preview
247.90646886825562,0.6392742395401001,0.3171953558921814,1.0,1.0,preview
247.9483437538147,0.6707810759544373,0.3171953558921814,1.0,1.0,preview
247.98810839653015,0.6885691285133362,0.3171953558921814,1.0,1.0,preview
248.027734041214,0.7048157453536987,0.3171953558921814,1.0,1.0,preview
248.06775617599487,0.6084527373313904,0.3171953558921814,1.0,0.9495534300804138,preview
248.10991096496582,0.6206185221672058,0.3171953558921814,1.0,0.9560675024986267,preview
248.15037322044373,0.5629158020019531,0.3171953558921814,1.0,0.950947642326355,preview
248.19096994400024,0.5783550143241882,0.3171953558921814,1.0,0.9576345682144165,preview
248.23200345039368,0.5964691638946533,0.3171953558921814,1.0,0.9643064141273499,preview
248.2718231678009,0.61476069688797,0.3171953558921814,1.0,0.9711605906486511,preview
248.31267523765564,0.553824782371521,0.3171953558921814,1.0,0.9569312930107117,preview
248.35310983657837,0.584894061088562,0.3171953558921814,1.0,0.9706169962882996,preview
248.39217877388,0.5361069440841675,0.3171953558921814,1.0,0.9539330005645752,preview
248.43470525741577,0.5513995289802551,0.3171953558921814,1.0,0.9607163667678833,preview
248.47529554367065,0.5888065695762634,0.3171953558921814,1.0,0.9646111726760864,preview
248.5152666568756,0.6288148760795593,0.3171953558921814,1.0,0.9680225849151611,preview
248.5558581352234,0.6193236112594604,0.3171953558921814,1.0,0.9529028534889221,preview
248.59686064720154,0.636367917060852,0.3171953558921814,1.0,0.9593736529350281,preview
248.63684344291687,0.6543444395065308,0.3171953558921814,1.0,0.9658241868019104,preview
248.67753958702087,0.5727349519729614,0.3171953558921814,1.0,0.9724544286727905,preview
248.71908974647522,0.5858334898948669,0.3171953558921814,1.0,0.9788717031478882,preview
248.75995206832886,0.5417873859405518,0.3171953558921814,1.0,0.9917837381362915,preview
248.7998332977295,0.5573366284370422,0.3171953558921814,1.0,0.9980674386024475,preview
248.8411009311676,0.5762535333633423,0.3171953558921814,1.0,1.0,preview
248.88191771507263,0.5956289768218994,0.3171953558921814,1.0,1.0,preview
248.92156648635864,0.5407665371894836,0.3171953558921814,1.0,1.0,preview
248.96173524856567,0.5739964246749878,0.3171953558921814,1.0,1.0,preview
249.00174188613892,0.5302350521087646,0.3171953558921814,1.0,1.0,preview
249.04276847839355,0.5749692916870117,0.5952346324920654,1.0,1.0,curvature
249.08242630958557,0.6000520586967468,0.5952346324920654,1.0,1.0,preview
249.12478947639465,0.5920882821083069,0.5952346324920654,1.0,1.0,curvature
249.16494965553284,0.6143507957458496,0.5952346324920654,1.0,1.0,preview
249.20467710494995,0.6532993912696838,0.5952346324920654,1.0,1.0,preview
249.2442946434021,0.6643058061599731,0.5952346324920654,1.0,1.0,preview
249.28732776641846,0.6894914507865906,0.5952346324920654,1.0,1.0,preview
249.3276903629303,0.6873608231544495,0.5952346324920654,1.0,1.0,preview
249.36671662330627,0.7036207914352417,0.5952346324920654,1.0,1.0,preview
249.40819883346558,0.7274860143661499,0.5952346324920654,1.0,1.0,preview
249.4495186805725,0.7659056782722473,0.7440896034240723,1.0,1.0,preview
249.48883819580078,0.7859517335891724,0.7440896034240723,1.0,1.0,preview
249.52965998649597,0.8389185070991516,1.0,1.0,1.0,curvature
249.57030987739563,0.8537907004356384,1.0,1.0,1.0,curvature
249.61041688919067,0.8589486479759216,1.0,1.0,1.0,curvature
249.6521191596985,0.8638894557952881,1.0,1.0,1.0,curvature
249.69143557548523,0.864030659198761,1.0,1.0,1.0,curvature
249.7310061454773,0.8687290549278259,1.0,1.0,1.0,curvature
249.77320623397827,0.871135950088501,1.0,1.0,1.0,curvature
249.8131721019745,0.8765345811843872,1.0,1.0,1.0,curvature
249.85292673110962,0.8819971680641174,1.0,1.0,1.0,curvature
249.89360308647156,0.8884075284004211,1.0,1.0,1.0,curvature
249.93620920181274,0.8913795948028564,1.0,1.0,1.0,curvature
249.97599697113037,0.8993971347808838,1.0,1.0,1.0,curvature
250.01671838760376,0.9025526642799377,1.0,1.0,1.0,curvature
250.05770444869995,0.9049964547157288,1.0,1.0,1.0,curvature
250.0982928276062,0.9057044386863708,1.0,1.0,1.0,curvature
250.1389193534851,0.9084596633911133,1.0,1.0,1.0,curvature
250.1783320903778,0.9119163155555725,1.0,1.0,1.0,curvature
250.21868538856506,0.9146484732627869,1.0,1.0,1.0,curvature
250.2598009109497,0.9188968539237976,1.0,1.0,1.0,curvature
250.3016595840454,0.9216139912605286,1.0,1.0,1.0,curvature
250.34120893478394,0.9242953658103943,1.0,1.0,1.0,curvature
250.38189935684204,0.9309676289558411,1.0,1.0,1.0,curvature
250.42251348495483,0.9337987899780273,1.0,1.0,1.0,curvature
250.4627718925476,0.9364696145057678,1.0,1.0,1.0,curvature
250.5026478767395,0.9388678073883057,1.0,1.0,1.0,curvature
250.54396963119507,0.9412450194358826,1.0,1.0,1.0,curvature
250.58606433868408,0.9469255805015564,1.0,1.0,1.0,curvature
250.62627029418945,0.9497913122177124,1.0,1.0,1.0,curvature
250.66642594337463,0.9525036811828613,1.0,1.0,1.0,curvature
250.70613741874695,0.9551554918289185,1.0,1.0,1.0,curvature
250.74571013450623,0.9577506184577942,1.0,1.0,1.0,curvature
250.79112124443054,0.9629631042480469,1.0,1.0,1.0,curvature
250.82791209220886,0.9651580452919006,1.0,1.0,1.0,curvature
250.86801862716675,0.9676514863967896,1.0,1.0,1.0,curvature
250.90791749954224,0.9700855612754822,1.0,1.0,1.0,curvature
250.9500448703766,0.9724794626235962,1.0,1.0,1.0,curvature
250.99074292182922,0.9695044159889221,1.0,1.0,1.0,curvature
251.02989768981934,0.965103030204773,1.0,1.0,1.0,curvature
251.07193303108215,0.9603050947189331,1.0,1.0,1.0,curvature
251.11310410499573,0.9624158143997192,1.0,1.0,1.0,curvature
251.15280985832214,0.9647994637489319,1.0,1.0,1.0,curvature
251.1941397190094,0.9691890478134155,1.0,1.0,1.0,curvature
251.23431754112244,0.7215715646743774,0.40442904829978943,1.0,1.0,preview
251.2744743824005,0.7158238291740417,0.40442904829978943,1.0,1.0,preview
251.3140161037445,0.6685593724250793,0.40442904829978943,1.0,1.0,preview
251.35521745681763,0.6306714415550232,0.40442904829978943,1.0,1.0,preview
251.39481949806213,0.626998245716095,0.40442904829978943,1.0,1.0,preview
251.43706369400024,0.6503896117210388,0.40442904829978943,1.0,1.0,preview
251.4780147075653,0.6656262874603271,0.40442904829978943,1.0,1.0,preview
251.51670217514038,0.6781409978866577,0.40442904829978943,1.0,1.0,preview
251.556902885437,0.7297707200050354,0.40442904829978943,1.0,1.0,preview
251.59781646728516,0.8461276292800903,0.40442904829978943,1.0,1.0,preview
251.63996696472168,0.9455775022506714,0.40442904829978943,1.0,1.0,preview
251.67955040931702,0.9761192202568054,0.40442904829978943,1.0,1.0,preview
251.7205548286438,0.9393430352210999,0.40442904829978943,1.0,1.0,preview
251.76239252090454,0.932766318321228,0.40442904829978943,1.0,1.0,preview
251.8021101951599,0.8644272685050964,0.40442904829978943,1.0,1.0,preview
251.8412938117981,0.8688039779663086,0.40442904829978943,1.0,1.0,preview
251.88295722007751,0.819486141204834,0.40442904829978943,1.0,1.0,preview
251.92375802993774,0.8113194704055786,0.40442904829978943,1.0,1.0,preview
251.96458315849304,0.8056848049163818,0.40442904829978943,1.0,1.0,preview
252.00681257247925,0.7680186033248901,0.40442904829978943,1.0,1.0,preview
252.04489159584045,0.7806078791618347,0.40442904829978943,1.0,1.0,preview
252.0849804878235,0.75669264793396,0.40442904829978943,1.0,1.0,preview
252.1264204978943,0.7723770141601562,0.40442904829978943,1.0,1.0,preview
252.16703939437866,0.7895377278327942,0.40442904829978943,1.0,1.0,preview
252.20701265335083,0.7228468656539917,0.40442904829978943,1.0,1.0,preview
252.24640440940857,0.6793369650840759,0.40442904829978943,1.0,1.0,preview
252.2880916595459,0.624191164970398,0.40442904829978943,1.0,1.0,preview
252.32889652252197,0.6416381597518921,0.40442904829978943,1.0,1.0,preview
252.37121677398682,0.6636101603507996,0.40442904829978943,1.0,1.0,preview
252.41009092330933,0.6940873861312866,0.40442904829978943,1.0,1.0,preview
252.44989585876465,0.7165404558181763,0.40442904829978943,1.0,1.0,preview
252.49084734916687,0.7308804392814636,0.40442904829978943,1.0,1.0,preview
252.53097891807556,0.7523878216743469,0.40442904829978943,1.0,1.0,preview
252.57108879089355,0.7721976041793823,0.40442904829978943,1.0,1.0,preview
252.61206436157227,0.778304398059845,0.40442904829978943,1.0,1.0,preview
252.65286350250244,0.7654203176498413,0.40442904829978943,1.0,1.0,preview
252.69401812553406,0.7519767880439758,0.40442904829978943,1.0,1.0,preview
252.73483848571777,0.7683315873146057,0.40442904829978943,1.0,1.0,preview
252.77467489242554,0.7952653765678406,0.40442904829978943,1.0,1.0,preview
252.81405568122864,0.8317527174949646,0.40442904829978943,1.0,1.0,preview
252.8550500869751,0.8646975159645081,0.40442904829978943,1.0,1.0,preview
252.8955681324005,0.8796175718307495,0.40442904829978943,1.0,1.0,preview
252.93639993667603,0.8927456140518188,0.40442904829978943,1.0,1.0,preview
252.9784767627716,0.9308258295059204,0.40442904829978943,1.0,1.0,preview
253.0184817314148,0.9505854845046997,0.40442904829978943,1.0,1.0,preview
253.0572772026062,0.9907213449478149,0.40442904829978943,1.0,1.0,preview
253.09847784042358,0.9952290058135986,0.40442904829978943,1.0,1.0,preview
253.13963150978088,0.9964203834533691,0.40442904829978943,1.0,1.0,preview
253.18071961402893,0.6851176023483276,0.40442904829978943,1.0,0.8729864358901978,preview
253.21980118751526,0.5407690405845642,0.40442904829978943,1.0,0.892762303352356,preview
253.26013207435608,0.5263158082962036,0.40442904829978943,1.0,0.9029351472854614,preview
253.30190300941467,0.5263158082962036,0.40442904829978943,1.0,0.913282573223114,preview
253.3415048122406,0.5263158082962036,0.40442904829978943,1.0,0.9238452911376953,preview
253.38298726081848,0.5263158082962036,0.40442904829978943,1.0,0.9342369437217712,preview
253.4235324859619,0.5263158082962036,0.40442904829978943,1.0,0.9556848406791687,preview
253.46391654014587,0.5263158082962036,0.40442904829978943,1.0,0.9663889408111572,preview
253.50397062301636,0.5263158082962036,0.40442904829978943,1.0,0.9771696925163269,preview
253.5443663597107,0.5263158082962036,0.40442904829978943,1.0,0.9883466362953186,preview
253.58599305152893,0.5263158082962036,0.40442904829978943,1.0,0.9992440938949585,preview
253.62721610069275,0.5263158082962036,0.40442904829978943,1.0,1.0,preview
253.6656632423401,0.5263158082962036,0.40442904829978943,1.0,1.0,preview
253.70815777778625,0.5263158082962036,0.40442904829978943,1.0,1.0,preview
253.74880194664001,0.5263158082962036,0.40442904829978943,1.0,1.0,preview
253.78839898109436,0.5263158082962036,0.40442904829978943,1.0,1.0,preview
253.8290286064148,0.5855845212936401,1.0,1.0,1.0,curvature
253.868834733963,0.6076886057853699,1.0,1.0,1.0,curvature
253.91008734703064,0.6146640181541443,1.0,1.0,1.0,curvature
253.95050621032715,0.6309337615966797,1.0,1.0,1.0,curvature
253.99295806884766,0.6338518261909485,1.0,1.0,1.0,curvature
254.0331199169159,0.645436704158783,1.0,1.0,1.0,curvature
254.0733187198639,0.661689043045044,1.0,1.0,1.0,curvature
254.1137239933014,0.6664901375770569,1.0,1.0,1.0,curvature
254.15472435951233,0.6720486879348755,1.0,1.0,1.0,curvature
254.19486737251282,0.6880645155906677,1.0,1.0,1.0,curvature
254.234610080719,0.705276370048523,1.0,1.0,1.0,curvature
254.27492260932922,0.7120619416236877,1.0,1.0,1.0,curvature
254.31605648994446,0.7225099205970764,1.0,1.0,1.0,curvature
254.35600066184998,0.727208137512207,1.0,1.0,1.0,curvature
254.39647269248962,0.7307129502296448,1.0,1.0,1.0,curvature
254.43820238113403,0.7433986663818359,1.0,1.0,1.0,curvature
254.47698831558228,0.7547801733016968,1.0,1.0,1.0,curvature
254.51867365837097,0.7605438828468323,1.0,1.0,1.0,curvature
254.55844926834106,0.7723577618598938,1.0,1.0,1.0,curvature
254.6001958847046,0.7858439087867737,1.0,1.0,1.0,curvature
254.63988780975342,0.8091611862182617,1.0,1.0,1.0,curvature
254.6812446117401,0.8174563646316528,1.0,1.0,1.0,curvature
254.72182202339172,0.8232474327087402,1.0,1.0,0.9995912909507751,curvature
254.76246118545532,0.829018235206604,1.0,1.0,0.9956536889076233,curvature
254.80317091941833,0.8373000621795654,1.0,1.0,0.9921717643737793,curvature
254.84243822097778,0.8460555076599121,1.0,1.0,0.9842581152915955,curvature
254.88345384597778,0.8478028774261475,1.0,1.0,0.9799208045005798,curvature
254.92404055595398,0.85044926404953,1.0,1.0,0.9758432507514954,curvature
254.96437668800354,0.8557771444320679,1.0,1.0,0.9735124111175537,curvature
255.005845785141,0.8616237044334412,1.0,1.0,0.971541166305542,curvature
255.04550123214722,0.8742876052856445,1.0,1.0,0.9684088826179504,curvature
255.08758783340454,0.8810287117958069,1.0,1.0,0.9672821760177612,curvature
255.12742400169373,0.8868775367736816,1.0,1.0,0.9664098620414734,curvature
255.16771841049194,0.8912742733955383,1.0,1.0,0.9627643823623657,curvature
255.2083923816681,0.8956717848777771,1.0,1.0,0.9595211148262024,curvature
255.24902057647705,0.9055370688438416,1.0,1.0,0.9566662311553955,curvature
255.288165807724,0.9108086824417114,1.0,1.0,0.9569897055625916,curvature
255.33002400398254,0.5263158082962036,0.40442904829978943,1.0,0.9575154185295105,preview
255.36964416503906,0.5263158082962036,0.40442904829978943,1.0,0.9582680463790894,preview
255.41073298454285,0.5263158082962036,0.40442904829978943,1.0,0.9592778086662292,preview
255.45064210891724,0.5263158082962036,0.40442904829978943,1.0,0.9623638391494751,preview
255.4919605255127,0.5263158082962036,0.40442904829978943,1.0,0.96461421251297,preview
255.53303480148315,0.5263158082962036,0.40442904829978943,1.0,0.9675073623657227,preview
255.5730423927307,0.5349843502044678,0.40442904829978943,1.0,0.9698739051818848,preview
255.61322951316833,0.5406107902526855,0.40442904829978943,1.0,0.9728920459747314,preview
255.65547823905945,0.6627970337867737,0.40442904829978943,1.0,0.9822692275047302,preview
255.69590759277344,0.7027802467346191,0.40442904829978943,1.0,0.9890134334564209,preview
255.73581790924072,0.8160017132759094,0.40442904829978943,1.0,0.9954189658164978,preview
255.77585983276367,0.8542612195014954,0.40442904829978943,1.0,1.0,preview
255.81619882583618,0.9990367889404297,0.40442904829978943,1.0,1.0,preview
255.85670280456543,0.8506051301956177,0.40442904829978943,1.0,1.0,preview
255.89843463897705,0.845189094543457,0.35290560126304626,1.0,1.0,preview
255.93717646598816,0.7567510604858398,0.35290560126304626,1.0,1.0,preview
255.9798789024353,0.7640858292579651,0.35290560126304626,1.0,1.0,preview
256.01992416381836,0.7757602334022522,0.35290560126304626,1.0,1.0,preview
256.05918169021606,0.7786759734153748,0.35290560126304626,1.0,1.0,preview
256.10031151771545,0.855204164981842,0.35290560126304626,1.0,1.0,preview
256.1425476074219,0.9474211931228638,0.35290560126304626,1.0,1.0,preview
256.1820328235626,0.9618083834648132,0.35290560126304626,1.0,1.0,preview
256.22319293022156,0.8707223534584045,0.35290560126304626,1.0,1.0,preview
256.2628812789917,0.8811530470848083,0.35290560126304626,1.0,1.0,preview
256.3038647174835,0.8899503350257874,0.35290560126304626,1.0,1.0,preview
256.3430440425873,0.8157990574836731,0.35290560126304626,1.0,1.0,preview
256.3844509124756,0.8233019113540649,0.35290560126304626,1.0,1.0,preview
256.42672204971313,0.8334634900093079,0.35290560126304626,1.0,1.0,preview
256.46595573425293,0.7929538488388062,0.35290560126304626,1.0,1.0,preview
256.50676703453064,0.8122197389602661,0.35290560126304626,1.0,1.0,preview
256.54779410362244,0.8323319554328918,0.35290560126304626,1.0,1.0,preview
256.5872895717621,0.8453813195228577,0.35290560126304626,1.0,1.0,preview
256.6294870376587,0.796046257019043,0.35290560126304626,1.0,1.0,preview
256.6693458557129,0.8184951543807983,0.35290560126304626,1.0,1.0,preview
256.70936036109924,0.7773222923278809,0.35290560126304626,1.0,1.0,preview
256.7510778903961,0.789860725402832,0.35290560126304626,1.0,1.0,preview
256.7906913757324,0.784961462020874,0.35290560126304626,1.0,1.0,preview
256.8302369117737,0.7330496311187744,0.35290560126304626,1.0,1.0,preview
256.87073135375977,0.738216757774353,0.35290560126304626,1.0,1.0,preview
256.911052942276,0.7144758105278015,0.35290560126304626,1.0,1.0,preview
256.953013420105,0.7293157577514648,0.35290560126304626,1.0,1.0,preview
256.9911525249481,0.7466062307357788,0.35290560126304626,1.0,1.0,preview
257.0344729423523,0.729228675365448,0.35290560126304626,1.0,1.0,preview
257.0745105743408,0.7620148658752441,0.35290560126304626,1.0,1.0,preview
257.1148681640625,0.7505140900611877,0.35290560126304626,1.0,1.0,preview
257.1542990207672,0.76581209897995,0.35290560126304626,1.0,1.0,preview
257.1951513290405,0.7822443842887878,0.35290560126304626,1.0,1.0,preview
257.2369749546051,0.7974377274513245,0.35290560126304626,1.0,1.0,preview
257.2764985561371,0.8036028742790222,0.35290560126304626,1.0,1.0,preview
257.3157856464386,0.8172428011894226,0.35290560126304626,1.0,1.0,preview
257.35900044441223,0.8117362260818481,0.35290560126304626,1.0,1.0,preview
257.3992168903351,0.8248000741004944,0.35290560126304626,1.0,1.0,preview
257.4402770996094,0.8378273248672485,0.35290560126304626,1.0,1.0,preview
257.4792866706848,0.7799382209777832,0.35290560126304626,1.0,1.0,preview
257.5212302207947,0.78997802734375,0.35290560126304626,1.0,1.0,preview
257.5608172416687,0.8039987087249756,0.35290560126304626,1.0,1.0,preview
257.60221338272095,0.6901297569274902,0.35290560126304626,1.0,1.0,preview
257.6432754993439,0.6472715735435486,0.35290560126304626,1.0,1.0,preview
257.684241771698,0.6265302300453186,0.35290560126304626,1.0,1.0,preview
257.7229745388031,0.6009860634803772,0.35290560126304626,1.0,1.0,preview
257.7627646923065,0.6180853843688965,0.35290560126304626,1.0,1.0,preview
257.80331921577454,0.6387594938278198,0.35290560126304626,1.0,1.0,preview
257.84556889533997,0.6586084961891174,0.35290560126304626,1.0,1.0,preview
257.88608980178833,0.6598900556564331,0.35290560126304626,1.0,1.0,preview
257.9258043766022,0.6779903173446655,0.35290560126304626,1.0,1.0,preview
257.96627926826477,0.6653527617454529,0.35290560126304626,1.0,1.0,preview
258.00759053230286,0.684628427028656,0.35290560126304626,1.0,1.0,preview
258.047034740448,0.7038288116455078,0.35290560126304626,1.0,1.0,preview
258.08788895606995,0.7158127427101135,0.35290560126304626,1.0,1.0,preview
258.1294832229614,0.7335941791534424,0.35290560126304626,1.0,1.0,preview
258.1699137687683,0.7506420612335205,0.35290560126304626,1.0,1.0,preview
258.2099974155426,0.7470955848693848,0.35290560126304626,1.0,1.0,preview
258.25151562690735,0.7637516856193542,0.35290560126304626,1.0,1.0,preview
258.2924907207489,0.7811231017112732,0.35290560126304626,1.0,1.0,preview
258.3309872150421,0.7972854375839233,0.35290560126304626,1.0,1.0,preview
258.37054204940796,0.8120157718658447,0.35290560126304626,1.0,1.0,preview
258.4138195514679,0.8258928656578064,0.35290560126304626,1.0,1.0,preview
258.45353078842163,0.8303173780441284,0.35290560126304626,1.0,1.0,preview
258.49394249916077,0.900556206703186,0.35290560126304626,1.0,1.0,preview
258.53307461738586,0.9612009525299072,0.35290560126304626,1.0,1.0,preview
258.57504057884216,0.9806366562843323,0.35290560126304626,1.0,1.0,preview
258.6151945590973,0.9783828258514404,0.35290560126304626,1.0,1.0,preview
258.6565914154053,0.9784632921218872,0.35290560126304626,1.0,1.0,preview
258.69709849357605,0.7364407181739807,0.35290560126304626,1.0,0.891057014465332,preview
258.73853158950806,0.7385550737380981,0.35290560126304626,1.0,0.8989260196685791,preview
258.7772786617279,0.598395586013794,0.35290560126304626,1.0,0.9069160223007202,preview
258.8179965019226,0.6104230880737305,0.35290560126304626,1.0,0.9152605533599854,preview
258.85854411125183,0.5263158082962036,0.35290560126304626,1.0,0.9234497547149658,preview
258.8983292579651,0.5457632541656494,0.35290560126304626,1.0,0.9402963519096375,preview
258.9387893676758,0.5263158082962036,0.35290560126304626,1.0,0.9486616253852844,preview
258.9820032119751,0.5263158082962036,0.35290560126304626,1.0,0.9570543169975281,preview
259.0206882953644,0.5263158082962036,0.35290560126304626,1.0,0.9657092094421387,preview
259.06118726730347,0.5263158082962036,0.35290560126304626,1.0,0.974102795124054,preview
259.10260677337646,0.5263158082962036,0.35290560126304626,1.0,0.9961649179458618,preview
259.1441378593445,0.5263158082962036,0.35290560126304626,1.0,1.0,preview
259.1830861568451,0.5263158082962036,0.35290560126304626,1.0,1.0,preview
259.2240717411041,0.5263158082962036,0.35290560126304626,1.0,1.0,preview
259.26508259773254,0.5263158082962036,0.35290560126304626,1.0,1.0,preview
259.30610489845276,0.5263158082962036,0.35290560126304626,1.0,1.0,preview
259.3448929786682,0.5263158082962036,0.35290560126304626,1.0,1.0,preview
259.3859488964081,0.5263158082962036,0.35290560126304626,1.0,1.0,preview
259.427129983902,0.5263158082962036,0.35290560126304626,1.0,1.0,preview
259.46706366539,0.6416410803794861,1.0,1.0,1.0,curvature
259.50720977783203,0.6561310291290283,1.0,1.0,1.0,curvature
259.54727721214294,0.6611586809158325,1.0,1.0,1.0,curvature
259.59008955955505,0.6663127541542053,1.0,1.0,1.0,curvature
259.62949776649475,0.6818616390228271,1.0,1.0,1.0,curvature
259.67018127441406,0.6875550150871277,1.0,1.0,1.0,curvature
259.71095848083496,0.7014492154121399,1.0,1.0,1.0,curvature
259.75109672546387,0.7081376910209656,1.0,1.0,1.0,curvature
259.7929389476776,0.7151342034339905,1.0,1.0,1.0,curvature
259.833340883255,0.7302852869033813,1.0,1.0,1.0,curvature
259.87450551986694,0.7376627922058105,1.0,1.0,1.0,curvature
259.91391015052795,0.7536374926567078,1.0,1.0,1.0,curvature
259.954735994339,0.7615059614181519,1.0,1.0,1.0,curvature
259.9953851699829,0.7694538831710815,1.0,1.0,1.0,curvature
260.03577709198,0.7812291383743286,1.0,1.0,1.0,curvature
260.07698607444763,0.7930686473846436,1.0,1.0,1.0,curvature
260.11716651916504,0.8123580813407898,1.0,1.0,1.0,curvature
260.15652084350586,0.8192628026008606,1.0,1.0,1.0,curvature
260.19623470306396,0.8278000950813293,1.0,1.0,1.0,curvature
260.2396936416626,0.8326866626739502,1.0,1.0,1.0,curvature
260.27912521362305,0.8370206356048584,1.0,1.0,1.0,curvature
260.3198356628418,0.8489216566085815,1.0,1.0,1.0,curvature
260.3601942062378,0.8548982739448547,1.0,1.0,1.0,curvature
260.40129804611206,0.8626047372817993,1.0,1.0,1.0,curvature
260.44153451919556,0.867745041847229,1.0,1.0,1.0,curvature
260.4818069934845,0.8725212812423706,1.0,1.0,1.0,curvature
260.5233438014984,0.8836668729782104,1.0,1.0,1.0,curvature
260.56393599510193,0.8893179297447205,1.0,1.0,1.0,curvature
260.60338020324707,0.8941394090652466,1.0,1.0,1.0,curvature
260.6450819969177,0.8988863229751587,1.0,1.0,1.0,curvature
260.6842620372772,0.9043912291526794,1.0,1.0,1.0,curvature
260.72509813308716,0.9172112941741943,1.0,1.0,1.0,curvature
260.76575446128845,0.9260410666465759,1.0,1.0,1.0,curvature
260.80647110939026,0.934422492980957,1.0,1.0,1.0,curvature
260.84649085998535,0.9383578896522522,1.0,1.0,1.0,curvature
260.8886206150055,0.9416563510894775,1.0,1.0,1.0,curvature
260.92891669273376,0.9489222168922424,1.0,1.0,1.0,curvature
260.96918416023254,0.9525998830795288,1.0,1.0,1.0,curvature
261.00985741615295,0.9552856087684631,1.0,1.0,1.0,curvature
261.0491511821747,0.9586210250854492,1.0,1.0,1.0,curvature
261.0910596847534,0.9618871808052063,1.0,1.0,1.0,curvature
261.1310181617737,0.9672112464904785,1.0,1.0,1.0,curvature
261.170471906662,0.9703544974327087,1.0,1.0,1.0,curvature
261.21368288993835,0.9734066724777222,1.0,1.0,1.0,curvature
261.254487991333,0.9617186188697815,1.0,1.0,1.0,curvature
261.2939033508301,0.5931252837181091,0.38686275482177734,1.0,1.0,preview
261.3341438770294,0.5575112104415894,0.38686275482177734,1.0,0.9956054091453552,preview
261.373859167099,0.5507546663284302,0.38686275482177734,1.0,0.9967785477638245,preview
261.4151222705841,0.5518374443054199,0.38686275482177734,1.0,0.9982631206512451,preview
261.4574272632599,0.5512935519218445,0.38686275482177734,1.0,1.0,preview
261.4967486858368,0.5661950707435608,0.38686275482177734,1.0,1.0,preview
261.53800225257874,0.6370759606361389,0.38686275482177734,1.0,1.0,preview
261.5777304172516,0.7076036334037781,0.38686275482177734,1.0,1.0,preview
261.6181552410126,0.7490003705024719,0.38686275482177734,1.0,1.0,preview
261.657799243927,0.7531573176383972,0.38686275482177734,1.0,1.0,preview
261.69870615005493,0.8099504709243774,0.38686275482177734,1.0,1.0,preview
261.73900604248047,0.8174973130226135,0.38686275482177734,1.0,1.0,preview
261.78053545951843,0.9171603322029114,0.38686275482177734,1.0,1.0,preview
261.8203864097595,0.9353475570678711,0.38686275482177734,1.0,1.0,preview
261.8613998889923,0.9491869807243347,0.38686275482177734,1.0,1.0,preview
261.90203285217285,0.9387275576591492,0.38686275482177734,1.0,1.0,preview
261.940815448761,0.9559221267700195,0.38686275482177734,1.0,1.0,preview
261.98323035240173,0.9787628054618835,0.38686275482177734,1.0,1.0,preview
262.0233829021454,0.9973406195640564,0.38686275482177734,1.0,1.0,preview
262.06423330307007,0.996766209602356,0.38686275482177734,1.0,1.0,preview
262.1060426235199,0.9040629267692566,0.38686275482177734,1.0,1.0,preview
262.14442920684814,0.9054540991783142,0.38686275482177734,1.0,1.0,preview
262.18635606765747,0.8304312229156494,0.38686275482177734,1.0,1.0,preview
262.2255609035492,0.8365581035614014,0.38686275482177734,1.0,1.0,preview
262.2664358615875,0.8904950618743896,0.38686275482177734,1.0,1.0,preview
262.30657029151917,0.9484815001487732,0.38686275482177734,1.0,1.0,preview
262.34740710258484,0.931817889213562,0.38686275482177734,1.0,1.0,preview
262.3881163597107,0.9363909959793091,0.38686275482177734,1.0,1.0,preview
262.42833375930786,0.8652307987213135,0.38686275482177734,1.0,1.0,preview
262.4676265716553,0.870146632194519,0.38686275482177734,1.0,1.0,preview
262.5098497867584,0.8802202939987183,0.38686275482177734,1.0,1.0,preview
262.5503535270691,0.8335002660751343,0.38686275482177734,1.0,1.0,preview
262.5903744697571,0.8418810367584229,0.38686275482177734,1.0,1.0,preview
262.6300766468048,0.7960825562477112,0.38686275482177734,1.0,1.0,preview
262.67184495925903,0.8590593934059143,0.38686275482177734,1.0,1.0,preview
262.7143406867981,0.935211181640625,0.38686275482177734,1.0,1.0,preview
262.7540376186371,0.974484384059906,0.38686275482177734,1.0,1.0,preview
262.7958083152771,0.9682085514068604,0.38686275482177734,1.0,1.0,preview
262.83562660217285,0.9665558934211731,0.38686275482177734,1.0,1.0,preview
262.8750615119934,0.9641447067260742,0.38686275482177734,1.0,1.0,preview
262.9164834022522,0.9673004746437073,0.38686275482177734,1.0,1.0,preview
262.9567050933838,0.9131909012794495,0.38686275482177734,1.0,1.0,preview
262.9963629245758,0.9158742427825928,0.38686275482177734,1.0,1.0,preview
263.0371448993683,0.8678132891654968,0.38686275482177734,1.0,1.0,preview
263.0790135860443,0.874342679977417,0.38686275482177734,1.0,1.0,preview
263.11962628364563,0.8825783729553223,0.38686275482177734,1.0,1.0,preview
263.1593728065491,0.8534993529319763,0.38686275482177734,1.0,1.0,preview
263.1993737220764,0.8631777167320251,0.38686275482177734,1.0,1.0,preview
263.2416875362396,0.8317838907241821,0.38686275482177734,1.0,1.0,preview
263.2814271450043,0.8423751592636108,0.38686275482177734,1.0,1.0,preview
263.3221070766449,0.8537405133247375,0.38686275482177734,1.0,1.0,preview
263.36195135116577,0.9054234027862549,0.38686275482177734,1.0,1.0,preview
263.40278029441833,0.9909710884094238,0.38686275482177734,1.0,1.0,preview
263.4419319629669,0.9244396686553955,0.38686275482177734,1.0,1.0,preview
263.48320627212524,0.923803448677063,0.38686275482177734,1.0,1.0,preview
263.5266263484955,0.965226948261261,0.38686275482177734,1.0,1.0,preview
263.56461668014526,0.9753406047821045,0.38686275482177734,1.0,1.0,preview
263.6049678325653,0.8750954270362854,0.38686275482177734,1.0,1.0,preview
263.6447687149048,0.8789865374565125,0.38686275482177734,1.0,1.0,preview
263.68487548828125,0.8888389468193054,0.38686275482177734,1.0,1.0,preview
263.7274558544159,0.8126867413520813,0.38686275482177734,1.0,1.0,preview
263.7686960697174,0.8294149041175842,0.38686275482177734,1.0,1.0,preview
263.80893898010254,0.7698471546173096,0.38686275482177734,1.0,1.0,preview
263.8495810031891,0.7806707620620728,0.38686275482177734,1.0,1.0,preview
263.89042234420776,0.7970525622367859,0.38686275482177734,1.0,1.0,preview
263.9312846660614,0.7494128942489624,0.38686275482177734,1.0,1.0,preview
263.9706823825836,0.7780107855796814,0.38686275482177734,1.0,1.0,preview
264.01245307922363,0.7402056455612183,0.38686275482177734,1.0,1.0,preview
264.0541763305664,0.7545247077941895,0.38686275482177734,1.0,1.0,preview
264.0923957824707,0.7052084803581238,0.38686275482177734,1.0,1.0,preview
264.1356871128082,0.6627622246742249,0.38686275482177734,1.0,1.0,preview
264.17355465888977,0.6099840402603149,0.38686275482177734,1.0,1.0,preview
264.2151951789856,0.6260769963264465,0.38686275482177734,1.0,1.0,preview
264.25411891937256,0.6191297173500061,0.38686275482177734,1.0,1.0,preview
264.29448533058167,0.6407610177993774,0.38686275482177734,1.0,1.0,preview
264.338627576828,0.663286030292511,0.38686275482177734,1.0,1.0,preview
264.37717723846436,0.6854461431503296,0.38686275482177734,1.0,1.0,preview
264.42002415657043,0.707010805606842,0.38686275482177734,1.0,1.0,preview
264.4583020210266,0.9040385484695435,1.0,1.0,1.0,curvature
264.49867486953735,0.9156023859977722,1.0,1.0,1.0,curvature
264.53983521461487,0.9244165420532227,1.0,1.0,1.0,curvature
264.5786015987396,0.9317916631698608,1.0,1.0,1.0,curvature
264.620893239975,0.9352647066116333,1.0,1.0,1.0,curvature
264.6617031097412,0.938567578792572,1.0,1.0,1.0,curvature
264.7009904384613,0.9416900873184204,1.0,1.0,1.0,curvature
264.7431609630585,0.9461702704429626,1.0,1.0,1.0,curvature
264.7827548980713,0.9606897830963135,1.0,1.0,1.0,curvature
264.8235912322998,0.9734088182449341,1.0,1.0,1.0,curvature
264.863329410553,0.9859545826911926,1.0,1.0,1.0,curvature
264.9040906429291,0.9875673651695251,1.0,1.0,1.0,curvature
264.94512605667114,0.9888677597045898,1.0,1.0,1.0,curvature
264.9855592250824,0.9900780916213989,1.0,1.0,1.0,curvature
265.0270051956177,0.9907841086387634,1.0,1.0,1.0,curvature
265.06634163856506,0.9914391040802002,1.0,1.0,1.0,curvature
265.10818004608154,0.9920622110366821,1.0,1.0,1.0,curvature
265.1482849121094,0.9926798939704895,1.0,1.0,1.0,curvature
265.18802881240845,0.9936517477035522,1.0,1.0,1.0,curvature
265.2294228076935,0.9940279126167297,1.0,1.0,1.0,curvature
265.26932430267334,0.9943243265151978,1.0,1.0,1.0,curvature
265.3101170063019,0.9946228861808777,1.0,1.0,1.0,curvature
265.3516926765442,0.9949359893798828,1.0,1.0,1.0,curvature
265.39179825782776,0.9998500347137451,1.0,1.0,1.0,curvature
265.4318871498108,0.9957262873649597,1.0,1.0,1.0,curvature
265.47237753868103,0.9912967681884766,1.0,1.0,1.0,curvature
265.51375102996826,0.9913384914398193,1.0,1.0,1.0,curvature
265.5529224872589,0.9914999604225159,1.0,1.0,1.0,curvature
265.59342908859253,0.9921464323997498,1.0,1.0,1.0,curvature
265.6336507797241,0.9923593401908875,1.0,1.0,1.0,curvature
265.6746428012848,0.9925763607025146,1.0,1.0,1.0,curvature
265.7159032821655,0.9929788708686829,1.0,1.0,1.0,curvature
265.7558481693268,0.9932067394256592,1.0,1.0,1.0,curvature
265.796550989151,0.9937101602554321,1.0,1.0,1.0,curvature
265.8383479118347,0.9940704703330994,1.0,1.0,1.0,curvature
265.87820768356323,0.9943055510520935,1.0,1.0,1.0,curvature
265.9186542034149,0.9945362210273743,1.0,1.0,1.0,curvature
265.95809531211853,0.9947687387466431,1.0,1.0,1.0,curvature
265.9985179901123,0.9912276864051819,1.0,1.0,1.0,curvature
266.0399615764618,0.9874279499053955,1.0,1.0,1.0,curvature
266.08178329467773,0.9839152693748474,1.0,1.0,1.0,curvature
266.1219012737274,0.9843642115592957,1.0,1.0,1.0,curvature
266.1625154018402,0.9850131869316101,1.0,1.0,1.0,curvature
266.2025661468506,0.9864643216133118,1.0,1.0,1.0,curvature
266.24216175079346,0.9871496558189392,1.0,1.0,1.0,curvature
266.2837555408478,0.9878290295600891,1.0,1.0,1.0,curvature
266.3242554664612,0.9885126352310181,1.0,1.0,1.0,curvature
266.3646628856659,0.9891405701637268,1.0,1.0,1.0,curvature
266.40786385536194,0.9799503684043884,1.0,1.0,1.0,curvature
266.4466459751129,0.9707124829292297,1.0,1.0,1.0,curvature
266.48663115501404,0.9617828726768494,1.0,1.0,1.0,curvature
266.52683186531067,0.9630597233772278,1.0,1.0,1.0,curvature
266.568950176239,0.9646959900856018,1.0,1.0,1.0,curvature
266.609254360199,0.9683889150619507,1.0,1.0,1.0,curvature
266.64876198768616,0.9701527953147888,1.0,1.0,1.0,curvature
266.68931221961975,0.971934974193573,1.0,1.0,1.0,curvature
266.7295904159546,0.9738024473190308,1.0,1.0,1.0,curvature
266.7704048156738,0.9752668142318726,1.0,1.0,1.0,curvature
266.8114161491394,0.9439704418182373,0.7131547331809998,1.0,1.0,preview
266.851744890213,0.9458372592926025,0.7131547331809998,1.0,1.0,preview
266.89223551750183,0.909544825553894,0.580355703830719,1.0,1.0,preview
266.9333779811859,0.9089438915252686,0.580355703830719,1.0,1.0,preview
266.9745967388153,0.9125506281852722,0.580355703830719,1.0,1.0,preview
267.01560854911804,0.771318793296814,0.34091728925704956,1.0,1.0,preview
267.054794549942,0.7950266599655151,0.34091728925704956,1.0,1.0,preview
267.0956697463989,0.8162052035331726,0.34091728925704956,1.0,1.0,preview
267.13662338256836,0.8539833426475525,0.34091728925704956,1.0,1.0,preview
267.1759970188141,0.8712198734283447,0.34091728925704956,1.0,1.0,preview
267.2169589996338,0.8726714849472046,0.34091728925704956,1.0,1.0,preview
267.25742173194885,0.8575665950775146,0.34091728925704956,1.0,1.0,preview
267.2974052429199,0.8187701106071472,0.34091728925704956,1.0,1.0,preview
267.33909487724304,0.8544684648513794,0.34091728925704956,1.0,1.0,preview
267.379487991333,0.8681422472000122,0.34091728925704956,1.0,1.0,preview
267.4196140766144,0.9269377589225769,0.34091728925704956,1.0,1.0,preview
267.46041107177734,0.9383038282394409,0.34091728925704956,1.0,1.0,preview
267.5005052089691,0.9445946216583252,0.34091728925704956,1.0,1.0,preview
267.54113721847534,0.9920814633369446,0.34091728925704956,1.0,1.0,preview
267.5816774368286,0.9975832104682922,0.34091728925704956,1.0,1.0,preview
267.62297081947327,0.9120892286300659,0.34091728925704956,1.0,1.0,preview
267.664359331131,0.839837908744812,0.34091728925704956,1.0,1.0,preview
267.7046203613281,0.7811955213546753,0.34091728925704956,1.0,1.0,preview
267.7441055774689,0.8187337517738342,0.34091728925704956,1.0,1.0,preview
267.78632521629333,0.8335209488868713,0.34091728925704956,1.0,1.0,preview
267.8256528377533,0.8960129618644714,0.34091728925704956,1.0,1.0,preview
267.86647772789,0.9089168310165405,0.34091728925704956,1.0,1.0,preview
267.90547013282776,0.9166178703308105,0.34091728925704956,1.0,1.0,preview
267.9479875564575,0.9233585596084595,0.34091728925704956,1.0,1.0,preview
267.9881715774536,0.9804068803787231,0.34091728925704956,1.0,1.0,preview
268.0277497768402,0.9561067223548889,0.34091728925704956,1.0,1.0,preview
268.06783652305603,0.9755672812461853,0.34091728925704956,1.0,1.0,preview
268.10780334472656,0.9441160559654236,0.34091728925704956,1.0,1.0,preview
268.15081119537354,0.9465200901031494,0.34091728925704956,1.0,1.0,preview
268.19015669822693,0.9990495443344116,0.34091728925704956,1.0,1.0,preview
268.2304539680481,0.9933915138244629,0.34091728925704956,1.0,1.0,preview
268.2700905799866,0.9423488974571228,0.34091728925704956,1.0,1.0,preview
268.3113522529602,0.9425745010375977,0.34091728925704956,1.0,1.0,preview
268.3533010482788,0.944961428642273,0.34091728925704956,1.0,1.0,preview
268.3933734893799,0.9486168622970581,0.34091728925704956,1.0,1.0,preview
268.43420934677124,0.9100351929664612,0.34091728925704956,1.0,1.0,preview
268.47558879852295,0.9150046110153198,0.34091728925704956,1.0,1.0,preview
268.514963388443,0.8796462416648865,0.34091728925704956,1.0,1.0,preview
268.55556869506836,0.8857448101043701,0.34091728925704956,1.0,1.0,preview
268.5959355831146,0.8929558992385864,0.34091728925704956,1.0,1.0,preview
268.635950088501,0.8538954854011536,0.34091728925704956,1.0,1.0,preview
268.67754888534546,0.8451991081237793,0.34091728925704956,1.0,1.0,preview
268.7181718349457,0.8140160441398621,0.34091728925704956,1.0,1.0,preview
268.7589249610901,0.8241544961929321,0.34091728925704956,1.0,1.0,preview
268.7990689277649,0.834456741809845,0.34091728925704956,1.0,1.0,preview
268.8391742706299,0.8913745284080505,0.34091728925704956,1.0,1.0,preview
268.88095211982727,0.9028415679931641,0.34091728925704956,1.0,1.0,preview
268.9217178821564,0.9107458591461182,0.34091728925704956,1.0,1.0,preview
268.96140336990356,0.9176723957061768,0.34091728925704956,1.0,1.0,preview
269.001784324646,0.9698516130447388,0.34091728925704956,1.0,1.0,preview
269.0430281162262,0.9840795397758484,0.34091728925704956,1.0,1.0,preview
269.0839548110962,0.9868350625038147,0.34091728925704956,1.0,1.0,preview
269.1228244304657,0.9592205286026001,0.34091728925704956,1.0,1.0,preview
269.16377353668213,0.9590298533439636,0.34091728925704956,1.0,1.0,preview
269.20570635795593,0.9613919854164124,0.34091728925704956,1.0,1.0,preview
269.245733499527,0.9667733311653137,0.34091728925704956,1.0,1.0,preview
269.28781151771545,0.9223984479904175,0.34091728925704956,1.0,1.0,preview
269.3267967700958,0.9245985150337219,0.34091728925704956,1.0,1.0,preview
269.36786127090454,0.9305545091629028,0.34091728925704956,1.0,1.0,preview
269.40808749198914,0.9357085824012756,0.34091728925704956,1.0,1.0,preview
269.44823694229126,0.7335022687911987,0.34091728925704956,1.0,0.9255064725875854,preview
269.4876911640167,0.7640309929847717,0.34091728925704956,1.0,0.9302652478218079,preview
269.52982926368713,0.6292279958724976,0.34091728925704956,1.0,0.935038149356842,preview
269.57051944732666,0.6393828392028809,0.34091728925704956,1.0,0.942232608795166,preview
269.611855506897,0.6563205122947693,0.34091728925704956,1.0,0.9492497444152832,preview
269.65122985839844,0.56122225522995,0.34091728925704956,1.0,0.9635579586029053,preview
269.69094371795654,0.5738425254821777,0.34091728925704956,1.0,0.9706169962882996,preview
269.7329137325287,0.5908262729644775,0.34091728925704956,1.0,0.9776611924171448,preview
269.774537563324,0.5263158082962036,0.34091728925704956,1.0,0.9848878979682922,preview
269.81448340415955,0.5263158082962036,0.34091728925704956,1.0,0.9918608069419861,preview
269.8544535636902,0.5653260946273804,0.34091728925704956,1.0,1.0,preview
269.8952488899231,0.5263158082962036,0.34091728925704956,1.0,1.0,preview
269.9358491897583,0.5263158082962036,0.34091728925704956,1.0,1.0,preview
269.975394487381,0.5360651016235352,0.34091728925704956,1.0,1.0,preview
270.0187268257141,0.5560626983642578,0.34091728925704956,1.0,1.0,preview
270.0566987991333,0.5263158082962036,0.34091728925704956,1.0,1.0,preview
270.0998463630676,0.5417808294296265,0.34091728925704956,1.0,1.0,preview
270.13844442367554,0.5628129243850708,0.34091728925704956,1.0,1.0,preview
270.1795427799225,0.5848445892333984,0.34091728925704956,1.0,1.0,preview
270.2198791503906,0.5397095680236816,0.34091728925704956,1.0,1.0,preview
270.2585940361023,0.7442814707756042,1.0,1.0,1.0,curvature
270.29941034317017,0.7559903860092163,1.0,1.0,1.0,curvature
270.3390383720398,0.7651883363723755,1.0,1.0,1.0,curvature
270.38162422180176,0.7685462236404419,1.0,1.0,1.0,curvature
270.4207077026367,0.7815256714820862,1.0,1.0,1.0,curvature
270.4612452983856,0.7919830083847046,1.0,1.0,1.0,curvature
270.50221514701843,0.7963210344314575,1.0,1.0,1.0,curvature
270.54276275634766,0.8009204864501953,1.0,1.0,1.0,curvature
270.58449506759644,0.8060436248779297,1.0,1.0,1.0,curvature
270.6246554851532,0.8177976608276367,1.0,1.0,1.0,curvature
270.66644287109375,0.8233864307403564,1.0,1.0,1.0,curvature
270.70767760276794,0.8344990611076355,1.0,1.0,1.0,curvature
270.746817111969,0.839887797832489,1.0,1.0,1.0,curvature
270.78726029396057,0.8454048037528992,1.0,1.0,1.0,curvature
270.8282468318939,0.8509202003479004,1.0,1.0,1.0,curvature
270.8676950931549,0.8682064414024353,1.0,1.0,1.0,curvature
270.9088580608368,0.8833971619606018,1.0,1.0,1.0,curvature
270.94841861724854,0.8980187177658081,1.0,1.0,1.0,curvature
270.9890594482422,0.9028915762901306,1.0,1.0,1.0,curvature
271.03064584732056,0.907268762588501,1.0,1.0,1.0,curvature
271.07286620140076,0.9136156439781189,1.0,1.0,1.0,curvature
271.1119840145111,0.9181159734725952,1.0,1.0,1.0,curvature
271.1526246070862,0.9200322031974792,1.0,1.0,1.0,curvature
271.1936662197113,0.9219716787338257,1.0,1.0,1.0,curvature
271.2343349456787,0.9258499145507812,1.0,1.0,1.0,curvature
271.2749831676483,0.9272446632385254,1.0,1.0,1.0,curvature
271.3153519630432,0.9267656803131104,1.0,1.0,1.0,curvature
271.35605001449585,0.9250427484512329,1.0,1.0,1.0,curvature
271.39508080482483,0.9286848902702332,1.0,1.0,1.0,curvature
271.43637347221375,0.9312368035316467,1.0,1.0,1.0,curvature
271.4765830039978,0.9365332722663879,1.0,1.0,1.0,curvature
271.5183775424957,0.9399450421333313,1.0,1.0,1.0,curvature
271.55659914016724,0.9425710439682007,1.0,1.0,1.0,curvature
271.5999138355255,0.9451813101768494,1.0,1.0,1.0,curvature
271.6451964378357,0.9477646946907043,1.0,1.0,1.0,curvature
271.68232703208923,0.9531115293502808,1.0,1.0,1.0,curvature
271.72160482406616,0.9555185437202454,1.0,1.0,1.0,curvature
271.7624545097351,0.9579333066940308,1.0,1.0,1.0,curvature
271.8026375770569,0.9603355526924133,1.0,1.0,1.0,curvature
271.844361782074,0.9626886248588562,1.0,1.0,1.0,curvature
271.8837025165558,0.9338659048080444,0.7131547331809998,1.0,1.0,preview
271.9249837398529,0.9111858606338501,0.580355703830719,1.0,1.0,preview
271.9653785228729,0.9369975328445435,0.580355703830719,1.0,1.0,preview
272.0058059692383,0.9460024833679199,0.580355703830719,1.0,1.0,preview
272.04780983924866,0.9505118727684021,0.580355703830719,1.0,1.0,preview
272.0883240699768,0.8333988189697266,0.3440895676612854,1.0,1.0,preview
272.128178358078,0.8573998212814331,0.3440895676612854,1.0,1.0,preview
272.16876554489136,0.8744035363197327,0.3440895676612854,1.0,1.0,preview
272.20944833755493,0.9097254276275635,0.3440895676612854,1.0,1.0,preview
272.2499418258667,0.9494468569755554,0.3440895676612854,1.0,1.0,preview
272.2902932167053,0.9070773720741272,0.3440895676612854,1.0,1.0,preview
272.3310465812683,0.8327329754829407,0.3440895676612854,1.0,1.0,preview
272.37133407592773,0.754404604434967,0.3440895676612854,1.0,1.0,preview
272.4108159542084,0.7650039196014404,0.3440895676612854,1.0,1.0,preview
272.454354763031,0.7584546208381653,0.3440895676612854,1.0,1.0,preview
272.4954426288605,0.7876830101013184,0.3440895676612854,1.0,1.0,preview
272.5337326526642,0.7863133549690247,0.3440895676612854,1.0,1.0,preview
272.5741934776306,0.8001052737236023,0.3440895676612854,1.0,1.0,preview
272.61456084251404,0.7931782007217407,0.3440895676612854,1.0,1.0,preview
272.65506291389465,0.7744853496551514,0.3440895676612854,1.0,1.0,preview
272.6949899196625,0.7808945775032043,0.3440895676612854,1.0,1.0,preview
272.73624563217163,0.7880619168281555,0.3440895676612854,1.0,1.0,preview
272.7785518169403,0.8026124238967896,0.3440895676612854,1.0,1.0,preview
272.81879472732544,0.8169211745262146,0.3440895676612854,1.0,1.0,preview
272.8593521118164,0.8297542333602905,0.3440895676612854,1.0,1.0,preview
272.90002846717834,0.8550109267234802,0.3440895676612854,1.0,1.0,preview
272.9408040046692,0.8668223023414612,0.3440895676612854,1.0,1.0,preview
272.9816949367523,0.8818405270576477,0.3440895676612854,1.0,1.0,preview
273.02162289619446,0.8732550144195557,0.3440895676612854,1.0,1.0,preview
273.06170630455017,0.864030659198761,0.3440895676612854,1.0,1.0,preview
273.1025309562683,0.864729106426239,0.3440895676612854,1.0,1.0,preview
273.1434237957001,0.8824986815452576,0.3440895676612854,1.0,1.0,preview
273.1850383281708,0.8926506638526917,0.3440895676612854,1.0,1.0,preview
273.2239181995392,0.9017121195793152,0.3440895676612854,1.0,1.0,preview
273.2651023864746,0.9226391315460205,0.3440895676612854,1.0,1.0,preview
273.30601692199707,0.9373483657836914,0.3440895676612854,1.0,1.0,preview
273.3466901779175,0.9433556199073792,0.3440895676612854,1.0,1.0,preview
273.3859615325928,0.9663399457931519,0.3440895676612854,1.0,1.0,preview
273.42688965797424,0.9713364243507385,0.3440895676612854,1.0,1.0,preview
273.4679522514343,0.9750019907951355,0.3440895676612854,1.0,1.0,preview
273.507937669754,0.985741138458252,0.3440895676612854,1.0,1.0,preview
273.54963874816895,0.97390216588974,0.3440895676612854,1.0,1.0,preview
273.5896954536438,0.9624909162521362,0.3440895676612854,1.0,1.0,preview
273.6303403377533,0.9642203450202942,0.3440895676612854,1.0,1.0,preview
273.6713218688965,0.9667198657989502,0.3440895676612854,1.0,1.0,preview
273.7096140384674,0.988124668598175,0.3440895676612854,1.0,1.0,preview
273.75118494033813,0.989733874797821,0.3440895676612854,1.0,1.0,preview
273.7919147014618,0.9921770691871643,0.3440895676612854,1.0,1.0,preview
273.83356404304504,0.9912881255149841,0.3440895676612854,1.0,1.0,preview
273.87352561950684,0.9908180832862854,0.3440895676612854,1.0,1.0,preview
273.9138171672821,0.9019318222999573,0.3440895676612854,1.0,1.0,preview
273.9538016319275,0.9043989777565002,0.3440895676612854,1.0,1.0,preview
273.9946849346161,0.9109116792678833,0.3440895676612854,1.0,1.0,preview
274.0341956615448,0.9176155924797058,0.3440895676612854,1.0,1.0,preview
274.075808763504,0.8478642106056213,0.3440895676612854,1.0,1.0,preview
274.11570501327515,0.8600832223892212,0.3440895676612854,1.0,1.0,preview
274.15573239326477,0.8695791959762573,0.3440895676612854,1.0,1.0,preview
274.1970405578613,0.8141414523124695,0.3440895676612854,1.0,1.0,preview
274.23789286613464,0.8238641023635864,0.3440895676612854,1.0,1.0,preview
274.2787001132965,0.8360818028450012,0.3440895676612854,1.0,1.0,preview
274.31795859336853,0.8249818682670593,0.3440895676612854,1.0,1.0,preview
274.358029127121,0.7535125613212585,0.3440895676612854,1.0,1.0,preview
274.4007639884949,0.7351841330528259,0.3440895676612854,1.0,1.0,preview
274.44170904159546,0.7511202096939087,0.3440895676612854,1.0,1.0,preview
274.48217701911926,0.7671105265617371,0.3440895676612854,1.0,1.0,preview
274.5222005844116,0.607316255569458,0.3440895676612854,1.0,0.8589539527893066,preview
274.5628764629364,0.5263158082962036,0.3440895676612854,1.0,0.8672649264335632,preview
274.6028575897217,0.5263158082962036,0.3440895676612854,1.0,0.8757198452949524,preview
274.6442804336548,0.5263158082962036,0.3440895676612854,1.0,0.8845769166946411,preview
274.6843523979187,0.5263158082962036,0.3440895676612854,1.0,0.8933091163635254,preview
274.7250189781189,0.5263158082962036,0.3440895676612854,1.0,0.9114317893981934,preview
274.76467061042786,0.5263158082962036,0.3440895676612854,1.0,0.9205434918403625,preview
274.80483889579773,0.5263158082962036,0.3440895676612854,1.0,0.92977374792099,preview
274.84746074676514,0.5263158082962036,0.3440895676612854,1.0,0.9394049644470215,preview
274.88605308532715,0.5263158082962036,0.3440895676612854,1.0,0.9488646984100342,preview
274.9279441833496,0.5263158082962036,0.3440895676612854,1.0,0.9683958292007446,preview
274.96811962127686,0.5263158082962036,0.3440895676612854,1.0,0.9781642556190491,preview
275.0090148448944,0.5263158082962036,0.3440895676612854,1.0,0.9880239963531494,preview
275.0495617389679,0.5263158082962036,0.3440895676612854,1.0,0.9982737302780151,preview
275.0907049179077,0.5263158082962036,0.3440895676612854,1.0,1.0,preview
275.1305720806122,0.5263158082962036,0.3440895676612854,1.0,1.0,preview
275.1692705154419,0.5263158082962036,0.3440895676612854,1.0,1.0,preview
275.21181201934814,0.5263158082962036,0.3440895676612854,1.0,1.0,preview
275.2523989677429,0.5263158082962036,0.3440895676612854,1.0,1.0,preview
275.29353380203247,0.5263158082962036,0.3440895676612854,1.0,1.0,preview
275.334979057312,0.5263158082962036,0.3440895676612854,1.0,1.0,preview
275.37404227256775,0.5485673546791077,1.0,1.0,1.0,curvature
275.4166932106018,0.5518996715545654,1.0,1.0,1.0,curvature
275.45478081703186,0.5674352645874023,1.0,1.0,1.0,curvature
275.4966802597046,0.571213960647583,1.0,1.0,1.0,curvature
275.53630471229553,0.5821869969367981,1.0,1.0,1.0,curvature
275.577335357666,0.5876291394233704,1.0,1.0,1.0,curvature
275.6176743507385,0.6035742163658142,1.0,1.0,1.0,curvature
275.658545255661,0.610064685344696,1.0,1.0,1.0,curvature
275.69993591308594,0.6167667508125305,1.0,1.0,1.0,curvature
275.7391502857208,0.637514591217041,1.0,1.0,1.0,curvature
275.7797780036926,0.6417531967163086,1.0,1.0,1.0,curvature
275.82239174842834,0.6433682441711426,1.0,1.0,1.0,curvature
275.8614366054535,0.6522960662841797,1.0,1.0,1.0,curvature
275.9023582935333,0.6557523012161255,1.0,1.0,1.0,curvature
275.9415063858032,0.6742939949035645,1.0,1.0,0.9885400533676147,curvature
275.98223996162415,0.6812728643417358,1.0,1.0,0.9803047776222229,curvature
276.02250027656555,0.6854526996612549,1.0,1.0,0.9724441170692444,curvature
276.0618488788605,0.6952954530715942,1.0,1.0,0.9668347239494324,curvature
276.10431575775146,0.7007743120193481,1.0,1.0,0.9617224931716919,curvature
276.1450250148773,0.7149828672409058,1.0,1.0,0.9505504965782166,curvature
276.18567728996277,0.7274719476699829,1.0,1.0,0.9447830319404602,curvature
276.22552943229675,0.7346519231796265,1.0,1.0,0.9394487142562866,curvature
276.2661826610565,0.7410140633583069,1.0,1.0,0.9343758225440979,curvature
276.3064649105072,0.751156210899353,1.0,1.0,0.9298477172851562,curvature
276.34661841392517,0.7628718614578247,1.0,1.0,0.9210992455482483,curvature
276.3885283470154,0.7662513852119446,1.0,1.0,0.9170587658882141,curvature
276.4289586544037,0.7707656621932983,1.0,1.0,0.9129785895347595,curvature
276.46876764297485,0.7774677276611328,1.0,1.0,0.9097973704338074,curvature
276.5100336074829,0.7847699522972107,1.0,1.0,0.9070630669593811,curvature
276.55187797546387,0.8010126352310181,1.0,1.0,0.9025253057479858,curvature
276.5896234512329,0.8107214570045471,1.0,1.0,0.9007806777954102,curvature
276.63212633132935,0.8193318843841553,1.0,1.0,0.8993531465530396,curvature
276.67051815986633,0.8295232057571411,1.0,1.0,0.8961793184280396,curvature
276.71174597740173,0.838956892490387,1.0,1.0,0.8935976624488831,curvature
276.75391459465027,0.8560293912887573,1.0,1.0,0.8914443850517273,curvature
276.79433846473694,0.8649411201477051,1.0,1.0,0.8916642069816589,curvature
276.8338475227356,0.8730939626693726,1.0,1.0,0.8921307325363159,curvature
276.87764716148376,0.8812755346298218,1.0,1.0,0.8928574919700623,curvature
276.91726756095886,0.8893495798110962,1.0,1.0,0.893804132938385,curvature
276.956871509552,0.9055249094963074,1.0,1.0,0.8965212106704712,lateral_error
276.99557065963745,0.9156087636947632,1.0,1.0,0.8984505534172058,lateral_error
277.03730034828186,0.9254791736602783,1.0,1.0,0.9007989764213562,lateral_error
277.0786337852478,0.9326512217521667,1.0,1.0,0.9031594395637512,lateral_error
277.11875462532043,0.9393865466117859,1.0,1.0,0.9056439995765686,lateral_error
277.15846824645996,0.949440598487854,1.0,1.0,0.9112089276313782,lateral_error
277.1994729042053,0.9554687142372131,1.0,1.0,0.9141826033592224,lateral_error
277.23971724510193,0.9613687992095947,1.0,1.0,0.917292058467865,lateral_error
277.2814795970917,0.9637556076049805,1.0,1.0,0.9206217527389526,lateral_error
277.3222291469574,0.9695308804512024,1.0,1.0,0.9239751696586609,lateral_error
277.3636305332184,0.9732769131660461,1.0,1.0,0.9243583083152771,lateral_error
277.4035918712616,0.9713655710220337,1.0,1.0,0.9213835000991821,lateral_error
277.44447207450867,0.9693184494972229,1.0,1.0,0.9184109568595886,lateral_error
277.48456954956055,0.9745840430259705,1.0,1.0,0.9220638275146484,lateral_error
277.52395153045654,0.5303007960319519,0.40442904829978943,1.0,0.9256913065910339,preview
277.56398129463196,0.5293089747428894,0.40442904829978943,1.0,0.9333240389823914,preview
277.60460090637207,0.5263158082962036,0.40442904829978943,1.0,0.9372897744178772,preview
277.64618372917175,0.5263158082962036,0.40442904829978943,1.0,0.9414734840393066,preview
277.6864318847656,0.5263158082962036,0.40442904829978943,1.0,0.9461801648139954,preview
277.72595620155334,0.546501874923706,0.40442904829978943,1.0,0.9512066841125488,preview
277.76831126213074,0.6054950952529907,0.40442904829978943,1.0,0.9597826600074768,preview
277.81007051467896,0.6115859150886536,0.40442904829978943,1.0,0.963333249092102,preview
277.84881067276,0.6774871349334717,0.40442904829978943,1.0,0.9673415422439575,preview
277.8891324996948,0.7899418473243713,0.40442904829978943,1.0,0.9749836325645447,preview
277.9295275211334,0.8232991099357605,0.40442904829978943,1.0,0.9823904633522034,preview
277.9709496498108,0.9992207288742065,0.40442904829978943,1.0,0.9969701766967773,preview
278.0114052295685,0.8440946936607361,0.40442904829978943,1.0,1.0,preview
278.05172395706177,0.8396944999694824,0.40442904829978943,1.0,1.0,preview
278.0931513309479,0.8488970994949341,0.40442904829978943,1.0,1.0,preview
278.13235783576965,0.7572587132453918,0.40442904829978943,1.0,1.0,preview
278.17278575897217,0.6866834759712219,0.40442904829978943,1.0,1.0,preview
278.2136483192444,0.6966542601585388,0.40442904829978943,1.0,1.0,preview
278.25590205192566,0.7130836248397827,0.40442904829978943,1.0,1.0,preview
278.29687762260437,0.7340580821037292,0.40442904829978943,1.0,1.0,preview
278.336772441864,0.6812031865119934,0.40442904829978943,1.0,1.0,preview
278.3765344619751,0.7179962992668152,0.40442904829978943,1.0,1.0,preview
278.4155607223511,0.6764290928840637,0.40442904829978943,1.0,1.0,preview
278.45730233192444,0.6946689486503601,0.40442904829978943,1.0,1.0,preview
278.4980962276459,0.8019181489944458,0.40442904829978943,1.0,1.0,preview
278.5386459827423,0.8554320335388184,0.40442904829978943,1.0,1.0,preview
278.5789475440979,0.981315553188324,0.40442904829978943,1.0,1.0,preview
278.6198134422302,0.9385735988616943,0.40442904829978943,1.0,1.0,preview
278.6591947078705,0.9392837882041931,0.40442904829978943,1.0,1.0,preview
278.7007830142975,0.8683292865753174,0.40442904829978943,1.0,1.0,preview
278.7411539554596,0.8741374015808105,0.40442904829978943,1.0,1.0,preview
278.78223752975464,0.8305948972702026,0.40442904829978943,1.0,1.0,preview
278.82246255874634,0.8427756428718567,0.40442904829978943,1.0,1.0,preview
278.86404299736023,0.8560274243354797,0.40442904829978943,1.0,1.0,preview
278.9036240577698,0.7999089360237122,0.40442904829978943,1.0,1.0,preview
278.94413113594055,0.797744631767273,0.40442904829978943,1.0,1.0,preview
278.98515367507935,0.7632560729980469,0.40442904829978943,1.0,1.0,preview
279.02569794654846,0.7782645225524902,0.40442904829978943,1.0,1.0,preview
279.068247795105,0.7949979305267334,0.40442904829978943,1.0,1.0,preview
279.1060791015625,0.769702672958374,0.40442904829978943,1.0,1.0,preview
279.1477208137512,0.7855049967765808,0.40442904829978943,1.0,1.0,preview
279.187682390213,0.7819756269454956,0.40442904829978943,1.0,1.0,preview
279.22778940200806,0.798367440700531,0.40442904829978943,1.0,1.0,preview
279.2677266597748,0.8145069479942322,0.40442904829978943,1.0,1.0,preview
279.3085660934448,0.7980110049247742,0.40442904829978943,1.0,1.0,preview
279.35078382492065,0.812419056892395,0.40442904829978943,1.0,1.0,preview
279.3923604488373,0.8013869524002075,0.40442904829978943,1.0,0.8718704581260681,preview
279.43178057670593,0.7896682024002075,0.40442904829978943,1.0,0.8807818293571472,preview
279.47123670578003,0.5864660143852234,0.40442904829978943,1.0,0.889896035194397,preview
279.5128598213196,0.5955030918121338,0.40442904829978943,1.0,0.8994739055633545,preview
279.55328488349915,0.5263158082962036,0.40442904829978943,1.0,0.9089370965957642,preview
279.59298968315125,0.5263158082962036,0.40442904829978943,1.0,0.9255651235580444,preview
279.63438534736633,0.5263158082962036,0.40442904829978943,1.0,0.9323698878288269,preview
279.67471504211426,0.5305913686752319,0.40442904829978943,1.0,0.9391319155693054,preview
279.71492052078247,0.5263158082962036,0.40442904829978943,1.0,0.9491327404975891,preview
279.7564146518707,0.5263158082962036,0.40442904829978943,1.0,0.9588590264320374,preview
279.7957487106323,0.5263158082962036,0.40442904829978943,1.0,0.9786092638969421,preview
279.8370552062988,0.5263158082962036,0.40442904829978943,1.0,0.9883038401603699,preview
279.8782136440277,0.5263158082962036,0.40442904829978943,1.0,0.9979571104049683,preview
279.91827726364136,0.5263158082962036,0.40442904829978943,1.0,1.0,preview
279.96029829978943,0.5263158082962036,0.40442904829978943,1.0,1.0,preview
280.00024127960205,0.5263158082962036,0.40442904829978943,1.0,1.0,preview
280.0394718647003,0.5263158082962036,0.40442904829978943,1.0,1.0,preview
280.0814197063446,0.5263158082962036,0.40442904829978943,1.0,1.0,preview
280.1212923526764,0.5263158082962036,0.40442904829978943,1.0,1.0,preview
280.16228461265564,0.6494264602661133,1.0,1.0,1.0,curvature
280.2037515640259,0.6641144156455994,1.0,1.0,1.0,curvature
280.24350118637085,0.6682137250900269,1.0,1.0,1.0,curvature
280.28355288505554,0.6844738125801086,1.0,1.0,1.0,curvature
280.32271552085876,0.6956934332847595,1.0,1.0,1.0,curvature
280.36373257637024,0.7190825343132019,1.0,1.0,1.0,curvature
280.4065270423889,0.7399405241012573,1.0,1.0,1.0,curvature
280.4443895816803,0.7441996932029724,1.0,1.0,1.0,curvature
280.4859755039215,0.7488175630569458,1.0,1.0,1.0,curvature
280.5268487930298,0.7631402015686035,1.0,1.0,1.0,curvature
280.5676827430725,0.7683866620063782,1.0,1.0,1.0,curvature
280.60934233665466,0.7822991609573364,1.0,1.0,1.0,curvature
280.6488296985626,0.7883509993553162,1.0,1.0,1.0,curvature
280.68990206718445,0.7946111559867859,1.0,1.0,1.0,curvature
280.7302632331848,0.8074508309364319,1.0,1.0,1.0,curvature
280.77039647102356,0.8114639520645142,1.0,1.0,1.0,curvature
280.8122844696045,0.8221341371536255,1.0,1.0,1.0,curvature
280.85180830955505,0.8313088417053223,1.0,1.0,1.0,curvature
280.8909742832184,0.8398339748382568,1.0,1.0,1.0,curvature
280.93198013305664,0.8436281681060791,1.0,1.0,1.0,curvature
280.97380924224854,0.8469688296318054,1.0,1.0,1.0,curvature
281.0130658149719,0.8574955463409424,1.0,1.0,1.0,curvature
281.05452823638916,0.8654484748840332,1.0,1.0,1.0,curvature
281.0947506427765,0.8695767521858215,1.0,1.0,1.0,curvature
281.13703775405884,0.8722235560417175,1.0,1.0,1.0,curvature
281.1777639389038,0.877366840839386,1.0,1.0,1.0,curvature
281.2168803215027,0.886352002620697,1.0,1.0,1.0,curvature
281.25709319114685,0.8911210894584656,1.0,1.0,1.0,curvature
281.29814291000366,0.8953915238380432,1.0,1.0,1.0,curvature
281.33876752853394,0.9009993076324463,1.0,1.0,1.0,curvature
281.37971353530884,0.9052784442901611,1.0,1.0,1.0,curvature
281.42007970809937,0.9141583442687988,1.0,1.0,1.0,curvature
281.46037316322327,0.9183160662651062,1.0,1.0,1.0,curvature
281.49996304512024,0.9225491285324097,1.0,1.0,1.0,curvature
281.54122042655945,0.9207169413566589,1.0,1.0,1.0,curvature
281.58264541625977,0.9191270470619202,1.0,1.0,1.0,curvature
281.6222608089447,0.9211398959159851,1.0,1.0,1.0,curvature
281.6639323234558,0.925118088722229,1.0,1.0,1.0,curvature
281.70300340652466,0.9290462732315063,1.0,1.0,1.0,curvature
281.7446434497833,0.9328868389129639,1.0,1.0,1.0,curvature
281.7851221561432,0.9367885589599609,1.0,1.0,1.0,curvature
281.82497906684875,0.9441214799880981,1.0,1.0,1.0,curvature
281.8661062717438,0.6877961158752441,0.4591163098812103,1.0,1.0,preview
281.90621066093445,0.6789423823356628,0.4591163098812103,1.0,1.0,preview
281.9467685222626,0.6483945846557617,0.4591163098812103,1.0,1.0,preview
281.98723006248474,0.6273519396781921,0.4591163098812103,1.0,0.9935592412948608,preview
282.02877855300903,0.639249324798584,0.4591163098812103,1.0,0.9888573884963989,preview
282.0679085254669,0.6494854688644409,0.4591163098812103,1.0,0.9912610054016113,preview
282.1082065105438,0.6594647169113159,0.4591163098812103,1.0,0.9942740797996521,preview
282.1492085456848,0.669366717338562,0.4591163098812103,1.0,0.997964084148407,preview
282.1914110183716,0.7115297913551331,0.4591163098812103,1.0,1.0,preview
282.23084020614624,0.8121811747550964,0.4591163098812103,1.0,1.0,preview
282.2733016014099,0.8335930109024048,0.4591163098812103,1.0,1.0,preview
282.31199955940247,0.9212481379508972,0.4591163098812103,1.0,1.0,preview
282.3537974357605,0.9958113431930542,0.4591163098812103,1.0,1.0,preview
282.3938674926758,0.9356420636177063,0.4591163098812103,1.0,1.0,preview
282.433664560318,0.8116437196731567,0.4591163098812103,1.0,1.0,preview
282.4740571975708,0.8167270421981812,0.4591163098812103,1.0,1.0,preview
282.5151524543762,0.8284693956375122,0.4591163098812103,1.0,1.0,preview
282.5565941333771,0.7804137468338013,0.4591163098812103,1.0,1.0,preview
282.5973689556122,0.7919291853904724,0.4591163098812103,1.0,1.0,preview
282.638135433197,0.7449176907539368,0.4591163098812103,1.0,1.0,preview
282.67846274375916,0.7380884289741516,0.4591163098812103,1.0,1.0,preview
282.71790528297424,0.7334247827529907,0.4591163098812103,1.0,1.0,preview
282.7592034339905,0.7513443827629089,0.4591163098812103,1.0,1.0,preview
282.80101919174194,0.729022741317749,0.4591163098812103,1.0,1.0,preview
282.83997201919556,0.765408992767334,0.4591163098812103,1.0,1.0,preview
282.88031935691833,0.749649703502655,0.4591163098812103,1.0,1.0,preview
282.92030668258667,0.7665571570396423,0.4591163098812103,1.0,1.0,preview
282.961886882782,0.918019711971283,0.4591163098812103,1.0,1.0,preview
283.0031702518463,0.9055508971214294,0.4591163098812103,1.0,1.0,preview
283.042683839798,0.7884214520454407,0.4591163098812103,1.0,1.0,preview
283.08345127105713,0.7913680076599121,0.4591163098812103,1.0,1.0,preview
283.12318325042725,0.821825385093689,0.4591163098812103,1.0,1.0,preview
283.1639721393585,0.8389247059822083,0.4591163098812103,1.0,1.0,preview
283.2041790485382,0.8516963124275208,0.4591163098812103,1.0,1.0,preview
283.24562883377075,0.904341995716095,0.4591163098812103,1.0,1.0,preview
283.28740978240967,0.9178892374038696,0.4591163098812103,1.0,1.0,preview
283.32686138153076,0.9255778789520264,0.4591163098812103,1.0,1.0,preview
283.36710119247437,0.93359375,0.4591163098812103,1.0,1.0,preview
283.40909790992737,0.9076204299926758,0.4591163098812103,1.0,1.0,preview
283.4481911659241,0.8899177312850952,0.4591163098812103,1.0,1.0,preview
283.49060821533203,0.9740172624588013,0.4591163098812103,1.0,0.9938327670097351,preview
283.52975964546204,0.9636809229850769,0.4591163098812103,1.0,0.9990490674972534,preview
283.5706436634064,0.9630081653594971,0.4591163098812103,1.0,1.0,preview
283.6111786365509,0.8481913805007935,0.4591163098812103,1.0,1.0,preview
283.6506631374359,0.8598944544792175,0.4591163098812103,1.0,1.0,preview
283.6914553642273,0.7759694457054138,0.4591163098812103,1.0,1.0,preview
283.73215675354004,0.7845720648765564,0.4591163098812103,1.0,1.0,preview
283.7735095024109,0.7985047101974487,0.4591163098812103,1.0,1.0,preview
283.81376218795776,0.7349426746368408,0.4591163098812103,1.0,1.0,preview
283.85433650016785,0.7638630867004395,0.4591163098812103,1.0,1.0,preview
283.895560503006,0.7281790971755981,0.4591163098812103,1.0,1.0,preview
283.93519473075867,0.7437803745269775,0.4591163098812103,1.0,1.0,preview
283.9746255874634,0.7834086418151855,0.4591163098812103,1.0,1.0,preview
284.0163426399231,0.8274495601654053,0.4591163098812103,1.0,1.0,preview
284.0559322834015,0.8928249478340149,0.4591163098812103,1.0,1.0,preview
284.0975694656372,0.8517152667045593,0.4591163098812103,1.0,1.0,preview
284.13656735420227,0.8621366024017334,0.4591163098812103,1.0,1.0,preview
284.1782023906708,0.8749434351921082,0.4591163098812103,1.0,1.0,preview
284.22033858299255,0.8407605886459351,0.4591163098812103,1.0,1.0,preview
284.26101636886597,0.8637564778327942,0.4591163098812103,1.0,1.0,preview
284.3006737232208,0.8354576230049133,0.4591163098812103,1.0,1.0,preview
284.3406183719635,0.8880409002304077,0.8529685139656067,1.0,1.0,preview
284.3814241886139,0.888948917388916,0.8529685139656067,1.0,1.0,preview
284.4229769706726,0.8971008658409119,0.8529685139656067,1.0,1.0,preview
284.46232199668884,0.9016764163970947,0.8529685139656067,1.0,1.0,preview
284.50405502319336,0.9021190404891968,0.8529685139656067,1.0,1.0,preview
284.543185710907,0.9030319452285767,0.8529685139656067,1.0,1.0,preview
284.5840780735016,0.9044238328933716,0.8529685139656067,1.0,1.0,preview
284.62528896331787,0.9001331925392151,0.8529685139656067,1.0,1.0,preview
284.6663239002228,0.9090737104415894,0.9205971956253052,1.0,1.0,curvature
284.7055847644806,0.9162570238113403,0.9205971956253052,1.0,1.0,curvature
284.7454948425293,0.9282281398773193,1.0,1.0,1.0,curvature
284.7873833179474,0.9313166737556458,1.0,1.0,1.0,curvature
284.8286883831024,0.9340537190437317,1.0,1.0,1.0,curvature
284.866868019104,0.9401234984397888,1.0,1.0,1.0,curvature
284.90876817703247,0.942965567111969,1.0,1.0,1.0,curvature
284.9493682384491,0.9474056959152222,1.0,1.0,1.0,curvature
284.9897212982178,0.949682354927063,1.0,1.0,1.0,curvature
285.031715631485,0.9508309364318848,1.0,1.0,1.0,curvature
285.07173562049866,0.9546798467636108,1.0,1.0,1.0,curvature
285.1119177341461,0.9571689367294312,1.0,1.0,1.0,curvature
285.15313696861267,0.9583714008331299,1.0,1.0,1.0,curvature
285.19274854660034,0.9584133625030518,1.0,1.0,1.0,curvature
285.2327558994293,0.9585298895835876,1.0,1.0,1.0,curvature
285.27526807785034,0.9609915018081665,1.0,1.0,1.0,curvature
285.314754486084,0.9630905985832214,1.0,1.0,1.0,curvature
285.3573122024536,0.9647150635719299,1.0,1.0,1.0,curvature
285.3957357406616,0.9663845300674438,1.0,1.0,1.0,curvature
285.43724370002747,0.9682440757751465,1.0,1.0,1.0,curvature
285.47716331481934,0.9715539813041687,1.0,1.0,1.0,curvature
285.5181221961975,0.9730920195579529,1.0,1.0,1.0,curvature
285.5573182106018,0.9746608138084412,1.0,1.0,1.0,curvature
285.5999195575714,0.9761380553245544,1.0,1.0,1.0,curvature
285.63918113708496,0.9776992201805115,1.0,1.0,1.0,curvature
285.6819498538971,0.9805183410644531,1.0,1.0,1.0,curvature
285.72144842147827,0.981986939907074,1.0,1.0,1.0,curvature
285.76156663894653,0.9830103516578674,1.0,1.0,1.0,curvature
285.8018274307251,0.9774788618087769,1.0,1.0,1.0,curvature
285.84356117248535,0.9716529846191406,1.0,1.0,1.0,curvature
285.8824391365051,0.9676101803779602,1.0,1.0,1.0,curvature
285.9232304096222,0.9690830707550049,1.0,1.0,1.0,curvature
285.9640254974365,0.9710201025009155,1.0,1.0,1.0,curvature
286.00487899780273,0.9726296067237854,1.0,1.0,1.0,curvature
286.0450656414032,0.9746361970901489,1.0,1.0,1.0,curvature
286.08632040023804,0.9780820608139038,1.0,1.0,1.0,curvature
286.12687134742737,0.9800245761871338,1.0,1.0,1.0,curvature
286.1664025783539,0.981143057346344,1.0,1.0,1.0,curvature
286.20704913139343,0.9830296635627747,1.0,1.0,1.0,curvature
286.248277425766,0.9840847253799438,1.0,1.0,1.0,curvature
286.28853392601013,0.9879672527313232,1.0,1.0,1.0,curvature
286.329407453537,0.9887716174125671,1.0,1.0,1.0,curvature
286.3694624900818,0.9904969930648804,1.0,1.0,1.0,curvature
286.4107654094696,0.9910861253738403,1.0,1.0,1.0,curvature
286.45076298713684,0.9927300810813904,1.0,1.0,1.0,curvature
286.4911117553711,0.9938247203826904,1.0,1.0,1.0,curvature
286.5310969352722,0.9944633841514587,1.0,1.0,1.0,curvature
286.57261419296265,0.9951292872428894,1.0,1.0,1.0,curvature
286.6139166355133,0.9910991787910461,0.9243226051330566,1.0,1.0,preview
286.65367889404297,0.9876538515090942,0.859293520450592,1.0,1.0,preview
286.6938030719757,0.9904263019561768,0.859293520450592,1.0,1.0,preview
286.7348635196686,0.9911854267120361,0.859293520450592,1.0,1.0,preview
286.7757897377014,0.9939898252487183,0.859293520450592,1.0,1.0,preview
286.81505012512207,0.9892704486846924,0.859293520450592,1.0,1.0,preview
286.8564441204071,0.9868560433387756,0.859293520450592,1.0,1.0,preview
286.8980550765991,0.9855804443359375,0.859293520450592,1.0,1.0,preview
286.9364757537842,0.9887902140617371,0.859293520450592,1.0,1.0,preview
286.97957253456116,0.9921362996101379,0.859293520450592,1.0,1.0,preview
287.0185191631317,0.9929065704345703,0.859293520450592,1.0,1.0,preview
287.0596582889557,0.9960085153579712,0.859293520450592,1.0,1.0,preview
287.099800825119,0.9994248151779175,0.859293520450592,1.0,1.0,preview
287.1418056488037,0.9976517558097839,0.859293520450592,1.0,1.0,preview
287.18015003204346,0.9999141693115234,0.859293520450592,1.0,1.0,preview
287.2208013534546,0.9950548410415649,0.859293520450592,1.0,1.0,preview
287.2612087726593,0.9899948835372925,0.859293520450592,1.0,1.0,preview
287.30151653289795,0.9856005907058716,0.859293520450592,1.0,1.0,preview
287.34446239471436,0.9813662767410278,0.859293520450592,1.0,1.0,preview
287.3827078342438,0.9773321151733398,0.859293520450592,1.0,1.0,preview
287.4242866039276,0.9899411797523499,0.859293520450592,1.0,1.0,preview
287.4656751155853,0.9982263445854187,0.859293520450592,1.0,1.0,preview
287.50568437576294,0.9970234632492065,0.859293520450592,1.0,1.0,preview
287.5455298423767,0.9970303177833557,0.859293520450592,1.0,1.0,preview
287.587033033371,0.9985171556472778,0.859293520450592,1.0,1.0,preview
287.6291947364807,0.9940429925918579,0.859293520450592,1.0,1.0,preview
287.668993473053,0.9939954280853271,0.859293520450592,1.0,1.0,preview
287.70905590057373,0.9977144002914429,0.859293520450592,1.0,1.0,preview
287.7495937347412,0.994608461856842,0.859293520450592,1.0,1.0,preview
287.78801941871643,0.9870747923851013,0.859293520450592,1.0,1.0,preview
287.8290274143219,0.9914366602897644,0.859293520450592,1.0,1.0,preview
287.8701984882355,0.9921666979789734,0.859293520450592,1.0,1.0,preview
287.9104115962982,0.9986463189125061,0.859293520450592,1.0,1.0,preview
287.9513301849365,0.9983472228050232,0.859293520450592,1.0,1.0,preview
287.99187994003296,0.9943650364875793,0.859293520450592,1.0,1.0,preview
288.0329866409302,0.9905340671539307,0.859293520450592,1.0,1.0,preview
288.0734770298004,0.9868653416633606,0.859293520450592,1.0,1.0,preview
288.1143388748169,0.9716163873672485,0.9165651798248291,1.0,1.0,preview
288.15484595298767,0.9622681140899658,0.9165651798248291,1.0,1.0,preview
288.1948938369751,0.9547332525253296,1.0,1.0,1.0,curvature
288.23656821250916,0.9541290402412415,1.0,1.0,1.0,curvature
288.2775557041168,0.9537115693092346,1.0,1.0,1.0,curvature
288.31703901290894,0.9557876586914062,1.0,1.0,1.0,curvature
288.359379529953,0.9557159543037415,1.0,1.0,1.0,curvature
288.3989007472992,0.9556563496589661,1.0,1.0,1.0,curvature
288.4382607936859,0.9579182863235474,1.0,1.0,1.0,curvature
288.47912335395813,0.9580322504043579,1.0,1.0,1.0,curvature
288.5193989276886,0.9638092517852783,1.0,1.0,1.0,curvature
288.5593705177307,0.9713568687438965,1.0,1.0,1.0,curvature
288.6004388332367,0.9770901203155518,1.0,1.0,1.0,curvature
288.6411416530609,0.9771168828010559,1.0,1.0,1.0,curvature
288.68312096595764,0.976847231388092,1.0,1.0,1.0,curvature
288.72226786613464,0.9778661131858826,1.0,1.0,1.0,curvature
288.76403164863586,0.9776843190193176,1.0,1.0,1.0,curvature
288.80453729629517,0.9775158762931824,1.0,1.0,1.0,curvature
288.84429383277893,0.9787043333053589,1.0,1.0,1.0,curvature
288.88486981391907,0.9785753488540649,1.0,1.0,1.0,curvature
288.92557430267334,0.9783536195755005,1.0,1.0,1.0,curvature
288.9646270275116,0.9794456958770752,1.0,1.0,1.0,curvature
289.0060684680939,0.9792763590812683,1.0,1.0,1.0,curvature
289.04618215560913,0.9791555404663086,1.0,1.0,1.0,curvature
289.0873999595642,0.9790320992469788,1.0,1.0,1.0,curvature
289.1288721561432,0.9800713658332825,1.0,1.0,1.0,curvature
289.16844749450684,0.9800319671630859,1.0,1.0,1.0,curvature
289.2097809314728,0.9800128936767578,1.0,1.0,1.0,curvature
289.25072503089905,0.9800666570663452,1.0,1.0,1.0,curvature
289.2918395996094,0.9811042547225952,1.0,1.0,1.0,curvature
289.33234763145447,0.9896040558815002,1.0,1.0,1.0,curvature
289.3729808330536,0.9987924695014954,1.0,1.0,1.0,curvature
289.4133756160736,0.9928213357925415,1.0,1.0,1.0,curvature
289.45379877090454,0.9927535653114319,1.0,1.0,1.0,curvature
289.49460768699646,0.9932864308357239,1.0,1.0,1.0,curvature
289.5346395969391,0.9949997067451477,1.0,1.0,1.0,curvature
289.57401871681213,0.9952638149261475,1.0,1.0,1.0,curvature
289.6144471168518,0.9960452914237976,1.0,1.0,1.0,curvature
289.65641832351685,0.996351957321167,1.0,1.0,1.0,curvature
289.6967830657959,0.9896384477615356,1.0,1.0,1.0,curvature
289.7359473705292,0.9676541686058044,0.40442904829978943,1.0,1.0,preview
289.7778625488281,0.9671251177787781,0.40442904829978943,1.0,1.0,preview
289.81858110427856,0.9629114866256714,0.40442904829978943,1.0,1.0,preview
289.85828733444214,0.9675777554512024,0.40442904829978943,1.0,1.0,preview
289.90165185928345,0.9640906453132629,0.40442904829978943,1.0,1.0,preview
289.94118571281433,0.9902547001838684,0.40442904829978943,1.0,1.0,preview
289.9814772605896,0.9804030656814575,0.40442904829978943,1.0,1.0,preview
290.0222234725952,0.9573924541473389,0.40442904829978943,1.0,1.0,preview
290.0624077320099,0.9580422639846802,0.40442904829978943,1.0,1.0,preview
290.104199886322,0.9677863717079163,0.40442904829978943,1.0,1.0,preview
290.1423604488373,0.9820813536643982,0.40442904829978943,1.0,1.0,preview
290.18390679359436,0.9850414991378784,0.40442904829978943,1.0,1.0,preview
290.22394609451294,0.9947306513786316,0.40442904829978943,1.0,1.0,preview
290.2637073993683,0.900567352771759,0.40442904829978943,1.0,1.0,preview
290.3043155670166,0.8270329833030701,0.40442904829978943,1.0,1.0,preview
290.3438322544098,0.7756681442260742,0.40442904829978943,1.0,1.0,preview
290.3859848976135,0.7920015454292297,0.40442904829978943,1.0,1.0,preview
290.42682003974915,0.8072289228439331,0.40442904829978943,1.0,1.0,preview
290.46608686447144,0.8237731456756592,0.40442904829978943,1.0,1.0,preview
290.5075831413269,0.8507441878318787,0.40442904829978943,1.0,1.0,preview
290.55023074150085,0.9256337285041809,0.40442904829978943,1.0,1.0,preview
290.5894091129303,0.9832901954650879,0.40442904829978943,1.0,1.0,preview
290.6291174888611,0.9221857786178589,0.40442904829978943,1.0,1.0,preview
290.6709825992584,0.9216834306716919,0.40442904829978943,1.0,1.0,preview
290.7115867137909,0.901333749294281,0.40442904829978943,1.0,1.0,preview
290.7523715496063,0.9133010506629944,0.40442904829978943,1.0,1.0,preview
290.7913246154785,0.8987833261489868,0.40442904829978943,1.0,1.0,preview
290.8330478668213,0.9052454233169556,0.40442904829978943,1.0,1.0,preview
290.873398065567,0.9423608779907227,0.40442904829978943,1.0,1.0,preview
290.9146726131439,0.9963241219520569,0.40442904829978943,1.0,1.0,preview
290.955605506897,0.9540452361106873,0.40442904829978943,1.0,1.0,preview
290.9957044124603,0.955873966217041,0.40442904829978943,1.0,1.0,preview
291.0373923778534,0.9787020087242126,0.40442904829978943,1.0,1.0,preview
291.07576632499695,0.982598066329956,0.40442904829978943,1.0,1.0,preview
291.1177570819855,0.9853681921958923,0.40442904829978943,1.0,1.0,preview
291.15702271461487,0.9901039600372314,0.40442904829978943,1.0,1.0,preview
291.19730520248413,0.9895885586738586,0.40442904829978943,1.0,1.0,preview
291.23872089385986,0.9689788222312927,0.40442904829978943,1.0,1.0,preview
291.2779264450073,0.9698755741119385,0.40442904829978943,1.0,1.0,preview
291.3186881542206,0.971125602722168,0.40442904829978943,1.0,1.0,preview
291.35904240608215,0.9050065279006958,0.40442904829978943,1.0,1.0,preview
291.4014632701874,0.8641372919082642,0.40442904829978943,1.0,1.0,preview
291.44129705429077,0.8299965858459473,0.40442904829978943,1.0,1.0,preview
291.4835116863251,0.840890645980835,0.40442904829978943,1.0,1.0,preview
291.52326107025146,0.841937780380249,0.40442904829978943,1.0,1.0,preview
291.5640208721161,0.8675143122673035,0.40442904829978943,1.0,1.0,preview
291.60411739349365,0.5409376621246338,0.40442904829978943,1.0,0.8578206896781921,preview
291.644629240036,0.5371526479721069,0.40442904829978943,1.0,0.8676121234893799,preview
291.6844210624695,0.5263158082962036,0.40442904829978943,1.0,0.8779377937316895,preview
291.72733092308044,0.5263158082962036,0.40442904829978943,1.0,0.8881932497024536,preview
291.76589035987854,0.5263158082962036,0.40442904829978943,1.0,0.9097136855125427,preview
291.8061592578888,0.5263158082962036,0.40442904829978943,1.0,0.9206531047821045,preview
291.8462462425232,0.5263158082962036,0.40442904829978943,1.0,0.9318079948425293,preview
291.8865842819214,0.5263158082962036,0.40442904829978943,1.0,0.9435202479362488,preview
291.9290461540222,0.5263158082962036,0.40442904829978943,1.0,0.9550915360450745,preview
291.96825075149536,0.5263158082962036,0.40442904829978943,1.0,0.9791854023933411,preview
292.0093159675598,0.5263158082962036,0.40442904829978943,1.0,0.9913355112075806,preview
292.0505886077881,0.5263158082962036,0.40442904829978943,1.0,1.0,preview
292.09096574783325,0.5263158082962036,0.40442904829978943,1.0,1.0,preview
292.13192987442017,0.5263158082962036,0.40442904829978943,1.0,1.0,preview
292.1720428466797,0.5263158082962036,0.40442904829978943,1.0,1.0,preview
292.2119698524475,0.5313035845756531,1.0,1.0,1.0,curvature
292.2521960735321,0.531093180179596,1.0,1.0,1.0,curvature
292.29481744766235,0.5458977818489075,1.0,1.0,1.0,curvature
292.3344566822052,0.5468178987503052,1.0,1.0,1.0,curvature
292.3751175403595,0.568013608455658,1.0,1.0,1.0,curvature
292.4149537086487,0.5702434182167053,1.0,1.0,1.0,curvature
292.45646572113037,0.5847762823104858,1.0,1.0,1.0,curvature
292.49703550338745,0.5840437412261963,1.0,1.0,1.0,curvature
292.5378451347351,0.5908510684967041,1.0,1.0,1.0,curvature
292.57703828811646,0.5963248014450073,1.0,1.0,1.0,curvature
292.6187798976898,0.6055439114570618,1.0,1.0,1.0,curvature
292.65905833244324,0.6159601211547852,1.0,1.0,1.0,curvature
292.69983530044556,0.6165622472763062,1.0,1.0,1.0,curvature
292.740829706192,0.6247271299362183,1.0,1.0,1.0,curvature
292.7807369232178,0.6374126076698303,1.0,1.0,0.9897857904434204,curvature
292.8205351829529,0.6528117060661316,1.0,1.0,0.9846634268760681,curvature
292.86362624168396,0.6601643562316895,1.0,1.0,0.980175256729126,curvature
292.90309882164,0.6709768176078796,1.0,1.0,0.97151780128479,curvature
292.9423427581787,0.674590528011322,1.0,1.0,0.9636203050613403,curvature
292.982173204422,0.686257004737854,1.0,1.0,0.9490638971328735,curvature
293.023809671402,0.6982604265213013,1.0,1.0,0.9425893425941467,curvature
293.0659840106964,0.7037007808685303,1.0,1.0,0.9365444779396057,curvature
293.1063768863678,0.7105239629745483,1.0,1.0,0.9313511848449707,curvature
293.1462731361389,0.7175732254981995,1.0,1.0,0.9268231391906738,curvature
293.1862027645111,0.7284204363822937,1.0,1.0,0.917833685874939,curvature
293.22762632369995,0.734954833984375,1.0,1.0,0.913418710231781,curvature
293.2675359249115,0.7453115582466125,1.0,1.0,0.909382700920105,curvature
293.3075108528137,0.752424955368042,1.0,1.0,0.9056082963943481,curvature
293.34911155700684,0.7626778483390808,1.0,1.0,0.9023097157478333,curvature
293.38830399513245,0.7785726189613342,1.0,1.0,0.8973166346549988,curvature
293.4292051792145,0.7868903279304504,1.0,1.0,0.8956193923950195,curvature
293.4696772098541,0.7958621978759766,1.0,1.0,0.8941903114318848,curvature
293.511093378067,0.8037411570549011,1.0,1.0,0.8923884034156799,curvature
293.5504536628723,0.8115872144699097,1.0,1.0,0.890947163105011,curvature
293.5918731689453,0.8280723690986633,1.0,1.0,0.8889188170433044,curvature
293.6314642429352,0.8383369445800781,1.0,1.0,0.8884181976318359,curvature
293.67545342445374,0.8469218015670776,1.0,1.0,0.8881227970123291,curvature
293.7151551246643,0.855106770992279,1.0,1.0,0.8884855508804321,curvature
293.75437664985657,0.8625954389572144,1.0,1.0,0.8890601396560669,curvature
293.79503774642944,0.8769761323928833,1.0,1.0,0.8905090093612671,curvature
293.8351948261261,0.8863152861595154,1.0,1.0,0.8914037942886353,curvature
293.8770067691803,0.8950480222702026,1.0,1.0,0.8925313353538513,lateral_error
293.9167537689209,0.9013361930847168,1.0,1.0,0.893921971321106,lateral_error
293.95803570747375,0.9088204503059387,1.0,1.0,0.8954938650131226,lateral_error
293.99707412719727,0.9255120754241943,1.0,1.0,0.903667688369751,lateral_error
294.03890109062195,0.937791109085083,1.0,1.0,0.9102718234062195,lateral_error
294.08019495010376,0.9463139772415161,1.0,1.0,0.9172642827033997,lateral_error
294.11943316459656,0.953325092792511,1.0,1.0,0.9200807809829712,lateral_error
294.15893292427063,0.9602481722831726,1.0,1.0,0.9229792952537537,lateral_error
294.2003026008606,0.7528830766677856,0.580355703830719,1.0,0.9292817115783691,preview
294.23956751823425,0.7580196857452393,0.580355703830719,1.0,0.9326175451278687,preview
294.2813024520874,0.7553001046180725,0.580355703830719,1.0,0.9361386299133301,preview
294.3232891559601,0.75567227602005,0.580355703830719,1.0,0.9400292038917542,preview
294.36238265037537,0.7590789794921875,0.580355703830719,1.0,0.9441236257553101,preview
294.403648853302,0.5263158082962036,0.3388028144836426,1.0,0.9585736989974976,preview
294.4443254470825,0.5303104519844055,0.3388028144836426,1.0,0.9690778851509094,preview
294.48402214050293,0.616094708442688,0.3388028144836426,1.0,0.9803884625434875,preview
294.5240955352783,0.7148526310920715,0.3388028144836426,1.0,0.9867386817932129,preview
294.56714630126953,0.758789598941803,0.3388028144836426,1.0,0.9932047128677368,preview
294.60750555992126,0.947934627532959,0.3388028144836426,1.0,1.0,preview
294.6466464996338,0.9700320959091187,0.3388028144836426,1.0,1.0,preview
294.687203168869,0.8704352974891663,0.3388028144836426,1.0,1.0,preview
294.72889590263367,0.8658961653709412,0.3388028144836426,1.0,1.0,preview
294.76915407180786,0.8637365102767944,0.3388028144836426,1.0,1.0,preview
294.8088023662567,0.7926101684570312,0.3388028144836426,1.0,1.0,preview
294.84999227523804,0.8322492241859436,0.3388028144836426,1.0,1.0,preview
294.88981342315674,0.8804560303688049,0.3388028144836426,1.0,1.0,preview
294.9302341938019,0.7775925993919373,0.3388028144836426,1.0,1.0,preview
294.9715805053711,0.7842989563941956,0.3388028144836426,1.0,1.0,preview
295.0138146877289,0.8056156039237976,0.3388028144836426,1.0,1.0,preview
295.0526530742645,0.727293074131012,0.3388028144836426,1.0,1.0,preview
295.0925712585449,0.7379885315895081,0.3388028144836426,1.0,1.0,preview
295.13554430007935,0.7557858228683472,0.3388028144836426,1.0,1.0,preview
295.1750259399414,0.7719173431396484,0.3388028144836426,1.0,1.0,preview
295.21575903892517,0.7229209542274475,0.3388028144836426,1.0,1.0,preview
295.2561891078949,0.7356805205345154,0.3388028144836426,1.0,1.0,preview
295.2958896160126,0.7520463466644287,0.3388028144836426,1.0,1.0,preview
295.3378918170929,0.7681809663772583,0.3388028144836426,1.0,1.0,preview
295.37808656692505,0.7157955765724182,0.3388028144836426,1.0,1.0,preview
295.4171483516693,0.745573103427887,0.3388028144836426,1.0,1.0,preview
295.4573140144348,0.7626819014549255,0.3388028144836426,1.0,1.0,preview
295.4978370666504,0.7204235792160034,0.3388028144836426,1.0,1.0,preview
295.5396933555603,0.8162108063697815,0.3388028144836426,1.0,1.0,preview
295.5809772014618,0.9359251856803894,0.3388028144836426,1.0,1.0,preview
295.6212742328644,0.924221396446228,0.3388028144836426,1.0,1.0,preview
295.661349773407,0.9184564352035522,0.3388028144836426,1.0,1.0,preview
295.70145773887634,0.9876385927200317,0.3388028144836426,1.0,1.0,preview
295.7420151233673,0.9940846562385559,0.3388028144836426,1.0,1.0,preview
295.78261947631836,0.9956411123275757,0.3388028144836426,1.0,1.0,preview
295.8248200416565,0.933001697063446,0.3388028144836426,1.0,1.0,preview
295.86513686180115,0.9364286065101624,0.3388028144836426,1.0,1.0,preview
295.9038932323456,0.9414343237876892,0.3388028144836426,1.0,1.0,preview
295.94494581222534,0.946286678314209,0.3388028144836426,1.0,1.0,preview
295.98564410209656,0.8880459070205688,0.3388028144836426,1.0,1.0,preview
296.0265374183655,0.8976927995681763,0.3388028144836426,1.0,1.0,preview
296.065554857254,0.904688835144043,0.3388028144836426,1.0,1.0,preview
296.10751843452454,0.9114823937416077,0.3388028144836426,1.0,1.0,preview
296.14941787719727,0.8642853498458862,0.3388028144836426,1.0,1.0,preview
296.18910574913025,0.8703643679618835,0.3388028144836426,1.0,1.0,preview
296.2308647632599,0.886707067489624,0.3388028144836426,1.0,1.0,preview
296.2707054615021,0.9095650315284729,0.3388028144836426,1.0,1.0,preview
296.31088614463806,0.917747974395752,0.3388028144836426,1.0,1.0,preview
296.35220670700073,0.9278748035430908,0.3388028144836426,1.0,1.0,preview
296.3917381763458,0.9344016313552856,0.3388028144836426,1.0,1.0,preview
296.43268489837646,0.9553515911102295,0.3388028144836426,1.0,1.0,preview
296.47391843795776,0.9603477120399475,0.3388028144836426,1.0,1.0,preview
296.5138704776764,0.963955283164978,0.3388028144836426,1.0,1.0,preview
296.5553183555603,0.9670188426971436,0.3388028144836426,1.0,1.0,preview
296.5941686630249,0.9866311550140381,0.3388028144836426,1.0,1.0,preview
296.63532638549805,0.9923003315925598,0.3388028144836426,1.0,1.0,preview
296.6748881340027,0.9934919476509094,0.3388028144836426,1.0,1.0,preview
296.7172837257385,0.9942798614501953,0.3388028144836426,1.0,1.0,preview
296.7568302154541,0.9865332245826721,0.3388028144836426,1.0,1.0,preview
296.7973403930664,0.9859128594398499,0.3388028144836426,1.0,1.0,preview
296.8369541168213,0.9864388108253479,0.3388028144836426,1.0,1.0,preview
296.8782901763916,0.7186938524246216,0.3388028144836426,1.0,0.8642885684967041,preview
296.9191384315491,0.5652903914451599,0.3388028144836426,1.0,0.8722646832466125,preview
296.95940256118774,0.5723980069160461,0.3388028144836426,1.0,0.8806260824203491,preview
297.0015957355499,0.5263158082962036,0.3388028144836426,1.0,0.8888745903968811,preview
297.04114747047424,0.5263158082962036,0.3388028144836426,1.0,0.9059776067733765,preview
297.0827648639679,0.5263158082962036,0.3388028144836426,1.0,0.9145545959472656,preview
297.1210193634033,0.5263158082962036,0.3388028144836426,1.0,0.9232223629951477,preview
297.16222167015076,0.5263158082962036,0.3388028144836426,1.0,0.9259323477745056,preview
297.20415806770325,0.5263158082962036,0.3388028144836426,1.0,0.9284796714782715,preview
297.2436637878418,0.5263158082962036,0.3388028144836426,1.0,0.9398329854011536,preview
297.2850730419159,0.5263158082962036,0.3388028144836426,1.0,0.948518693447113,preview
297.32626724243164,0.5263158082962036,0.3388028144836426,1.0,0.957253098487854,preview
297.36645340919495,0.5263158082962036,0.3388028144836426,1.0,0.9662978649139404,preview
297.40747022628784,0.5263158082962036,0.3388028144836426,1.0,0.9751103520393372,preview
297.4476797580719,0.5263158082962036,0.3388028144836426,1.0,0.9930812120437622,preview
297.4876763820648,0.5263158082962036,0.3388028144836426,1.0,1.0,preview
297.5270721912384,0.5263158082962036,0.3388028144836426,1.0,1.0,preview
297.5676498413086,0.5263158082962036,0.3388028144836426,1.0,1.0,preview
297.6108298301697,0.5263158082962036,0.3388028144836426,1.0,1.0,preview
297.650283575058,0.5263158082962036,0.3388028144836426,1.0,1.0,preview
297.69098019599915,0.5263158082962036,0.3388028144836426,1.0,1.0,preview
297.7305660247803,0.5263158082962036,0.3388028144836426,1.0,1.0,preview
297.77299189567566,0.5829627513885498,1.0,1.0,1.0,curvature
297.812730550766,0.5999975800514221,1.0,1.0,1.0,curvature
297.85204219818115,0.6109713315963745,1.0,1.0,1.0,curvature
297.8922781944275,0.6154889464378357,1.0,1.0,1.0,curvature
297.93482518196106,0.6314178705215454,1.0,1.0,1.0,curvature
297.9735584259033,0.6363829970359802,1.0,1.0,1.0,curvature
298.01550340652466,0.6518690586090088,1.0,1.0,1.0,curvature
298.05436301231384,0.6653621792793274,1.0,1.0,1.0,curvature
298.09693932533264,0.6716622710227966,1.0,1.0,1.0,curvature
298.136864900589,0.6783726215362549,1.0,1.0,1.0,curvature
298.17895340919495,0.6943193078041077,1.0,1.0,1.0,curvature
298.2180998325348,0.7015838623046875,1.0,1.0,1.0,curvature
298.25934958457947,0.7179513573646545,1.0,1.0,1.0,curvature
298.29966926574707,0.7258962988853455,1.0,1.0,1.0,curvature
298.34023904800415,0.7328698635101318,1.0,1.0,1.0,curvature
298.3798575401306,0.737506628036499,1.0,1.0,1.0,curvature
298.42061138153076,0.7355817556381226,1.0,1.0,1.0,curvature
298.4618492126465,0.7478057146072388,1.0,1.0,1.0,curvature
298.50228691101074,0.7533820271492004,1.0,1.0,1.0,curvature
298.54153060913086,0.7576759457588196,1.0,1.0,1.0,curvature
298.5816249847412,0.7672042846679688,1.0,1.0,1.0,curvature
298.6232330799103,0.7727044224739075,1.0,1.0,1.0,curvature
298.6651566028595,0.7901734709739685,1.0,1.0,1.0,curvature
298.7058193683624,0.8018657565116882,1.0,1.0,1.0,curvature
298.747031211853,0.8125805258750916,1.0,1.0,1.0,curvature
298.7850441932678,0.8191370964050293,1.0,1.0,0.9999548196792603,curvature
298.82687187194824,0.8247812390327454,1.0,1.0,0.9961835145950317,curvature
298.8664195537567,0.83829665184021,1.0,1.0,0.989118754863739,curvature
298.9086010456085,0.8454698324203491,1.0,1.0,0.9861616492271423,curvature
298.9480257034302,0.8535260558128357,1.0,1.0,0.9835286140441895,curvature
298.989218711853,0.8596770167350769,1.0,1.0,0.9811312556266785,curvature
299.0294177532196,0.8654118180274963,1.0,1.0,0.9791010022163391,curvature
299.07030415534973,0.8811442852020264,1.0,1.0,0.9767884016036987,curvature
299.1105363368988,0.8934332728385925,1.0,1.0,0.9773306846618652,curvature
299.15111088752747,0.9056808352470398,1.0,1.0,0.9789405465126038,curvature
299.1913845539093,0.9116750955581665,1.0,1.0,0.9786999225616455,curvature
299.2316508293152,0.9166844487190247,1.0,1.0,0.9786980748176575,curvature
299.2735471725464,0.9263098835945129,1.0,1.0,0.9793151617050171,curvature
299.3149585723877,0.9302451610565186,1.0,1.0,0.9799025058746338,curvature
299.35308051109314,0.9347251057624817,1.0,1.0,0.9806623458862305,curvature
299.39406752586365,0.9393391013145447,1.0,1.0,0.9816142916679382,curvature
299.435658454895,0.9427675604820251,1.0,1.0,0.9827002286911011,curvature
299.4761369228363,0.9536957144737244,1.0,1.0,0.9847893118858337,curvature
299.516343832016,0.9602560997009277,1.0,1.0,0.9861562252044678,curvature
299.55733823776245,0.9670597314834595,1.0,1.0,0.988042414188385,curvature
299.59919142723083,0.9712902903556824,1.0,1.0,0.9901631474494934,curvature
299.63928985595703,0.9732282161712646,1.0,1.0,0.9923220872879028,curvature
299.6779537200928,0.9806515574455261,1.0,1.0,0.9969642162322998,curvature
299.71986985206604,0.9842290878295898,1.0,1.0,0.9993635416030884,curvature
299.75991654396057,0.9852724075317383,1.0,1.0,1.0,curvature
299.7993245124817,0.9884399175643921,1.0,1.0,1.0,curvature
299.8409194946289,0.9916600584983826,1.0,1.0,1.0,curvature
299.88060212135315,0.9985846877098083,1.0,1.0,1.0,curvature
299.92360258102417,0.9953024387359619,1.0,1.0,1.0,curvature
299.9632558822632,0.9920117855072021,1.0,1.0,1.0,curvature
300.0034873485565,0.9896722435951233,1.0,1.0,1.0,curvature
300.0437524318695,0.987411618232727,1.0,1.0,1.0,curvature
300.0844371318817,0.985747754573822,1.0,1.0,1.0,curvature
300.12566471099854,0.9838343858718872,1.0,1.0,1.0,curvature
300.1647162437439,0.9820271134376526,1.0,1.0,1.0,curvature
300.2066695690155,0.980441153049469,1.0,1.0,1.0,curvature
300.2476878166199,0.9813180565834045,1.0,1.0,1.0,curvature
300.2868027687073,0.9912534952163696,1.0,1.0,1.0,curvature
300.32899713516235,0.9974603652954102,1.0,1.0,1.0,curvature
300.367812871933,0.9849034547805786,1.0,1.0,1.0,curvature
300.4086983203888,0.9868808388710022,1.0,1.0,1.0,curvature
300.44915556907654,0.9893677830696106,1.0,1.0,1.0,curvature
300.49012875556946,0.9925002455711365,1.0,1.0,1.0,curvature
300.5302240848541,0.9949880242347717,1.0,1.0,1.0,curvature
300.5722312927246,0.9972943067550659,1.0,1.0,1.0,curvature
300.61274003982544,0.9995206594467163,1.0,1.0,1.0,curvature
300.6533582210541,0.998445987701416,1.0,1.0,1.0,curvature
300.69254517555237,0.9934267401695251,1.0,1.0,1.0,curvature
300.73249888420105,0.9803171753883362,0.7654985785484314,1.0,1.0,preview
300.77598428726196,0.978830873966217,0.7654985785484314,1.0,1.0,preview
300.81483459472656,0.936332106590271,0.620087206363678,1.0,1.0,preview
300.8555290699005,0.9414659738540649,0.620087206363678,1.0,1.0,preview
300.8964524269104,0.9773350358009338,0.620087206363678,1.0,1.0,preview
300.9369788169861,0.9944330453872681,0.620087206363678,1.0,1.0,preview
300.97701835632324,0.9516578912734985,0.620087206363678,1.0,1.0,preview
301.01933097839355,0.9393405914306641,0.620087206363678,1.0,1.0,preview
301.0592408180237,0.9413759708404541,0.620087206363678,1.0,1.0,preview
301.09974670410156,0.937484860420227,0.620087206363678,1.0,1.0,preview
301.13991832733154,0.9303420186042786,0.620087206363678,1.0,1.0,preview
301.18041801452637,0.9239035248756409,0.620087206363678,1.0,1.0,preview
301.2196567058563,0.925221860408783,0.620087206363678,1.0,1.0,preview
301.2624337673187,0.9163137078285217,0.620087206363678,1.0,1.0,preview
301.30346155166626,0.9131858348846436,0.620087206363678,1.0,1.0,preview
301.3436267375946,0.9097801446914673,0.620087206363678,1.0,1.0,preview
301.38301825523376,0.9158799052238464,0.620087206363678,1.0,1.0,preview
301.4227452278137,0.9140015840530396,0.620087206363678,1.0,1.0,preview
301.4646294116974,0.920192539691925,0.620087206363678,1.0,1.0,preview
301.50415897369385,0.9832407236099243,0.620087206363678,1.0,1.0,preview
301.54535007476807,0.9590522050857544,0.620087206363678,1.0,1.0,preview
301.58692359924316,0.9065283536911011,0.620087206363678,1.0,1.0,preview
301.6260755062103,0.9138174057006836,0.620087206363678,1.0,1.0,preview
301.6670768260956,0.9171761274337769,0.620087206363678,1.0,1.0,preview
301.7077305316925,0.9343093633651733,0.620087206363678,1.0,1.0,preview
301.7482023239136,0.9458128809928894,0.620087206363678,1.0,1.0,preview
301.7902407646179,0.9503871202468872,0.620087206363678,1.0,1.0,preview
301.8299674987793,0.9301373362541199,0.620087206363678,1.0,0.9737115502357483,preview
301.86999440193176,0.9058966636657715,0.620087206363678,1.0,0.9698283076286316,preview
301.9125442504883,0.8942392468452454,0.620087206363678,1.0,0.9383307695388794,preview
301.95158100128174,0.9065732955932617,0.620087206363678,1.0,0.9106838703155518,preview
301.99231123924255,0.9141433835029602,0.620087206363678,1.0,0.9162648916244507,preview
302.03412103652954,0.9676772356033325,0.620087206363678,1.0,0.9221621155738831,preview
302.07356095314026,0.9747153520584106,0.620087206363678,1.0,0.9280358552932739,preview
302.1131467819214,0.9677606225013733,0.620087206363678,1.0,0.9403427243232727,preview
302.1541495323181,0.9656058549880981,0.620087206363678,1.0,0.94657963514328,preview
302.1955723762512,0.9194678068161011,0.620087206363678,1.0,0.9529033899307251,preview
302.23524498939514,0.9364916086196899,0.620087206363678,1.0,0.9555215835571289,preview
302.27492785453796,0.9110270142555237,0.620087206363678,1.0,0.9580127596855164,preview
302.3168137073517,0.935041069984436,0.620087206363678,1.0,0.9669129848480225,preview
302.357314825058,0.8979753255844116,0.620087206363678,1.0,0.9731995463371277,preview
302.39773869514465,0.9021187424659729,0.620087206363678,1.0,0.9795073866844177,preview
302.4373939037323,0.8693261742591858,0.620087206363678,1.0,0.9860107898712158,preview
302.4789147377014,0.8755205273628235,0.620087206363678,1.0,0.9923235774040222,preview
302.5212731361389,0.8557062745094299,0.620087206363678,1.0,1.0,preview
302.56102776527405,0.8635398745536804,0.620087206363678,1.0,1.0,preview
302.6008245944977,0.8392241597175598,0.620087206363678,1.0,1.0,preview
302.6409704685211,0.8482552170753479,0.620087206363678,1.0,1.0,preview
302.6817545890808,0.8274785280227661,0.620087206363678,1.0,1.0,preview
302.72106766700745,0.8547686338424683,0.620087206363678,1.0,1.0,preview
302.7628741264343,0.84280925989151,0.620087206363678,1.0,1.0,preview
302.8033981323242,0.858759880065918,0.620087206363678,1.0,1.0,preview
302.84391260147095,0.842677116394043,0.620087206363678,1.0,1.0,preview
302.88421535491943,0.8524744510650635,0.620087206363678,1.0,1.0,preview
302.92516565322876,0.8757516145706177,1.0,1.0,1.0,curvature
302.9664113521576,0.8845304250717163,1.0,1.0,1.0,curvature
303.00547909736633,0.8857901692390442,1.0,1.0,1.0,curvature
303.0491940975189,0.887337327003479,1.0,1.0,1.0,curvature
303.08786821365356,0.889166533946991,1.0,1.0,1.0,curvature
303.12814450263977,0.896281361579895,1.0,1.0,1.0,curvature
303.16758942604065,0.8987818956375122,1.0,1.0,1.0,curvature
303.2090435028076,0.9060835242271423,1.0,1.0,1.0,curvature
303.24901247024536,0.9111934304237366,1.0,1.0,1.0,curvature
303.29044938087463,0.9162601232528687,1.0,1.0,1.0,curvature
303.3293631076813,0.9256373047828674,1.0,1.0,1.0,curvature
303.37481355667114,0.9262447357177734,1.0,1.0,1.0,curvature
303.41163659095764,0.9298872947692871,1.0,1.0,1.0,curvature
303.45209312438965,0.9304811358451843,1.0,1.0,1.0,curvature
303.49275732040405,0.9339359998703003,1.0,1.0,1.0,curvature
303.53314781188965,0.9355018138885498,1.0,1.0,1.0,curvature
303.5748372077942,0.9387878179550171,1.0,1.0,1.0,curvature
303.61521792411804,0.9396529793739319,1.0,1.0,1.0,curvature
303.65701389312744,0.9427512884140015,1.0,1.0,1.0,curvature
303.697860956192,0.9436582922935486,1.0,1.0,1.0,curvature
303.73714780807495,0.9429327249526978,1.0,1.0,1.0,curvature
303.7775592803955,0.9391713738441467,1.0,1.0,1.0,curvature
303.818728685379,0.9371674656867981,1.0,1.0,1.0,curvature
303.85866117477417,0.9384777545928955,1.0,1.0,1.0,curvature
303.8995053768158,0.939969003200531,1.0,1.0,1.0,curvature
303.93942618370056,0.9448054432868958,1.0,1.0,1.0,curvature
303.9831109046936,0.9477965235710144,1.0,1.0,1.0,curvature
304.01969289779663,0.949637770652771,1.0,1.0,1.0,curvature
304.0620758533478,0.9515532851219177,1.0,1.0,1.0,curvature
304.1019010543823,0.9534198045730591,1.0,1.0,1.0,curvature
304.1414330005646,0.9706991910934448,1.0,1.0,1.0,curvature
304.18204045295715,0.9855311512947083,1.0,1.0,1.0,curvature
304.22248578071594,0.9997793436050415,1.0,1.0,1.0,curvature
304.2626678943634,0.9985405802726746,1.0,1.0,1.0,curvature
304.30480098724365,0.9983015060424805,1.0,1.0,1.0,curvature
304.34611892700195,0.9976722002029419,1.0,1.0,1.0,curvature
304.3862941265106,0.9973768591880798,1.0,1.0,1.0,curvature
304.42628836631775,0.9973794221878052,1.0,1.0,1.0,curvature
304.46794509887695,0.997201681137085,1.0,1.0,1.0,curvature
304.5082817077637,0.9970222115516663,1.0,1.0,1.0,curvature
304.54840326309204,0.9953012466430664,1.0,1.0,1.0,curvature
304.5879647731781,0.9935332536697388,1.0,1.0,1.0,curvature
304.6295008659363,0.9917463064193726,1.0,1.0,1.0,curvature
304.66904377937317,0.9916538000106812,1.0,1.0,1.0,curvature
304.7113251686096,0.9916554093360901,1.0,1.0,1.0,curvature
304.75025606155396,0.9921544194221497,1.0,1.0,1.0,curvature
304.79114532470703,0.9922280311584473,1.0,1.0,1.0,curvature
304.8307132720947,0.9923091530799866,1.0,1.0,1.0,curvature
304.87390637397766,0.9953559041023254,1.0,1.0,1.0,curvature
304.91430616378784,0.9979932904243469,1.0,1.0,1.0,curvature
304.9539701938629,0.9995903372764587,1.0,1.0,1.0,curvature
304.9935781955719,0.9998357892036438,1.0,1.0,1.0,curvature
305.0370886325836,0.9998308420181274,1.0,1.0,1.0,curvature
305.07555317878723,0.9998408555984497,1.0,1.0,1.0,curvature
305.1163911819458,0.9995188117027283,1.0,1.0,1.0,curvature
305.15548753738403,0.994279146194458,1.0,1.0,1.0,curvature
305.1991865634918,0.9877724647521973,1.0,1.0,1.0,curvature
305.23896956443787,0.9816933870315552,1.0,1.0,1.0,curvature
305.278769493103,0.9826127290725708,1.0,1.0,1.0,curvature
305.3184380531311,0.983704686164856,1.0,1.0,1.0,curvature
305.3599376678467,0.9857553243637085,1.0,1.0,1.0,curvature
305.40103125572205,0.9868756532669067,1.0,1.0,1.0,curvature
305.4410402774811,0.9879452586174011,1.0,1.0,1.0,curvature
305.4821412563324,0.9984416961669922,1.0,1.0,1.0,curvature
305.5227744579315,0.9908629059791565,1.0,1.0,1.0,curvature
305.562219619751,0.980021059513092,1.0,1.0,1.0,curvature
305.6038136482239,0.9803825616836548,1.0,1.0,1.0,curvature
305.6442081928253,0.9806450605392456,1.0,1.0,1.0,curvature
305.6840407848358,0.9719226360321045,0.7491130232810974,1.0,1.0,preview
305.72546648979187,0.9605215787887573,0.5988654494285583,1.0,1.0,preview
305.7643656730652,0.958227276802063,0.5988654494285583,1.0,1.0,preview
305.8060727119446,0.9550463557243347,0.5988654494285583,1.0,1.0,preview
305.84563732147217,0.9514768719673157,0.5988654494285583,1.0,1.0,preview
305.88634967803955,0.9520015716552734,0.5988654494285583,1.0,1.0,preview
305.92913842201233,0.9527908563613892,0.5988654494285583,1.0,1.0,preview
305.9680802822113,0.9588577151298523,0.5988654494285583,1.0,1.0,preview
306.00957012176514,0.96165931224823,0.5988654494285583,1.0,1.0,preview
306.0496768951416,0.9650086164474487,0.5988654494285583,1.0,1.0,preview
306.08959674835205,0.9731020927429199,0.5988654494285583,1.0,1.0,preview
306.13088488578796,0.9813051819801331,0.5988654494285583,1.0,1.0,preview
306.1706736087799,0.9906675219535828,0.5988654494285583,1.0,1.0,preview
306.2117247581482,0.9919065237045288,0.5988654494285583,1.0,1.0,preview
306.25227069854736,0.9928376078605652,0.5988654494285583,1.0,1.0,preview
306.2929379940033,0.9938125014305115,0.5988654494285583,1.0,1.0,preview
306.33376812934875,0.9945521950721741,0.5988654494285583,1.0,1.0,preview
306.37386560440063,0.9794847965240479,0.5988654494285583,1.0,1.0,preview
306.41595458984375,0.9658448696136475,0.5988654494285583,1.0,1.0,preview
306.4550175666809,0.9526272416114807,0.5988654494285583,1.0,1.0,preview
306.4958395957947,0.9547445774078369,0.5988654494285583,1.0,1.0,preview
306.5365731716156,0.9568546414375305,0.5988654494285583,1.0,1.0,preview
306.5765278339386,0.9632497429847717,0.5988654494285583,1.0,1.0,preview
306.6169135570526,0.9663394689559937,0.5988654494285583,1.0,1.0,preview
306.65856862068176,0.9690921902656555,0.5988654494285583,1.0,1.0,preview
306.6977427005768,0.9739106893539429,0.5988654494285583,1.0,1.0,preview
306.74012660980225,0.9787635207176208,0.5988654494285583,1.0,1.0,preview
306.7804834842682,0.9855247139930725,0.5988654494285583,1.0,1.0,preview
306.82020568847656,0.9871758818626404,0.5988654494285583,1.0,1.0,preview
306.8604214191437,0.9888855218887329,0.5988654494285583,1.0,1.0,preview
306.90063428878784,0.9899470210075378,0.5988654494285583,1.0,1.0,preview
306.9424624443054,0.9915770292282104,0.5988654494285583,1.0,0.9867735505104065,preview
306.98256611824036,0.9941644668579102,0.5988654494285583,1.0,0.9575408101081848,preview
307.02344012260437,0.9948489665985107,0.5988654494285583,1.0,0.9629883766174316,preview
307.0626003742218,0.9543396830558777,0.5988654494285583,1.0,0.968504786491394,preview
307.1041576862335,0.9209314584732056,0.5988654494285583,1.0,0.9820854663848877,preview
307.1450409889221,0.8920716643333435,0.5988654494285583,1.0,0.9960007071495056,preview
307.1857690811157,0.8330971598625183,0.5988654494285583,1.0,1.0,preview
307.22682213783264,0.8039506673812866,0.5988654494285583,1.0,1.0,preview
307.26700139045715,0.8140087127685547,0.5988654494285583,1.0,1.0,preview
307.30755829811096,0.8271633386611938,0.5988654494285583,1.0,1.0,preview
307.34826159477234,0.8065342307090759,0.5988654494285583,1.0,1.0,preview
307.3878095149994,0.7988695502281189,0.5988654494285583,1.0,1.0,preview
307.42967534065247,0.8114131093025208,0.5988654494285583,1.0,1.0,preview
307.469601392746,0.8243130445480347,0.5988654494285583,1.0,1.0,preview
307.50964403152466,0.8104641437530518,0.5988654494285583,1.0,1.0,preview
307.5509662628174,0.8218303918838501,0.5988654494285583,1.0,1.0,preview
307.5913932323456,0.8456617593765259,0.5988654494285583,1.0,1.0,preview
307.63180780410767,0.881679892539978,0.5988654494285583,1.0,1.0,preview
307.6725642681122,0.8950405120849609,0.5988654494285583,1.0,1.0,preview
307.71253395080566,0.904845118522644,0.5988654494285583,1.0,1.0,preview
307.7547526359558,0.8919777870178223,0.5988654494285583,1.0,1.0,preview
307.7942373752594,0.9077443480491638,0.5988654494285583,1.0,1.0,preview
307.8348412513733,0.8960567712783813,0.5988654494285583,1.0,1.0,preview
307.87486743927,0.9030290842056274,0.5988654494285583,1.0,1.0,preview
307.91572880744934,0.908657968044281,0.7686474919319153,1.0,1.0,preview
307.956426858902,0.9077367186546326,0.7686474919319153,1.0,1.0,preview
307.99666452407837,0.9318051934242249,1.0,1.0,1.0,curvature
308.0376365184784,0.933053731918335,1.0,1.0,1.0,curvature
308.07957100868225,0.9341814517974854,1.0,1.0,1.0,curvature
308.1203463077545,0.928063690662384,1.0,1.0,1.0,curvature
308.1596803665161,0.9259551167488098,1.0,1.0,1.0,curvature
308.19906520843506,0.9213891625404358,1.0,1.0,1.0,curvature
308.2403509616852,0.9269488453865051,1.0,1.0,1.0,curvature
308.281081199646,0.9298918843269348,1.0,1.0,1.0,curvature
308.3212776184082,0.9329460263252258,1.0,1.0,1.0,curvature
308.3621952533722,0.9355401992797852,1.0,1.0,1.0,curvature
308.4025511741638,0.9402979612350464,1.0,1.0,1.0,curvature
308.4429852962494,0.9433973431587219,1.0,1.0,1.0,curvature
308.4835774898529,0.9446864128112793,1.0,1.0,1.0,curvature
308.52565908432007,0.9475355744361877,1.0,1.0,1.0,curvature
308.566237449646,0.9489136934280396,1.0,1.0,1.0,curvature
308.6045160293579,0.9447936415672302,1.0,1.0,1.0,curvature
308.6455092430115,0.9381458759307861,1.0,1.0,1.0,curvature
308.68605518341064,0.932720422744751,1.0,1.0,1.0,curvature
308.7271029949188,0.9348868727684021,1.0,1.0,1.0,curvature
308.76879811286926,0.9381517767906189,1.0,1.0,1.0,curvature
308.81010365486145,0.9439132213592529,1.0,1.0,1.0,curvature
308.8504774570465,0.9464637041091919,1.0,1.0,1.0,curvature
308.8900330066681,0.9489216804504395,1.0,1.0,1.0,curvature
308.93121695518494,0.9516502618789673,1.0,1.0,1.0,curvature
308.971568107605,0.9541089534759521,1.0,1.0,1.0,curvature
309.0120234489441,0.9591688513755798,1.0,1.0,1.0,curvature
309.05219650268555,0.9617538452148438,1.0,1.0,1.0,curvature
309.0922996997833,0.9638894200325012,1.0,1.0,1.0,curvature
309.1349244117737,0.9550821185112,1.0,1.0,1.0,curvature
309.17437958717346,0.9459055066108704,1.0,1.0,1.0,curvature
309.21392846107483,0.9396305680274963,1.0,1.0,1.0,curvature
309.2558274269104,0.942419171333313,1.0,1.0,1.0,curvature
309.29656863212585,0.945359468460083,1.0,1.0,1.0,curvature
309.33603858947754,0.9487332701683044,1.0,1.0,1.0,curvature
309.376314163208,0.952032208442688,1.0,1.0,1.0,curvature
309.416175365448,0.957988977432251,1.0,1.0,1.0,curvature
309.4576930999756,0.9604331851005554,1.0,1.0,1.0,curvature
309.4980912208557,0.9636949896812439,1.0,1.0,1.0,curvature
309.53875946998596,0.9522982835769653,1.0,1.0,1.0,curvature
309.57998514175415,0.9403247833251953,1.0,1.0,0.9905794262886047,curvature
309.6206212043762,0.9326463341712952,1.0,1.0,0.9739235639572144,curvature
309.6617889404297,0.9368947148323059,1.0,1.0,0.9749903678894043,curvature
309.7002754211426,0.941530168056488,1.0,1.0,0.9761803150177002,curvature
309.7405529022217,0.9448473453521729,1.0,1.0,0.9775385856628418,curvature
309.782128572464,0.9494779706001282,1.0,1.0,0.978987455368042,curvature
309.82239723205566,0.9569090008735657,1.0,1.0,0.982295036315918,curvature
309.86381101608276,0.9613472819328308,1.0,1.0,0.9840954542160034,curvature
309.9042880535126,0.9635195732116699,1.0,1.0,0.9859969019889832,curvature
309.9457051753998,0.9565132856369019,1.0,1.0,0.977384090423584,curvature
309.9853718280792,0.9473753571510315,1.0,1.0,0.9685431718826294,curvature
310.02595829963684,0.9424687623977661,1.0,1.0,0.9609482884407043,curvature
310.0662171840668,0.9471205472946167,1.0,1.0,0.9626898765563965,curvature
310.1065754890442,0.9498689770698547,1.0,1.0,0.9645369648933411,curvature
310.14857625961304,0.9548364281654358,1.0,1.0,0.9665509462356567,curvature
310.18960404396057,0.9598929286003113,1.0,1.0,0.9686183333396912,curvature
310.2281184196472,0.9673330783843994,1.0,1.0,0.9731361865997314,curvature
310.2700848579407,0.9693062901496887,1.0,1.0,0.9755089282989502,curvature
310.30814385414124,0.9738713502883911,1.0,1.0,0.9779675006866455,curvature
310.35114645957947,0.9606980085372925,1.0,1.0,0.9622504711151123,curvature
310.3909282684326,0.9451003670692444,1.0,1.0,0.946725070476532,curvature
310.43042731285095,0.9341054558753967,1.0,1.0,0.9329956769943237,lateral_error
310.4719772338867,0.9392948746681213,1.0,1.0,0.9350430369377136,lateral_error
310.5129306316376,0.942456841468811,1.0,1.0,0.9371979236602783,lateral_error
310.5539059638977,0.9481993317604065,1.0,1.0,0.9395344853401184,lateral_error
310.59408688545227,0.9539822936058044,1.0,1.0,0.9419228434562683,lateral_error
310.63424706459045,0.9626840949058533,1.0,1.0,0.9471266865730286,lateral_error
310.67516136169434,0.9650515913963318,1.0,1.0,0.9498564004898071,lateral_error
310.71543049812317,0.9704616665840149,1.0,1.0,0.9526836276054382,lateral_error
310.75446248054504,0.9752673506736755,1.0,1.0,0.9530707001686096,lateral_error
310.79659485816956,0.9762296676635742,1.0,1.0,0.9535735249519348,lateral_error
310.83777499198914,0.9821957349777222,1.0,1.0,0.9575201869010925,lateral_error
310.8773944377899,0.9875306487083435,1.0,1.0,0.960822582244873,lateral_error
310.9200818538666,0.992742121219635,1.0,1.0,0.9641894102096558,lateral_error
310.95972537994385,0.9935265183448792,1.0,1.0,0.9677186012268066,lateral_error
311.0005855560303,0.998313307762146,1.0,1.0,0.9711965322494507,lateral_error
311.0397398471832,0.9967149496078491,1.0,1.0,0.9783922433853149,lateral_error
311.0808515548706,0.9922243356704712,1.0,1.0,0.9819929599761963,lateral_error
311.1218514442444,0.9922366738319397,1.0,1.0,0.9856245517730713,lateral_error
311.1621642112732,0.9885830879211426,1.0,1.0,0.9868112802505493,lateral_error
311.20071387290955,0.9892118573188782,1.0,1.0,0.9880200028419495,lateral_error
311.2440447807312,0.9861618280410767,1.0,1.0,0.9931660890579224,curvature
311.28378558158875,0.9824586510658264,1.0,1.0,0.9969477653503418,curvature
311.3251359462738,0.9788849353790283,1.0,1.0,1.0,curvature
311.36353969573975,0.979750394821167,1.0,1.0,1.0,curvature
311.4050364494324,0.9765622615814209,1.0,1.0,1.0,curvature
311.4457178115845,0.9746465086936951,1.0,1.0,1.0,curvature
311.48626470565796,0.9718946814537048,1.0,1.0,1.0,curvature
311.5268316268921,0.9731554388999939,1.0,1.0,1.0,curvature
311.5661242008209,0.9860808253288269,1.0,1.0,1.0,curvature
311.6085195541382,0.9964219331741333,1.0,1.0,1.0,curvature
311.6482493877411,0.98412024974823,1.0,1.0,0.9971821904182434,curvature
311.6882903575897,0.9845548272132874,1.0,1.0,0.9996903538703918,curvature
311.729088306427,0.9881026744842529,1.0,1.0,1.0,curvature
311.77077317237854,0.9888607859611511,1.0,1.0,1.0,curvature
311.8121728897095,0.6781226396560669,0.4005413353443146,1.0,1.0,preview
311.85161685943604,0.6820829510688782,0.4005413353443146,1.0,1.0,preview
311.89309668540955,0.679130494594574,0.4005413353443146,1.0,1.0,preview
311.93205523490906,0.6813041567802429,0.4005413353443146,1.0,1.0,preview
311.9735312461853,0.7352394461631775,0.4005413353443146,1.0,1.0,preview
312.0149507522583,0.7728829979896545,0.4005413353443146,1.0,1.0,preview
312.05564856529236,0.9181989431381226,0.4005413353443146,1.0,1.0,preview
312.0969262123108,0.9433898329734802,0.4005413353443146,1.0,1.0,preview
312.13827633857727,0.9412199258804321,0.4005413353443146,1.0,1.0,preview
312.1777853965759,0.9376726746559143,0.4005413353443146,1.0,1.0,preview
312.21776032447815,0.8537514805793762,0.4005413353443146,1.0,1.0,preview
312.25791811943054,0.8594878911972046,0.4005413353443146,1.0,1.0,preview
312.2998306751251,0.7970771193504333,0.4005413353443146,1.0,1.0,preview
312.3403904438019,0.8053027391433716,0.4005413353443146,1.0,1.0,preview
312.38071942329407,0.6975233554840088,0.4005413353443146,1.0,1.0,preview
312.4214196205139,0.6559627652168274,0.4005413353443146,1.0,1.0,preview
312.46094250679016,0.6414571404457092,0.4005413353443146,1.0,1.0,preview
312.5027606487274,0.626560389995575,0.4005413353443146,1.0,1.0,preview
312.54286003112793,0.6475176215171814,0.4005413353443146,1.0,1.0,preview
312.5832407474518,0.6717788577079773,0.4005413353443146,1.0,1.0,preview
312.6235203742981,0.6939687132835388,0.4005413353443146,1.0,1.0,preview
312.6655418872833,0.7137721180915833,0.4005413353443146,1.0,1.0,preview
312.7049231529236,0.7350450158119202,0.4005413353443146,1.0,1.0,preview
312.74491357803345,0.739041268825531,0.4005413353443146,1.0,1.0,preview
312.78625440597534,0.6274383664131165,0.4005413353443146,1.0,1.0,preview
312.8266878128052,0.5538809299468994,0.4005413353443146,1.0,1.0,preview
312.8664402961731,0.5263158082962036,0.4005413353443146,1.0,1.0,preview
312.9067907333374,0.538074254989624,0.4005413353443146,1.0,1.0,preview
312.94705295562744,0.5623777508735657,0.4005413353443146,1.0,1.0,preview
312.9871189594269,0.5892786979675293,0.4005413353443146,1.0,1.0,preview
313.02802991867065,0.6146743297576904,0.4005413353443146,1.0,1.0,preview
313.0707337856293,0.6823980212211609,0.4005413353443146,1.0,1.0,preview
313.1110336780548,0.7063261270523071,0.4005413353443146,1.0,1.0,preview
313.1504600048065,0.7283559441566467,0.4005413353443146,1.0,1.0,preview
313.19248843193054,0.7906683087348938,0.4005413353443146,1.0,1.0,preview
313.2324209213257,0.8161423802375793,0.4005413353443146,1.0,1.0,preview
313.2734429836273,0.8512527942657471,0.4005413353443146,1.0,1.0,preview
313.3113739490509,0.9331598281860352,0.4005413353443146,1.0,1.0,preview
313.3533573150635,0.9481533765792847,0.4005413353443146,1.0,1.0,preview
313.39311718940735,0.9597388505935669,0.4005413353443146,1.0,1.0,preview
313.4347298145294,0.9667579531669617,0.4005413353443146,1.0,1.0,preview
313.47391748428345,0.9348963499069214,0.4005413353443146,1.0,1.0,preview
313.5159933567047,0.9336303472518921,0.4005413353443146,1.0,1.0,preview
313.5564589500427,0.937889039516449,0.4005413353443146,1.0,1.0,preview
313.59684443473816,0.704887330532074,0.4005413353443146,1.0,0.8796932101249695,preview
313.638555765152,0.5645222067832947,0.4005413353443146,1.0,0.8889486193656921,preview
313.6779737472534,0.5263158082962036,0.4005413353443146,1.0,0.9082916378974915,preview
313.7202055454254,0.5263158082962036,0.4005413353443146,1.0,0.9180604815483093,preview
313.75937724113464,0.5263158082962036,0.4005413353443146,1.0,0.9279565811157227,preview
313.80032896995544,0.5263158082962036,0.4005413353443146,1.0,0.9382559657096863,preview
313.8396487236023,0.5263158082962036,0.4005413353443146,1.0,0.9483324885368347,preview
313.88106298446655,0.5263158082962036,0.4005413353443146,1.0,0.9675753712654114,preview
313.922922372818,0.5263158082962036,0.4005413353443146,1.0,0.9763895869255066,preview
313.96319699287415,0.5263158082962036,0.4005413353443146,1.0,0.9851693511009216,preview
314.00237369537354,0.5263158082962036,0.4005413353443146,1.0,0.9956384301185608,preview
314.0441589355469,0.5263158082962036,0.4005413353443146,1.0,1.0,preview
314.0850100517273,0.5263158082962036,0.4005413353443146,1.0,1.0,preview
314.1238956451416,0.5263158082962036,0.4005413353443146,1.0,1.0,preview
314.16440296173096,0.5263158082962036,0.4005413353443146,1.0,1.0,preview
314.20440697669983,0.5263158082962036,0.4005413353443146,1.0,1.0,preview
314.24551820755005,0.5263158082962036,0.4005413353443146,1.0,1.0,preview
314.2860531806946,0.6241475343704224,1.0,1.0,1.0,curvature
314.32695412635803,0.6313431859016418,1.0,1.0,1.0,curvature
314.36635756492615,0.63697350025177,1.0,1.0,1.0,curvature
314.40900921821594,0.6531680822372437,1.0,1.0,1.0,curvature
314.4494996070862,0.6591259241104126,1.0,1.0,1.0,curvature
314.4889783859253,0.6736576557159424,1.0,1.0,1.0,curvature
314.52972745895386,0.6806896924972534,1.0,1.0,1.0,curvature
314.57076716423035,0.6964328289031982,1.0,1.0,1.0,curvature
314.61017179489136,0.7039843201637268,1.0,1.0,1.0,curvature
314.6523554325104,0.7115541696548462,1.0,1.0,1.0,curvature
314.69237089157104,0.7307379245758057,1.0,1.0,1.0,curvature
314.7313551902771,0.7413676977157593,1.0,1.0,1.0,curvature
314.7729263305664,0.7522410154342651,1.0,1.0,1.0,curvature
314.81405687332153,0.7645419239997864,1.0,1.0,1.0,curvature
314.8552448749542,0.7698196768760681,1.0,1.0,1.0,curvature
314.8959770202637,0.7823634147644043,1.0,1.0,1.0,curvature
314.93504309654236,0.7878528833389282,1.0,1.0,1.0,curvature
314.97548246383667,0.7922905087471008,1.0,1.0,1.0,curvature
315.0174939632416,0.7988075017929077,1.0,1.0,1.0,curvature
315.05794405937195,0.8012227416038513,1.0,1.0,1.0,curvature
315.0985071659088,0.8111582398414612,1.0,1.0,1.0,curvature
315.13893151283264,0.8170784115791321,1.0,1.0,0.9996874928474426,curvature
315.1788899898529,0.8224856853485107,1.0,1.0,0.9955299496650696,curvature
315.21927762031555,0.8309364318847656,1.0,1.0,0.9916278123855591,curvature
315.2603738307953,0.837040901184082,1.0,1.0,0.9882051348686218,curvature
315.29980993270874,0.8499114513397217,1.0,1.0,0.9828689098358154,curvature
315.3421666622162,0.8586412072181702,1.0,1.0,0.9811170697212219,curvature
315.38089060783386,0.868059515953064,1.0,1.0,0.9797787070274353,curvature
315.4222900867462,0.8743322491645813,1.0,1.0,0.9780465364456177,curvature
315.46428203582764,0.8802884221076965,1.0,1.0,0.9766473174095154,curvature
315.50282526016235,0.8914932608604431,1.0,1.0,0.9745970368385315,curvature
315.5440299510956,0.898138165473938,1.0,1.0,0.973960280418396,curvature
315.58363699913025,0.9036940336227417,1.0,1.0,0.9735521674156189,curvature
315.6240997314453,0.9087348580360413,1.0,1.0,0.973354160785675,curvature
315.66549468040466,0.9136093258857727,1.0,1.0,0.9733774662017822,curvature
315.7057740688324,0.9174633026123047,1.0,1.0,0.9675745368003845,curvature
315.74661350250244,0.9165863990783691,1.0,1.0,0.9618624448776245,curvature
315.7883982658386,0.9155648350715637,1.0,1.0,0.9562749862670898,curvature
315.8284361362457,0.9205039143562317,1.0,1.0,0.9570403099060059,curvature
315.867648601532,0.9246440529823303,1.0,1.0,0.9579611420631409,curvature
315.90834641456604,0.9348127841949463,1.0,1.0,0.9603424668312073,curvature
315.94819164276123,0.9399781823158264,1.0,1.0,0.9617627263069153,curvature
315.9896504878998,0.9432905912399292,1.0,1.0,0.963330864906311,curvature
316.02974152565,0.9479551315307617,1.0,1.0,0.9650880098342896,curvature
316.07215905189514,0.9525473117828369,1.0,1.0,0.9669203758239746,curvature
316.11272406578064,0.9529231786727905,1.0,1.0,0.96189945936203,curvature
316.1525459289551,0.9508135914802551,1.0,1.0,0.9552819132804871,curvature
316.1934504508972,0.9487391114234924,1.0,1.0,0.9488095045089722,curvature
316.23538994789124,0.9534049034118652,1.0,1.0,0.9510879516601562,lateral_error
316.27580165863037,0.9560062885284424,1.0,1.0,0.9534072279930115,lateral_error
316.31436467170715,0.9655535817146301,1.0,1.0,0.9584313631057739,lateral_error
316.35515451431274,0.9703984260559082,1.0,1.0,0.9610599875450134,lateral_error
316.3965787887573,0.9723809957504272,1.0,1.0,0.963782548904419,lateral_error
316.4363782405853,0.9767119884490967,1.0,1.0,0.9666754007339478,lateral_error
316.4778516292572,0.981037437915802,1.0,1.0,0.9695664048194885,lateral_error
316.517347574234,0.9928910136222839,1.0,1.0,0.9783051013946533,lateral_error
316.55908465385437,0.9970861673355103,1.0,1.0,0.9841840267181396,lateral_error
316.59930872917175,0.9956666231155396,1.0,1.0,0.9903310537338257,lateral_error
316.6375346183777,0.9921049475669861,1.0,1.0,0.9938943386077881,curvature
316.67950534820557,0.9888466596603394,1.0,1.0,0.9973883032798767,curvature
316.71999168395996,0.9863370656967163,1.0,1.0,1.0,curvature
316.7606472969055,0.9837270975112915,1.0,1.0,1.0,curvature
316.80075764656067,0.9812655448913574,1.0,1.0,1.0,curvature
316.84164094924927,0.9830597639083862,1.0,1.0,1.0,curvature
316.8831317424774,0.9848203659057617,1.0,1.0,1.0,curvature
316.92329835891724,0.987500011920929,1.0,1.0,1.0,curvature
316.96326184272766,0.9852504134178162,1.0,1.0,1.0,curvature
317.0049750804901,0.9829959273338318,1.0,1.0,1.0,curvature
317.04520320892334,0.9837775826454163,1.0,1.0,1.0,curvature
317.08598041534424,0.9816820621490479,1.0,1.0,1.0,curvature
317.12633538246155,0.9785950183868408,1.0,1.0,1.0,curvature
317.1657004356384,0.9775479435920715,1.0,1.0,1.0,curvature
317.2065875530243,0.9793977737426758,1.0,1.0,1.0,curvature
317.24692153930664,0.9777798056602478,1.0,1.0,1.0,curvature
317.2886164188385,0.9761049151420593,1.0,1.0,1.0,curvature
317.32959365844727,0.9756604433059692,1.0,1.0,1.0,curvature
317.3694519996643,0.9742653965950012,1.0,1.0,1.0,curvature
317.4090430736542,0.9729459881782532,1.0,1.0,1.0,curvature
317.4517230987549,0.9817420840263367,1.0,1.0,1.0,curvature
317.49125957489014,0.9929298162460327,1.0,1.0,1.0,curvature
317.53110671043396,0.9786967635154724,0.8401114344596863,1.0,1.0,preview
317.5738568305969,0.9475975036621094,0.7243035435676575,1.0,1.0,preview
317.61246371269226,0.9508366584777832,0.7243035435676575,1.0,1.0,preview
317.65250754356384,0.9498510956764221,0.7243035435676575,1.0,1.0,preview
317.6936721801758,0.9582259058952332,0.7243035435676575,1.0,1.0,preview
317.7339508533478,0.9527549743652344,0.7243035435676575,1.0,1.0,preview
317.7744245529175,0.9442387223243713,0.7243035435676575,1.0,1.0,preview
317.8156781196594,0.9302089810371399,0.7243035435676575,1.0,1.0,preview
317.8581631183624,0.9398036599159241,0.7243035435676575,1.0,1.0,preview
317.89771342277527,0.9442471861839294,0.7243035435676575,1.0,1.0,preview
317.93686294555664,0.9660252928733826,0.7243035435676575,1.0,1.0,preview
317.97902727127075,0.9699506163597107,0.7243035435676575,1.0,1.0,preview
318.0180411338806,0.980668306350708,0.7243035435676575,1.0,1.0,preview
318.0580585002899,0.9538697004318237,0.7243035435676575,1.0,1.0,preview
318.0998692512512,0.9223522543907166,0.7243035435676575,1.0,1.0,preview
318.1411283016205,0.9042208194732666,0.7243035435676575,1.0,1.0,preview
318.18144631385803,0.9156780242919922,0.7243035435676575,1.0,1.0,preview
318.2207262516022,0.9284197688102722,0.7243035435676575,1.0,1.0,preview
318.2609531879425,0.9343472123146057,0.7243035435676575,1.0,1.0,preview
318.3026144504547,0.9468930959701538,0.7243035435676575,1.0,1.0,preview
318.34273076057434,0.9685859084129333,0.7243035435676575,1.0,1.0,preview
318.38469195365906,0.9761871099472046,0.7243035435676575,1.0,1.0,preview
318.42376613616943,0.9928110241889954,0.7243035435676575,1.0,1.0,preview
318.463182926178,0.9952800869941711,0.7243035435676575,1.0,1.0,preview
318.5069556236267,0.994023323059082,0.7243035435676575,1.0,1.0,preview
318.54609417915344,0.997410774230957,0.7243035435676575,1.0,1.0,preview
318.5869038105011,0.9988703727722168,0.7243035435676575,1.0,1.0,preview
318.6266210079193,0.9989405274391174,0.7243035435676575,1.0,1.0,preview
318.66798996925354,0.9958956241607666,0.7243035435676575,1.0,1.0,preview
318.70791578292847,0.9874399900436401,0.7243035435676575,1.0,1.0,preview
318.7481679916382,0.9829482436180115,0.7243035435676575,1.0,1.0,preview
318.7894878387451,0.9870455861091614,0.7243035435676575,1.0,1.0,preview
318.82982897758484,0.9880890250205994,0.7243035435676575,1.0,1.0,preview
318.87070655822754,0.9923927783966064,0.7243035435676575,1.0,1.0,preview
318.9118809700012,0.9932608604431152,0.7243035435676575,1.0,1.0,preview
318.9509720802307,0.9980636835098267,0.7243035435676575,1.0,1.0,preview
318.9923095703125,0.9978876709938049,0.7243035435676575,1.0,1.0,preview
319.03260254859924,0.9977052807807922,0.7243035435676575,1.0,1.0,preview
319.07396054267883,0.993462860584259,0.7243035435676575,1.0,1.0,preview
319.1149547100067,0.9885491132736206,0.7243035435676575,1.0,1.0,preview
319.154905796051,0.9842007160186768,0.7243035435676575,1.0,1.0,preview
319.1950623989105,0.9849539995193481,0.7243035435676575,1.0,1.0,preview
319.23582196235657,0.9896071553230286,0.7243035435676575,1.0,1.0,preview
319.27566361427307,0.9905930757522583,0.7243035435676575,1.0,1.0,preview
319.3179602622986,0.995080292224884,0.7243035435676575,1.0,1.0,preview
319.3572897911072,0.9996764659881592,0.7243035435676575,1.0,1.0,preview
319.3983085155487,0.9992896914482117,0.7243035435676575,1.0,1.0,preview
319.43828296661377,0.9953324794769287,0.7243035435676575,1.0,1.0,preview
319.4784972667694,0.9890661835670471,0.7243035435676575,1.0,1.0,preview
319.519490480423,0.9822729229927063,0.8548679351806641,1.0,1.0,preview
319.5607750415802,0.9805455803871155,1.0,1.0,1.0,curvature
319.60104036331177,0.980627179145813,1.0,1.0,1.0,curvature
319.6426348686218,0.980883777141571,1.0,1.0,1.0,curvature
319.68275117874146,0.9812683463096619,1.0,1.0,1.0,curvature
319.7245590686798,0.981686532497406,1.0,1.0,1.0,curvature
319.76607489585876,0.9831152558326721,1.0,1.0,1.0,curvature
319.8061611652374,0.9833064675331116,1.0,1.0,1.0,curvature
319.8473575115204,0.9841910004615784,1.0,1.0,1.0,curvature
319.88791823387146,0.9936804175376892,1.0,1.0,1.0,curvature
319.92741799354553,0.9961181282997131,1.0,1.0,1.0,curvature
319.9698746204376,0.9866881966590881,1.0,1.0,1.0,curvature
320.00842356681824,0.9874094724655151,1.0,1.0,1.0,curvature
320.04809498786926,0.9883558750152588,1.0,1.0,1.0,curvature
320.089821100235,0.989004909992218,1.0,1.0,1.0,curvature
320.1287350654602,0.9899609088897705,1.0,1.0,1.0,curvature
320.1713387966156,0.9914620518684387,1.0,1.0,1.0,curvature
320.21038794517517,0.9923896789550781,1.0,1.0,1.0,curvature
320.25128388404846,0.9928332567214966,1.0,1.0,1.0,curvature
320.2909438610077,0.9869178533554077,1.0,1.0,1.0,curvature
320.33286333084106,0.9806970953941345,1.0,1.0,1.0,curvature
320.3729040622711,0.9757104516029358,1.0,1.0,1.0,curvature
320.4145939350128,0.9770528078079224,1.0,1.0,1.0,curvature
320.4541621208191,0.9782212376594543,1.0,1.0,1.0,curvature
320.49589109420776,0.9798272252082825,1.0,1.0,1.0,curvature
320.53518414497375,0.9814478158950806,1.0,1.0,1.0,curvature
320.57398676872253,0.9841422438621521,1.0,1.0,1.0,curvature
320.61787271499634,0.9850561618804932,1.0,1.0,1.0,curvature
320.65866208076477,0.9865249991416931,1.0,1.0,1.0,curvature
320.698406457901,0.9914348721504211,1.0,1.0,1.0,curvature
320.73773741722107,0.9955361485481262,1.0,1.0,1.0,curvature
320.77863812446594,0.9990859031677246,1.0,1.0,1.0,curvature
320.8204641342163,0.9980111718177795,1.0,1.0,1.0,curvature
320.8608047962189,0.9979994297027588,1.0,1.0,1.0,curvature
320.89972829818726,0.9972208142280579,1.0,1.0,1.0,curvature
320.9418170452118,0.9964213371276855,1.0,1.0,1.0,curvature
320.9831154346466,0.9957841038703918,1.0,1.0,1.0,curvature
321.022136926651,0.9959455132484436,1.0,1.0,1.0,curvature
321.06540274620056,0.9953045845031738,1.0,1.0,1.0,curvature
321.1036865711212,0.9888603687286377,1.0,1.0,1.0,curvature
321.1458251476288,0.9817538261413574,1.0,1.0,1.0,curvature
321.18596625328064,0.9755119681358337,1.0,1.0,1.0,curvature
321.22891068458557,0.9754458665847778,1.0,1.0,1.0,curvature
321.2684636116028,0.9766317009925842,1.0,1.0,1.0,curvature
321.3085386753082,0.9770194292068481,1.0,1.0,1.0,curvature
321.34722113609314,0.9781592488288879,1.0,1.0,1.0,curvature
321.3880703449249,0.9758936762809753,1.0,1.0,1.0,curvature
321.43052339553833,0.9740603566169739,1.0,1.0,1.0,curvature
321.4686563014984,0.971473753452301,1.0,1.0,1.0,curvature
321.51109552383423,0.9728013873100281,1.0,1.0,1.0,curvature
321.55279445648193,0.9734790325164795,1.0,1.0,1.0,curvature
321.59109568595886,0.9756168723106384,1.0,1.0,1.0,curvature
321.63188672065735,0.976418673992157,1.0,1.0,1.0,curvature
321.671799659729,0.9777036905288696,1.0,1.0,1.0,curvature
321.71157574653625,0.972974956035614,1.0,1.0,1.0,curvature
321.7531931400299,0.9683285355567932,1.0,1.0,1.0,curvature
321.7938554286957,0.9653738737106323,1.0,1.0,1.0,curvature
321.83438420295715,0.9670373797416687,1.0,1.0,1.0,curvature
321.8752501010895,0.968428909778595,1.0,1.0,1.0,curvature
321.91495084762573,0.9699504971504211,1.0,1.0,1.0,curvature
321.95689487457275,0.9715873003005981,1.0,1.0,1.0,curvature
321.9959444999695,0.9535201191902161,1.0,1.0,1.0,curvature
322.03702425956726,0.9355710744857788,1.0,1.0,1.0,curvature
322.0781548023224,0.9196231365203857,1.0,1.0,1.0,curvature
322.11887526512146,0.9227414727210999,1.0,1.0,1.0,curvature
322.15891456604004,0.9252302050590515,1.0,1.0,1.0,curvature
322.1984784603119,0.9322174787521362,1.0,1.0,1.0,curvature
322.2403049468994,0.9354842305183411,1.0,1.0,1.0,curvature
322.2806854248047,0.9387102127075195,1.0,1.0,1.0,curvature
322.3205738067627,0.9388611316680908,1.0,1.0,1.0,curvature
322.36127948760986,0.9390850067138672,1.0,1.0,1.0,curvature
322.40230560302734,0.6943333745002747,0.4591163098812103,1.0,1.0,preview
322.44453382492065,0.6866940855979919,0.4591163098812103,1.0,1.0,preview
322.48405265808105,0.6837676167488098,0.4591163098812103,1.0,1.0,preview
322.52387952804565,0.6955675482749939,0.4591163098812103,1.0,1.0,preview
322.56457257270813,0.7080507874488831,0.4591163098812103,1.0,1.0,preview
322.6054563522339,0.7408517003059387,0.4591163098812103,1.0,1.0,preview
322.644727230072,0.6473917961120605,0.4065535068511963,1.0,1.0,preview
322.686181306839,0.6240990161895752,0.4065535068511963,1.0,1.0,preview
322.7250006198883,0.6681039333343506,0.4065535068511963,1.0,1.0,preview
322.7689085006714,0.6981914639472961,0.4065535068511963,1.0,1.0,preview
322.80809712409973,0.8048131465911865,0.4065535068511963,1.0,1.0,preview
322.846764087677,0.8341123461723328,0.4065535068511963,1.0,1.0,preview
322.89003586769104,0.9388468861579895,0.4065535068511963,1.0,1.0,preview
322.92925453186035,0.9155284762382507,0.4065535068511963,1.0,1.0,preview
322.97109270095825,0.882770299911499,0.4065535068511963,1.0,1.0,preview
323.0097870826721,0.9613328576087952,0.4065535068511963,1.0,1.0,preview
323.0520923137665,0.9754554629325867,0.4065535068511963,1.0,1.0,preview
323.09196877479553,0.9812582731246948,0.4065535068511963,1.0,1.0,preview
323.13257217407227,0.9071213603019714,0.4065535068511963,1.0,1.0,preview
323.1729943752289,0.9042885303497314,0.4065535068511963,1.0,1.0,preview
323.2142837047577,0.9179658889770508,0.4065535068511963,1.0,1.0,preview
323.2533140182495,0.8387043476104736,0.4065535068511963,1.0,1.0,preview
323.29500699043274,0.8466156721115112,0.4065535068511963,1.0,1.0,preview
323.33712697029114,0.8578713536262512,0.4065535068511963,1.0,1.0,preview
323.3772761821747,0.7955548763275146,0.4065535068511963,1.0,1.0,preview
323.41827034950256,0.8207306861877441,0.4065535068511963,1.0,1.0,preview
323.45843625068665,0.8344681262969971,0.4065535068511963,1.0,1.0,preview
323.50018763542175,0.7848111391067505,0.4065535068511963,1.0,1.0,preview
323.5389919281006,0.7345184087753296,0.4065535068511963,1.0,1.0,preview
323.5810282230377,0.6910621523857117,0.4065535068511963,1.0,1.0,preview
323.6189663410187,0.6332061290740967,0.4065535068511963,1.0,1.0,preview
323.6615846157074,0.6533989310264587,0.4065535068511963,1.0,1.0,preview
323.6998944282532,0.6761372089385986,0.4065535068511963,1.0,1.0,preview
323.74232244491577,0.6995887160301208,0.4065535068511963,1.0,1.0,preview
323.78258633613586,0.6935805678367615,0.4065535068511963,1.0,1.0,preview
323.82438611984253,0.7366695404052734,0.4065535068511963,1.0,1.0,preview
323.8661949634552,0.7380069494247437,0.4065535068511963,1.0,1.0,preview
323.9050827026367,0.7581250667572021,0.4065535068511963,1.0,1.0,preview
323.9449133872986,0.7787926197052002,0.4065535068511963,1.0,1.0,preview
323.98615074157715,0.7987222671508789,0.4065535068511963,1.0,1.0,preview
324.02701783180237,0.8058169484138489,0.4065535068511963,1.0,1.0,preview
324.06652665138245,0.8017426133155823,0.4065535068511963,1.0,1.0,preview
324.1080026626587,0.7965467572212219,0.4065535068511963,1.0,1.0,preview
324.14727115631104,0.811200737953186,0.4065535068511963,1.0,1.0,preview
324.18981742858887,0.8285038471221924,0.4065535068511963,1.0,1.0,preview
324.22909474372864,0.8612483739852905,0.4065535068511963,1.0,1.0,preview
324.2710726261139,0.7937666773796082,0.4065535068511963,1.0,1.0,preview
324.3110258579254,0.8042458891868591,0.4065535068511963,1.0,1.0,preview
324.3537781238556,0.8209512233734131,0.4065535068511963,1.0,1.0,preview
324.39290022850037,0.8358957767486572,0.4065535068511963,1.0,1.0,preview
324.43186044692993,0.7954440116882324,0.4065535068511963,1.0,1.0,preview
324.4723436832428,0.8072694540023804,0.4065535068511963,1.0,1.0,preview
324.5124373435974,0.7639577388763428,0.4065535068511963,1.0,1.0,preview
324.5528197288513,0.7783914804458618,0.4065535068511963,1.0,1.0,preview
324.59404969215393,0.7961069941520691,0.4065535068511963,1.0,1.0,preview
324.63551092147827,0.7803691029548645,0.4065535068511963,1.0,1.0,preview
324.6763792037964,0.7960635423660278,0.4065535068511963,1.0,1.0,preview
324.715208530426,0.8130461573600769,0.4065535068511963,1.0,1.0,preview
324.75598311424255,0.8343520164489746,0.4065535068511963,1.0,1.0,preview
324.7979588508606,0.8224349021911621,0.4065535068511963,1.0,0.8546417951583862,preview
324.83820390701294,0.5263158082962036,0.4065535068511963,1.0,0.871845543384552,preview
324.879647731781,0.5263158082962036,0.4065535068511963,1.0,0.881836473941803,preview
324.9205150604248,0.5263158082962036,0.4065535068511963,1.0,0.892055869102478,preview
324.9587924480438,0.5263158082962036,0.4065535068511963,1.0,0.9028165936470032,preview
325.00075006484985,0.5263158082962036,0.4065535068511963,1.0,0.9134787917137146,preview
325.0408835411072,0.5263158082962036,0.4065535068511963,1.0,0.9357311129570007,preview
325.0818910598755,0.5263158082962036,0.4065535068511963,1.0,0.9469655156135559,preview
325.1207890510559,0.5263158082962036,0.4065535068511963,1.0,0.9583690166473389,preview
325.1634769439697,0.5263158082962036,0.4065535068511963,1.0,0.970288097858429,preview
325.2034034729004,0.5263158082962036,0.4065535068511963,1.0,0.9820104241371155,preview
325.2426061630249,0.5263158082962036,0.4065535068511963,1.0,1.0,preview
325.28404450416565,0.5263158082962036,0.4065535068511963,1.0,1.0,preview
325.3230209350586,0.5263158082962036,0.4065535068511963,1.0,1.0,preview
325.36562728881836,0.5263158082962036,0.4065535068511963,1.0,1.0,preview
325.40673208236694,0.5263158082962036,0.4065535068511963,1.0,1.0,preview
325.4470148086548,0.542868971824646,1.0,1.0,1.0,curvature
325.4872155189514,0.5595369338989258,1.0,1.0,1.0,curvature
325.52799105644226,0.5645294189453125,1.0,1.0,1.0,curvature
325.5683081150055,0.5689053535461426,1.0,1.0,1.0,curvature
325.60874247550964,0.5842507481575012,1.0,1.0,1.0,curvature
325.6499218940735,0.596443772315979,1.0,1.0,1.0,curvature
325.6905689239502,0.6022042632102966,1.0,1.0,1.0,curvature
325.73100209236145,0.608403205871582,1.0,1.0,1.0,curvature
325.77074933052063,0.6182586550712585,1.0,1.0,1.0,curvature
325.8124005794525,0.6201029419898987,1.0,1.0,1.0,curvature
325.8517498970032,0.637122392654419,1.0,1.0,1.0,curvature
325.8918468952179,0.6418428421020508,1.0,1.0,1.0,curvature
325.9327394962311,0.651404082775116,1.0,1.0,1.0,curvature
325.9729585647583,0.6547490358352661,1.0,1.0,1.0,curvature
326.0138244628906,0.6640471816062927,1.0,1.0,1.0,curvature
326.05602622032166,0.67680823802948,1.0,1.0,0.9942904710769653,curvature
326.09647154808044,0.6822061538696289,1.0,1.0,0.9856384992599487,curvature
326.1361300945282,0.6859968900680542,1.0,1.0,0.9775027632713318,curvature
326.1779816150665,0.7024893760681152,1.0,1.0,0.9768794775009155,curvature
326.2177891731262,0.7165303230285645,1.0,1.0,0.9774779677391052,curvature
326.25847601890564,0.735136091709137,1.0,1.0,0.9728527665138245,curvature
326.30097699165344,0.7438580989837646,1.0,1.0,0.9670907855033875,curvature
326.33783984184265,0.7546162009239197,1.0,1.0,0.9617483019828796,curvature
326.3800370693207,0.7616223096847534,1.0,1.0,0.9566577076911926,curvature
326.4209625720978,0.7678103446960449,1.0,1.0,0.952382504940033,curvature
326.4603524208069,0.7810717821121216,1.0,1.0,0.9417051672935486,curvature
326.50315380096436,0.7871859669685364,1.0,1.0,0.9358494877815247,curvature
326.54135155677795,0.7944851517677307,1.0,1.0,0.9303887486457825,curvature
326.58231377601624,0.8015754222869873,1.0,1.0,0.9274730682373047,curvature
326.6222651004791,0.8086315989494324,1.0,1.0,0.9249756932258606,curvature
326.66480135917664,0.8238673806190491,1.0,1.0,0.9208670258522034,curvature
326.704861164093,0.832729697227478,1.0,1.0,0.919312596321106,curvature
326.74505257606506,0.8405863642692566,1.0,1.0,0.918059766292572,curvature
326.7852818965912,0.8499168157577515,1.0,1.0,0.914455771446228,curvature
326.8280498981476,0.859771192073822,1.0,1.0,0.9120274186134338,curvature
326.86718463897705,0.8770253658294678,1.0,1.0,0.9108121991157532,curvature
326.9063894748688,0.8856074213981628,1.0,1.0,0.9112433791160583,curvature
326.94860219955444,0.8931641578674316,1.0,1.0,0.911907434463501,curvature
326.98977398872375,0.8996455669403076,1.0,1.0,0.9128236770629883,curvature
327.02929973602295,0.9067156314849854,1.0,1.0,0.9139381051063538,curvature
327.06968998908997,0.9232863783836365,1.0,1.0,0.9187086224555969,lateral_error
327.1094892024994,0.9332490563392639,1.0,1.0,0.9226827025413513,lateral_error
327.1503520011902,0.9410824179649353,1.0,1.0,0.9272757172584534,lateral_error
327.19202303886414,0.946948766708374,1.0,1.0,0.92969810962677,lateral_error
327.23279309272766,0.9527691006660461,1.0,1.0,0.9322130680084229,lateral_error
327.27332496643066,0.9612037539482117,1.0,1.0,0.9377490282058716,lateral_error
327.312833070755,0.9665363430976868,1.0,1.0,0.9406677484512329,lateral_error
327.35267066955566,0.9716114401817322,1.0,1.0,0.9436954259872437,lateral_error
327.39378786087036,0.9765945672988892,1.0,1.0,0.946914792060852,lateral_error
327.4347839355469,0.5672100186347961,0.40442904829978943,1.0,0.950133740901947,preview
327.4744837284088,0.575145959854126,0.40442904829978943,1.0,0.9594714641571045,preview
327.5159258842468,0.5900384783744812,0.40442904829978943,1.0,0.9661226868629456,preview
327.5556445121765,0.5985035300254822,0.40442904829978943,1.0,0.9736452698707581,preview
327.59578108787537,0.6244729161262512,0.40442904829978943,1.0,0.9783750772476196,preview
327.63744616508484,0.6371976733207703,0.40442904829978943,1.0,0.9834559559822083,preview
327.67958092689514,0.7287852764129639,0.40442904829978943,1.0,0.9954703450202942,preview
327.7178957462311,0.8174915909767151,0.40442904829978943,1.0,1.0,preview
327.7597301006317,0.850085973739624,0.40442904829978943,1.0,1.0,preview
327.8002951145172,0.9784371256828308,0.40442904829978943,1.0,1.0,preview
327.84108662605286,0.9998994469642639,0.40442904829978943,1.0,1.0,preview
327.88105177879333,0.8538985252380371,0.40442904829978943,1.0,1.0,preview
327.92133355140686,0.7518391013145447,0.40442904829978943,1.0,1.0,preview
327.96208930015564,0.7429928779602051,0.40442904829978943,1.0,1.0,preview
328.0013165473938,0.7594271302223206,0.40442904829978943,1.0,1.0,preview
328.0453190803528,0.7060348987579346,0.40442904829978943,1.0,1.0,preview
328.0859229564667,0.7346352338790894,0.40442904829978943,1.0,1.0,preview
328.12659883499146,0.6939521431922913,0.40442904829978943,1.0,1.0,preview
328.16509771347046,0.7098017930984497,0.40442904829978943,1.0,1.0,preview
328.2082576751709,0.820694625377655,0.40442904829978943,1.0,1.0,preview
328.2478857040405,0.8744646906852722,0.40442904829978943,1.0,1.0,preview
328.28571605682373,0.9784371256828308,0.40442904829978943,1.0,1.0,preview
328.32857728004456,0.9646992087364197,0.40442904829978943,1.0,1.0,preview
328.3671417236328,0.958753764629364,0.40442904829978943,1.0,1.0,preview
328.4076900482178,0.9564635753631592,0.40442904829978943,1.0,1.0,preview
328.4490976333618,0.9611753821372986,0.40442904829978943,1.0,1.0,preview
328.48923993110657,0.8781291246414185,0.40442904829978943,1.0,1.0,preview
328.5295641422272,0.8671743273735046,0.40442904829978943,1.0,1.0,preview
328.5699260234833,0.8028939962387085,0.40442904829978943,1.0,1.0,preview
328.61105823516846,0.812329113483429,0.40442904829978943,1.0,1.0,preview
328.6508278846741,0.8245904445648193,0.40442904829978943,1.0,1.0,preview
328.69236040115356,0.8026652336120605,0.40442904829978943,1.0,1.0,preview
328.7328200340271,0.8160318732261658,0.40442904829978943,1.0,1.0,preview
328.7752206325531,0.7871900200843811,0.40442904829978943,1.0,1.0,preview
328.81472754478455,0.8013879060745239,0.40442904829978943,1.0,1.0,preview
328.85505771636963,0.8161198496818542,0.40442904829978943,1.0,1.0,preview
328.89550137519836,0.7845736742019653,0.40442904829978943,1.0,1.0,preview
328.93558955192566,0.7728337049484253,0.40442904829978943,1.0,1.0,preview
328.97632932662964,0.7290162444114685,0.40442904829978943,1.0,1.0,preview
329.0178384780884,0.7446843385696411,0.40442904829978943,1.0,1.0,preview
329.05718874931335,0.7609567046165466,0.40442904829978943,1.0,1.0,preview
329.0975754261017,0.773281991481781,0.40442904829978943,1.0,1.0,preview
329.1383593082428,0.7904480695724487,0.40442904829978943,1.0,1.0,preview
329.1791343688965,0.7865726351737976,0.40442904829978943,1.0,1.0,preview
329.2183210849762,0.8029798269271851,0.40442904829978943,1.0,1.0,preview
329.25958132743835,0.8192246556282043,0.40442904829978943,1.0,1.0,preview
329.30187606811523,0.8365764617919922,0.40442904829978943,1.0,1.0,preview
329.3412880897522,0.8508845567703247,0.40442904829978943,1.0,1.0,preview
329.38176918029785,0.7847788333892822,0.40442904829978943,1.0,1.0,preview
329.42235803604126,0.797191321849823,0.40442904829978943,1.0,1.0,preview
329.4638545513153,0.8131675720214844,0.40442904829978943,1.0,1.0,preview
329.5042917728424,0.7751284837722778,0.40442904829978943,1.0,1.0,preview
329.54398941993713,0.7879576683044434,0.40442904829978943,1.0,1.0,preview
329.58443808555603,0.7443216443061829,0.40442904829978943,1.0,1.0,preview
329.62576484680176,0.7846579551696777,0.40442904829978943,1.0,1.0,preview
329.66633319854736,0.830714225769043,0.40442904829978943,1.0,1.0,preview
329.7069046497345,0.8971189856529236,0.40442904829978943,1.0,1.0,preview
329.74781370162964,0.8496187925338745,0.40442904829978943,1.0,1.0,preview
329.7873041629791,0.8580913543701172,0.40442904829978943,1.0,1.0,preview
329.8301270008087,0.8705747127532959,0.40442904829978943,1.0,1.0,preview
329.8695113658905,0.8269276022911072,0.40442904829978943,1.0,1.0,preview
329.9099578857422,0.7986430525779724,0.40442904829978943,1.0,1.0,preview
329.95070695877075,0.8116228580474854,0.40442904829978943,1.0,1.0,preview
329.9921205043793,0.8270699977874756,0.40442904829978943,1.0,1.0,preview
330.0336971282959,0.7996440529823303,0.40442904829978943,1.0,1.0,preview
330.0728929042816,0.8127005696296692,0.40442904829978943,1.0,1.0,preview
330.1132001876831,0.8047112822532654,0.40442904829978943,1.0,1.0,preview
330.1536798477173,0.8191840052604675,0.40442904829978943,1.0,1.0,preview
330.19367480278015,0.8340891003608704,0.40442904829978943,1.0,1.0,preview
330.2354393005371,0.8161758184432983,0.40442904829978943,1.0,1.0,preview
330.2741525173187,0.8297067284584045,0.40442904829978943,1.0,1.0,preview
330.3155868053436,0.8765984773635864,0.40442904829978943,1.0,1.0,preview
330.35623383522034,0.8786249160766602,0.40442904829978943,1.0,1.0,preview
330.39732599258423,0.9099857211112976,0.40442904829978943,1.0,1.0,preview
330.43891501426697,0.9213524460792542,0.40442904829978943,1.0,1.0,preview
330.4776027202606,0.7879149317741394,0.40442904829978943,1.0,0.9163063764572144,preview
330.51815843582153,0.7837598323822021,0.40442904829978943,1.0,0.9322285652160645,preview
330.56029057502747,0.6243792176246643,0.40442904829978943,1.0,0.9402649998664856,preview
330.6009314060211,0.6336625814437866,0.40442904829978943,1.0,0.9484034180641174,preview
330.6404273509979,0.6481879949569702,0.40442904829978943,1.0,0.9568623304367065,preview
330.6810772418976,0.5466868877410889,0.40442904829978943,1.0,0.9651124477386475,preview
330.72102975845337,0.581620454788208,0.40442904829978943,1.0,0.9818809032440186,preview
330.76295042037964,0.6032893061637878,0.40442904829978943,1.0,0.9900842905044556,preview
330.8022036552429,0.5263158082962036,0.40442904829978943,1.0,0.9982267618179321,preview
330.8440315723419,0.5430375337600708,0.40442904829978943,1.0,1.0,preview
330.88535141944885,0.5622446537017822,0.40442904829978943,1.0,1.0,preview
330.92404198646545,0.5263158082962036,0.40442904829978943,1.0,1.0,preview
330.96497440338135,0.5469074249267578,0.40442904829978943,1.0,1.0,preview
331.004921913147,0.5704368948936462,0.40442904829978943,1.0,1.0,preview
331.0456278324127,0.5759886503219604,0.40442904829978943,1.0,1.0,preview
331.08737325668335,0.5823240876197815,0.40442904829978943,1.0,1.0,preview
331.1266887187958,0.5445213317871094,0.40442904829978943,1.0,1.0,preview
331.16848611831665,0.5660163760185242,0.40442904829978943,1.0,1.0,preview
331.2068998813629,0.5910929441452026,0.40442904829978943,1.0,1.0,preview
331.24787521362305,0.555486798286438,0.40442904829978943,1.0,1.0,preview
331.2895576953888,0.5772029161453247,0.40442904829978943,1.0,1.0,preview
331.32890796661377,0.7839681506156921,1.0,1.0,1.0,curvature
331.369775056839,0.7940402626991272,1.0,1.0,1.0,curvature
331.4106867313385,0.8105201721191406,1.0,1.0,1.0,curvature
331.4507508277893,0.8131664395332336,1.0,1.0,1.0,curvature
331.4922740459442,0.8162716031074524,1.0,1.0,1.0,curvature
331.53095865249634,0.826164960861206,1.0,1.0,1.0,curvature
331.5753962993622,0.8372364044189453,1.0,1.0,1.0,curvature
331.6137957572937,0.8411049246788025,1.0,1.0,1.0,curvature
331.65302443504333,0.8516247868537903,1.0,1.0,1.0,curvature
331.6962320804596,0.85555100440979,1.0,1.0,1.0,curvature
331.73588967323303,0.8643539547920227,1.0,1.0,1.0,curvature
331.7761859893799,0.8676871657371521,1.0,1.0,1.0,curvature
331.8177602291107,0.8711754679679871,1.0,1.0,1.0,curvature
331.8572254180908,0.8801774978637695,1.0,1.0,1.0,curvature
331.8985583782196,0.8847236633300781,1.0,1.0,1.0,curvature
331.9403429031372,0.8945643305778503,1.0,1.0,1.0,curvature
331.97914814949036,0.8990484476089478,1.0,1.0,1.0,curvature
332.0184907913208,0.9035662412643433,1.0,1.0,1.0,curvature
332.06160402297974,0.9124149680137634,1.0,1.0,1.0,curvature
332.1009569168091,0.9202620983123779,1.0,1.0,1.0,curvature
332.140585899353,0.9332720637321472,1.0,1.0,1.0,curvature
332.1824336051941,0.9368840456008911,1.0,1.0,1.0,curvature
332.22297048568726,0.9389033317565918,1.0,1.0,1.0,curvature
332.261549949646,0.9410730600357056,1.0,1.0,1.0,curvature
332.3052203655243,0.9442577958106995,1.0,1.0,1.0,curvature
332.3435580730438,0.9494037628173828,1.0,1.0,1.0,curvature
332.38436341285706,0.9514101147651672,1.0,1.0,1.0,curvature
332.4240143299103,0.9539676308631897,1.0,1.0,1.0,curvature
332.464243888855,0.9565623998641968,1.0,1.0,1.0,curvature
332.50641894340515,0.9593530297279358,1.0,1.0,1.0,curvature
332.54592180252075,0.9645186066627502,1.0,1.0,1.0,curvature
332.5876612663269,0.9666739106178284,1.0,1.0,1.0,curvature
332.62943983078003,0.9687377214431763,1.0,1.0,1.0,curvature
332.66974401474,0.9704995155334473,1.0,1.0,1.0,curvature
332.70886754989624,0.9725238680839539,1.0,1.0,1.0,curvature
332.7497293949127,0.9761950969696045,1.0,1.0,1.0,curvature
332.79054164886475,0.9781951904296875,1.0,1.0,1.0,curvature
332.8297908306122,0.9794784784317017,1.0,1.0,1.0,curvature
332.87279891967773,0.981329619884491,1.0,1.0,1.0,curvature
332.91366386413574,0.9824327230453491,1.0,1.0,1.0,curvature
332.9521622657776,0.9905474185943604,1.0,1.0,1.0,curvature
332.99533462524414,0.9977473616600037,1.0,1.0,1.0,curvature
333.0348975658417,0.9951789379119873,1.0,1.0,1.0,curvature
333.07472109794617,0.9951538443565369,1.0,1.0,1.0,curvature
333.1155364513397,0.9941763877868652,1.0,1.0,1.0,curvature
333.1548042297363,0.9934764504432678,1.0,1.0,1.0,curvature
333.19788336753845,0.9926294088363647,1.0,1.0,1.0,curvature
333.23753452301025,0.9929258227348328,1.0,1.0,1.0,curvature
333.27671790122986,0.9922276735305786,1.0,1.0,1.0,curvature
333.3184766769409,0.9925957322120667,1.0,1.0,1.0,curvature
333.35911226272583,0.9852738976478577,1.0,1.0,1.0,curvature
333.3983223438263,0.9775215983390808,1.0,1.0,1.0,curvature
333.4400064945221,0.9711145758628845,1.0,1.0,1.0,curvature
333.4790840148926,0.9709771275520325,1.0,1.0,1.0,curvature
333.5211567878723,0.9723470211029053,1.0,1.0,1.0,curvature
333.56078577041626,0.9730625152587891,1.0,1.0,1.0,curvature
333.6024932861328,0.9744366407394409,1.0,1.0,1.0,curvature
333.6416566371918,0.9748755097389221,1.0,1.0,1.0,curvature
333.68309140205383,0.9821855425834656,1.0,1.0,1.0,curvature
333.723650932312,0.9901089072227478,1.0,1.0,1.0,curvature
333.76462507247925,0.9973747730255127,1.0,1.0,1.0,curvature
333.80607509613037,0.9977455735206604,1.0,1.0,1.0,curvature
333.8469343185425,0.9974783658981323,1.0,1.0,1.0,curvature
333.88723611831665,0.9976495504379272,1.0,1.0,1.0,curvature
333.9295551776886,0.9973692893981934,1.0,1.0,1.0,curvature
333.96797275543213,0.9915335178375244,1.0,1.0,1.0,curvature
334.00923252105713,0.9815903902053833,1.0,1.0,1.0,curvature
334.04950308799744,0.9723265171051025,1.0,1.0,1.0,curvature
334.0897889137268,0.9732736945152283,1.0,1.0,1.0,curvature
334.130793094635,0.9744428992271423,1.0,1.0,1.0,curvature
334.1706166267395,0.9772080779075623,1.0,1.0,1.0,curvature
334.2119400501251,0.9786251783370972,1.0,1.0,1.0,curvature
334.2519500255585,0.9797412753105164,1.0,1.0,1.0,curvature
334.29102516174316,0.977857768535614,1.0,1.0,1.0,curvature
334.3330338001251,0.9760674238204956,1.0,1.0,1.0,curvature
334.37194061279297,0.9755238890647888,1.0,1.0,1.0,curvature
334.4150755405426,0.9771957397460938,1.0,1.0,1.0,curvature
334.4536075592041,0.9784362316131592,1.0,1.0,1.0,curvature
334.49411702156067,0.980169415473938,1.0,1.0,1.0,curvature
334.5359671115875,0.981287956237793,1.0,1.0,1.0,curvature
334.5760290622711,0.9925806522369385,1.0,1.0,1.0,curvature
334.61730575561523,0.9985737204551697,1.0,1.0,1.0,curvature
334.65730571746826,0.9886354804039001,1.0,1.0,1.0,curvature
334.6980085372925,0.9876261949539185,1.0,1.0,1.0,curvature
334.73815536499023,0.9880896806716919,1.0,1.0,1.0,curvature
334.78178238868713,0.9880110621452332,1.0,1.0,1.0,curvature
334.8193151950836,0.9874231219291687,1.0,1.0,1.0,curvature
334.85986852645874,0.9868881702423096,1.0,1.0,1.0,curvature
334.89992666244507,0.9870419502258301,1.0,1.0,1.0,curvature
334.9411618709564,0.9872033596038818,1.0,1.0,1.0,curvature
334.98176312446594,0.9869905114173889,1.0,1.0,1.0,curvature
335.0233693122864,0.9866342544555664,1.0,1.0,1.0,curvature
335.0628571510315,0.986331582069397,1.0,1.0,1.0,curvature
335.1033320426941,0.9870399236679077,1.0,1.0,1.0,curvature
335.1439652442932,0.9868226647377014,1.0,1.0,1.0,curvature
335.18350291252136,0.9958634972572327,1.0,1.0,1.0,curvature
335.22428703308105,0.9953202605247498,1.0,1.0,1.0,curvature
335.2649881839752,0.987538754940033,1.0,1.0,1.0,curvature
335.30631279945374,0.9876765608787537,1.0,1.0,1.0,curvature
335.346542596817,0.9885813593864441,1.0,1.0,1.0,curvature
335.3881163597107,0.9901301860809326,1.0,1.0,1.0,curvature
335.4270718097687,0.9911202788352966,1.0,1.0,1.0,curvature
335.46753191947937,0.9916172027587891,1.0,1.0,1.0,curvature
335.50986671447754,0.9897352457046509,1.0,1.0,1.0,curvature
335.5492706298828,0.9878717064857483,1.0,1.0,1.0,curvature
335.59047412872314,0.986636757850647,1.0,1.0,1.0,curvature
335.6308193206787,0.9872832894325256,1.0,1.0,1.0,curvature
335.6718089580536,0.8226613998413086,0.35471510887145996,1.0,1.0,preview
335.71141290664673,0.8154613375663757,0.35471510887145996,1.0,1.0,preview
335.7546224594116,0.8178727626800537,0.35471510887145996,1.0,1.0,preview
335.7924916744232,0.8432694673538208,0.35471510887145996,1.0,1.0,preview
335.8336477279663,0.8401890993118286,0.35471510887145996,1.0,1.0,preview
335.87500762939453,0.8543418645858765,0.35471510887145996,1.0,1.0,preview
335.91585516929626,0.8745435476303101,0.35471510887145996,1.0,1.0,preview
335.9564518928528,0.9206371903419495,0.35471510887145996,1.0,1.0,preview
335.99608421325684,0.9885150194168091,0.35471510887145996,1.0,1.0,preview
336.03607845306396,0.9970048666000366,0.35471510887145996,1.0,1.0,preview
336.0773513317108,0.9601578116416931,0.35471510887145996,1.0,1.0,preview
336.11753034591675,0.9686647653579712,0.35471510887145996,1.0,1.0,preview
336.15948605537415,0.9050688743591309,0.35471510887145996,1.0,1.0,preview
336.1994435787201,0.8549948334693909,0.35471510887145996,1.0,1.0,preview
336.2413122653961,0.862281322479248,0.35471510887145996,1.0,1.0,preview
336.28190064430237,0.9043773412704468,0.35471510887145996,1.0,1.0,preview
336.32043051719666,0.9149453043937683,0.35471510887145996,1.0,1.0,preview
336.36202573776245,0.9223508238792419,0.35471510887145996,1.0,1.0,preview
336.40200424194336,0.927466630935669,0.35471510887145996,1.0,1.0,preview
336.44272112846375,0.889534592628479,0.35471510887145996,1.0,1.0,preview
336.4831142425537,0.8551509380340576,0.35471510887145996,1.0,1.0,preview
336.52399945259094,0.863533079624176,0.35471510887145996,1.0,1.0,preview
336.56596541404724,0.9122658967971802,0.35471510887145996,1.0,1.0,preview
336.60419750213623,0.9351168274879456,0.35471510887145996,1.0,1.0,preview
336.64527106285095,0.9421873688697815,0.35471510887145996,1.0,1.0,preview
336.68617033958435,0.9999810457229614,0.35471510887145996,1.0,1.0,preview
336.7265393733978,0.988330602645874,0.35471510887145996,1.0,1.0,preview
336.7684624195099,0.973327100276947,0.35471510887145996,1.0,1.0,preview
336.8073875904083,0.9856276512145996,0.35471510887145996,1.0,1.0,preview
336.84762835502625,0.9830507636070251,0.35471510887145996,1.0,1.0,preview
336.8886411190033,0.9836389422416687,0.35471510887145996,1.0,1.0,preview
336.928493976593,0.9847394824028015,0.35471510887145996,1.0,1.0,preview
336.9710388183594,0.9353668093681335,0.35471510887145996,1.0,1.0,preview
337.01028513908386,0.9404538869857788,0.35471510887145996,1.0,1.0,preview
337.050683259964,0.9448642730712891,0.35471510887145996,1.0,1.0,preview
337.08990836143494,0.9043905138969421,0.35471510887145996,1.0,1.0,preview
337.1329665184021,0.9047098755836487,0.35471510887145996,1.0,1.0,preview
337.17373418807983,0.9058732986450195,0.35471510887145996,1.0,1.0,preview
337.2126467227936,0.8774178624153137,0.35471510887145996,1.0,1.0,preview
337.25514101982117,0.8852952718734741,0.35471510887145996,1.0,1.0,preview
337.2963478565216,0.8938432931900024,0.35471510887145996,1.0,1.0,preview
337.3358404636383,0.8710043430328369,0.35471510887145996,1.0,1.0,preview
337.3761954307556,0.879047155380249,0.35471510887145996,1.0,1.0,preview
337.4181249141693,0.8973490595817566,0.35471510887145996,1.0,1.0,preview
337.45907378196716,0.8788169622421265,0.35471510887145996,1.0,1.0,preview
337.4977693557739,0.8871995806694031,0.35471510887145996,1.0,1.0,preview
337.53908824920654,0.8967925906181335,0.35471510887145996,1.0,1.0,preview
337.57927227020264,0.9054584503173828,0.35471510887145996,1.0,1.0,preview
337.6200358867645,0.8542162179946899,0.35471510887145996,1.0,0.932182788848877,preview
337.65971326828003,0.8523746132850647,0.35471510887145996,1.0,0.9387513399124146,preview
337.6996295452118,0.7049083709716797,0.35471510887145996,1.0,0.9454070329666138,preview
337.739618062973,0.7120568156242371,0.35471510887145996,1.0,0.9523454308509827,preview
337.78142070770264,0.7213425040245056,0.35471510887145996,1.0,0.95914226770401,preview
337.8219828605652,0.6351446509361267,0.35471510887145996,1.0,0.9730456471443176,preview
337.8624885082245,0.6487652063369751,0.35471510887145996,1.0,0.9799179434776306,preview
337.9015119075775,0.5748302340507507,0.35471510887145996,1.0,0.986780047416687,preview
337.9437925815582,0.6037920117378235,0.35471510887145996,1.0,0.9839346408843994,preview
337.9841318130493,0.6398594379425049,0.35471510887145996,1.0,0.9810453057289124,preview
338.0261836051941,0.7072403430938721,0.35471510887145996,1.0,0.9844746589660645,preview
338.0655200481415,0.728630781173706,0.35471510887145996,1.0,0.990665853023529,preview
338.10682559013367,0.6459460258483887,0.35471510887145996,1.0,0.996804416179657,preview
338.146479845047,0.6610535383224487,0.35471510887145996,1.0,1.0,preview
338.18708753585815,0.6804315447807312,0.35471510887145996,1.0,1.0,preview
338.2269277572632,0.633201003074646,0.35471510887145996,1.0,1.0,preview
338.2663884162903,0.6488215327262878,0.35471510887145996,1.0,1.0,preview
338.3080110549927,0.596356213092804,0.35471510887145996,1.0,1.0,preview
338.3510072231293,0.6132498979568481,0.35471510887145996,1.0,1.0,preview
338.39095520973206,0.6338531374931335,0.35471510887145996,1.0,1.0,preview
338.4310474395752,0.6106457114219666,0.35471510887145996,1.0,1.0,preview
338.47233176231384,0.6287877559661865,0.35471510887145996,1.0,1.0,preview
338.51254439353943,0.6490865349769592,0.35471510887145996,1.0,1.0,preview
338.55081963539124,0.7509028911590576,1.0,1.0,1.0,curvature
338.59282779693604,0.7672120928764343,1.0,1.0,1.0,curvature
338.6346755027771,0.7769673466682434,1.0,1.0,1.0,curvature
338.67362785339355,0.7804622650146484,1.0,1.0,1.0,curvature
338.71461510658264,0.7842901945114136,1.0,1.0,1.0,curvature
338.75494408607483,0.802979052066803,1.0,1.0,1.0,curvature
338.7975695133209,0.8138874769210815,1.0,1.0,1.0,curvature
338.8367352485657,0.8317592740058899,1.0,1.0,1.0,curvature
338.8778269290924,0.8361033201217651,1.0,1.0,1.0,curvature
338.91942071914673,0.8403831124305725,1.0,1.0,1.0,curvature
338.95751953125,0.844883143901825,1.0,1.0,1.0,curvature
339.00020027160645,0.8495175242424011,1.0,1.0,1.0,curvature
339.0407552719116,0.8603836297988892,1.0,1.0,1.0,curvature
339.08073568344116,0.8652697801589966,1.0,1.0,1.0,curvature
339.1214826107025,0.8701860308647156,1.0,1.0,1.0,curvature
339.16189455986023,0.8753600716590881,1.0,1.0,1.0,curvature
339.2013394832611,0.8804482817649841,1.0,1.0,1.0,curvature
339.24283051490784,0.891663670539856,1.0,1.0,1.0,curvature
339.2820210456848,0.8971771001815796,1.0,1.0,1.0,curvature
339.32362270355225,0.9053698778152466,1.0,1.0,1.0,curvature
339.3633863925934,0.9086203575134277,1.0,1.0,1.0,curvature
339.4061875343323,0.9106985926628113,1.0,1.0,1.0,curvature
339.44532084465027,0.9171680212020874,1.0,1.0,1.0,curvature
339.4861135482788,0.9191542267799377,1.0,1.0,1.0,curvature
339.52606105804443,0.9210773706436157,1.0,1.0,1.0,curvature
339.5674567222595,0.9250643253326416,1.0,1.0,1.0,curvature
339.6087546348572,0.9270581603050232,1.0,1.0,1.0,curvature
339.6472477912903,0.9313349723815918,1.0,1.0,1.0,curvature
339.6885929107666,0.9348832964897156,1.0,1.0,1.0,curvature
339.72971391677856,0.9369087815284729,1.0,1.0,1.0,curvature
339.76858472824097,0.9389336109161377,1.0,1.0,1.0,curvature
339.8091371059418,0.9409765601158142,1.0,1.0,1.0,curvature
339.85090804100037,0.9362763166427612,1.0,1.0,1.0,curvature
339.8925588130951,0.9298926591873169,1.0,1.0,1.0,curvature
339.9336211681366,0.9229755401611328,1.0,1.0,1.0,curvature
339.9723401069641,0.9255530834197998,1.0,1.0,1.0,curvature
340.01219630241394,0.9283870458602905,1.0,1.0,1.0,curvature
340.0527331829071,0.9350667595863342,1.0,1.0,1.0,curvature
340.09572744369507,0.9380850791931152,1.0,1.0,1.0,curvature
340.1362500190735,0.9409390091896057,1.0,1.0,1.0,curvature
340.17553305625916,0.944087564945221,1.0,1.0,1.0,curvature
340.2162184715271,0.9468380212783813,1.0,1.0,1.0,curvature
340.25556921958923,0.95255047082901,1.0,1.0,1.0,curvature
340.296270608902,0.9552829265594482,1.0,1.0,1.0,curvature
340.3369541168213,0.9579360485076904,1.0,1.0,1.0,curvature
340.37691259384155,0.9607313871383667,1.0,1.0,1.0,curvature
340.41810131073,0.9630439877510071,1.0,1.0,1.0,curvature
340.45909333229065,0.9682024121284485,1.0,1.0,1.0,curvature
340.4990828037262,0.970147967338562,1.0,1.0,1.0,curvature
340.54002833366394,0.9725421667098999,1.0,1.0,1.0,curvature
340.57969212532043,0.9748650789260864,1.0,1.0,1.0,curvature
340.6219506263733,0.977155864238739,1.0,1.0,1.0,curvature
340.66239166259766,0.9806575775146484,1.0,1.0,1.0,curvature
340.70172357559204,0.9826844334602356,1.0,1.0,1.0,curvature
340.74477791786194,0.9846925139427185,1.0,1.0,1.0,curvature
340.78557682037354,0.9911633729934692,1.0,1.0,1.0,curvature
340.8244140148163,0.9974417686462402,1.0,1.0,1.0,curvature
340.8647017478943,0.9950442314147949,1.0,1.0,1.0,curvature
340.90661573410034,0.9939440488815308,1.0,1.0,1.0,curvature
340.9475796222687,0.9930034279823303,1.0,1.0,1.0,curvature
340.9869108200073,0.9921538829803467,1.0,1.0,1.0,curvature
341.02728152275085,0.992432713508606,1.0,1.0,1.0,curvature
341.0683660507202,0.9909845590591431,1.0,1.0,1.0,curvature
341.1101870536804,0.9903180599212646,1.0,1.0,1.0,curvature
341.1495373249054,0.9907723665237427,1.0,1.0,1.0,curvature
341.1908423900604,0.9844164848327637,1.0,1.0,1.0,curvature
341.2321984767914,0.9791405200958252,1.0,1.0,1.0,curvature
341.2704885005951,0.9723450541496277,1.0,1.0,1.0,curvature
341.3119087219238,0.9734513759613037,1.0,1.0,1.0,curvature
341.35271525382996,0.9736494421958923,1.0,1.0,1.0,curvature
341.3942017555237,0.9739352464675903,1.0,1.0,1.0,curvature
341.43431091308594,0.9742240309715271,1.0,1.0,1.0,curvature
341.4731340408325,0.9759390950202942,1.0,1.0,1.0,curvature
341.5156168937683,0.976323127746582,1.0,1.0,1.0,curvature
341.55403542518616,0.9767065048217773,1.0,1.0,1.0,curvature
341.5950548648834,0.9676375389099121,1.0,1.0,1.0,curvature
341.638290643692,0.9576401114463806,1.0,1.0,1.0,curvature
341.6761209964752,0.9495348334312439,1.0,1.0,1.0,curvature
341.7187674045563,0.9505797624588013,1.0,1.0,1.0,curvature
341.75793528556824,0.9529989957809448,1.0,1.0,1.0,curvature
341.8000280857086,0.9546600580215454,1.0,1.0,1.0,curvature
341.8398902416229,0.9562216401100159,1.0,1.0,1.0,curvature
341.8799557685852,0.9601329565048218,1.0,1.0,1.0,curvature
341.9219832420349,0.9618116617202759,1.0,1.0,1.0,curvature
341.96124482154846,0.9633833765983582,1.0,1.0,1.0,curvature
342.0020418167114,0.8495158553123474,0.40442904829978943,1.0,1.0,preview
342.04475474357605,0.9082675576210022,0.40442904829978943,1.0,1.0,preview
342.082243680954,0.9880326986312866,0.40442904829978943,1.0,1.0,preview
342.12360739707947,0.9668248295783997,0.40442904829978943,1.0,1.0,preview
342.16469717025757,0.9604548215866089,0.40442904829978943,1.0,1.0,preview
342.205858707428,0.9543999433517456,0.40442904829978943,1.0,1.0,preview
342.248850107193,0.9559125304222107,0.40442904829978943,1.0,1.0,preview
342.28481435775757,0.9539161920547485,0.40442904829978943,1.0,1.0,preview
342.32564210891724,0.9495259523391724,0.40442904829978943,1.0,1.0,preview
342.367084980011,0.9535688161849976,0.40442904829978943,1.0,1.0,preview
342.40681886672974,0.9157255291938782,0.40442904829978943,1.0,1.0,preview
342.4475483894348,0.8866725564002991,0.40442904829978943,1.0,1.0,preview
342.48840165138245,0.8653303980827332,0.39429450035095215,1.0,1.0,preview
342.52906799316406,0.8750803470611572,0.39429450035095215,1.0,1.0,preview
342.5694751739502,0.8843764066696167,0.39429450035095215,1.0,1.0,preview
342.61117911338806,0.8957052826881409,0.39429450035095215,1.0,1.0,preview
342.65152192115784,0.9054741859436035,0.39429450035095215,1.0,1.0,preview
342.6901650428772,0.926437258720398,0.39429450035095215,1.0,1.0,preview
342.7310025691986,0.9335670471191406,0.39429450035095215,1.0,1.0,preview
342.773419380188,0.945709228515625,0.39429450035095215,1.0,1.0,preview
342.8128261566162,0.9428284764289856,0.39429450035095215,1.0,1.0,preview
342.8542833328247,0.9401418566703796,0.39429450035095215,1.0,1.0,preview
342.8947160243988,0.9422582387924194,0.39429450035095215,1.0,1.0,preview
342.9358642101288,0.9577292203903198,0.39429450035095215,1.0,1.0,preview
342.9754605293274,0.9626803398132324,0.39429450035095215,1.0,1.0,preview
343.0171341896057,0.9665198922157288,0.39429450035095215,1.0,1.0,preview
343.0582342147827,0.9827341437339783,0.39429450035095215,1.0,1.0,preview
343.09661531448364,0.9890439510345459,0.39429450035095215,1.0,1.0,preview
343.13867926597595,0.995181143283844,0.39429450035095215,1.0,1.0,preview
343.1782548427582,0.9939031600952148,0.39429450035095215,1.0,1.0,preview
343.2195198535919,0.9545921087265015,0.39429450035095215,1.0,1.0,preview
343.25870847702026,0.9115864634513855,0.39429450035095215,1.0,1.0,preview
343.30094265937805,0.8857924342155457,0.39429450035095215,1.0,1.0,preview
343.34152388572693,0.8920849561691284,0.39429450035095215,1.0,1.0,preview
343.3806366920471,0.9102530479431152,0.39429450035095215,1.0,1.0,preview
343.421413898468,0.9192038774490356,0.39429450035095215,1.0,1.0,preview
343.4634642601013,0.926432192325592,0.39429450035095215,1.0,1.0,preview
343.5038778781891,0.953800618648529,0.39429450035095215,1.0,1.0,preview
343.543577671051,0.9602746963500977,0.39429450035095215,1.0,1.0,preview
343.58356070518494,0.9812987446784973,0.39429450035095215,1.0,1.0,preview
343.6252489089966,0.9852007627487183,0.39429450035095215,1.0,1.0,preview
343.6658148765564,0.9870381951332092,0.39429450035095215,1.0,1.0,preview
343.7050015926361,0.9908078908920288,0.39429450035095215,1.0,1.0,preview
343.74667406082153,0.9893138408660889,0.39429450035095215,1.0,1.0,preview
343.7857403755188,0.9711102247238159,0.39429450035095215,1.0,1.0,preview
343.8268744945526,0.9818421602249146,0.39429450035095215,1.0,1.0,preview
343.86787819862366,0.9375022053718567,0.39429450035095215,1.0,1.0,preview
343.90874433517456,0.9857592582702637,0.39429450035095215,1.0,1.0,preview
343.9492712020874,0.9804455041885376,0.39429450035095215,1.0,1.0,preview
343.9918735027313,0.8743483424186707,0.39429450035095215,1.0,1.0,preview
344.0303111076355,0.875883162021637,0.39429450035095215,1.0,1.0,preview
344.07245564460754,0.8821006417274475,0.39429450035095215,1.0,1.0,preview
344.1111595630646,0.8129972815513611,0.39429450035095215,1.0,1.0,preview
344.152095079422,0.8238322734832764,0.39429450035095215,1.0,1.0,preview
344.1915454864502,0.7635504603385925,0.39429450035095215,1.0,1.0,preview
344.23287081718445,0.7756239175796509,0.39429450035095215,1.0,1.0,preview
344.27315044403076,0.7897870540618896,0.39429450035095215,1.0,1.0,preview
344.3140821456909,0.756381630897522,0.39429450035095215,1.0,1.0,preview
344.35443782806396,0.77154541015625,0.39429450035095215,1.0,1.0,preview
344.39445066452026,0.7324897646903992,0.39429450035095215,1.0,1.0,preview
344.4368381500244,0.7483663558959961,0.39429450035095215,1.0,1.0,preview
344.4771065711975,0.7653048634529114,0.39429450035095215,1.0,1.0,preview
344.5168216228485,0.707793653011322,0.39429450035095215,1.0,1.0,preview
344.5570275783539,0.6478230357170105,0.39429450035095215,1.0,1.0,preview
344.5978112220764,0.6305533051490784,0.39429450035095215,1.0,1.0,preview
344.6371328830719,0.6508399844169617,0.39429450035095215,1.0,1.0,preview
344.67885994911194,0.6435794830322266,0.39429450035095215,1.0,1.0,preview
344.7200298309326,0.6879622340202332,0.39429450035095215,1.0,1.0,preview
344.76072931289673,0.6876956224441528,0.39429450035095215,1.0,1.0,preview
344.80029487609863,0.7083240747451782,0.39429450035095215,1.0,1.0,preview
344.8403391838074,0.729358434677124,0.39429450035095215,1.0,1.0,preview
344.8826696872711,0.6083768606185913,0.39429450035095215,1.0,0.9193038940429688,preview
344.9225809574127,0.6377596259117126,0.39429450035095215,1.0,0.9367642998695374,preview
344.9627962112427,0.5499804615974426,0.39429450035095215,1.0,0.9454514384269714,preview
345.003045797348,0.5651330351829529,0.39429450035095215,1.0,0.95418381690979,preview
345.04515862464905,0.5263158082962036,0.39429450035095215,1.0,0.9631867408752441,preview
345.0872919559479,0.5263158082962036,0.39429450035095215,1.0,0.9719164967536926,preview
345.12534856796265,0.5263158082962036,0.39429450035095215,1.0,0.9894853234291077,preview
345.16583919525146,0.5263158082962036,0.39429450035095215,1.0,0.998017430305481,preview
345.2075445652008,0.5299643874168396,0.39429450035095215,1.0,1.0,preview
345.2465980052948,0.5263158082962036,0.39429450035095215,1.0,1.0,preview
345.28913950920105,0.5263158082962036,0.39429450035095215,1.0,1.0,preview
345.3280611038208,0.5263158082962036,0.39429450035095215,1.0,1.0,preview
345.36799120903015,0.5263158082962036,0.39429450035095215,1.0,1.0,preview
345.41017150878906,0.5263158082962036,0.39429450035095215,1.0,1.0,preview
345.4496433734894,0.5263158082962036,0.39429450035095215,1.0,1.0,preview
345.4899957180023,0.5263158082962036,0.39429450035095215,1.0,1.0,preview
345.53152441978455,0.5263158082962036,0.39429450035095215,1.0,1.0,preview
345.57049226760864,0.5263158082962036,0.39429450035095215,1.0,1.0,preview
345.61230659484863,0.5263158082962036,0.39429450035095215,1.0,1.0,preview
345.65351128578186,0.7366677522659302,1.0,1.0,1.0,curvature
345.6935579776764,0.7501177191734314,1.0,1.0,1.0,curvature
345.73287177085876,0.7710366249084473,1.0,1.0,1.0,curvature
345.774671792984,0.7778871655464172,1.0,1.0,1.0,curvature
345.81584453582764,0.791061282157898,1.0,1.0,1.0,curvature
345.8547866344452,0.786110520362854,1.0,1.0,1.0,curvature
345.89609384536743,0.78898686170578,1.0,1.0,1.0,curvature
345.93928027153015,0.7910997867584229,1.0,1.0,1.0,curvature
345.9782180786133,0.7971405386924744,1.0,1.0,1.0,curvature
346.019326210022,0.8035800457000732,1.0,1.0,1.0,curvature
346.05816316604614,0.8159547448158264,1.0,1.0,1.0,curvature
346.0985770225525,0.8225988149642944,1.0,1.0,1.0,curvature
346.1406583786011,0.8365322351455688,1.0,1.0,1.0,curvature
346.1814420223236,0.8434427380561829,1.0,1.0,1.0,curvature
346.22106742858887,0.8503639698028564,1.0,1.0,1.0,curvature
346.2618820667267,0.8580656051635742,1.0,1.0,1.0,curvature
346.30227160453796,0.8620766401290894,1.0,1.0,1.0,curvature
346.34185004234314,0.8693610429763794,1.0,1.0,0.984692394733429,curvature
346.3843493461609,0.8762834668159485,1.0,1.0,0.9830420017242432,curvature
346.42481327056885,0.8815131187438965,1.0,1.0,0.981600821018219,curvature
346.4644389152527,0.8867860436439514,1.0,1.0,0.9803438782691956,curvature
346.5060625076294,0.8928882479667664,1.0,1.0,0.9793476462364197,curvature
346.54670882225037,0.9035054445266724,1.0,1.0,0.9764611124992371,curvature
346.5867283344269,0.9087668061256409,1.0,1.0,0.9746749997138977,curvature
346.6268389225006,0.9131647348403931,1.0,1.0,0.9731435179710388,curvature
346.6662771701813,0.9179427027702332,1.0,1.0,0.9733437299728394,curvature
346.70734882354736,0.922831118106842,1.0,1.0,0.9737417101860046,curvature
346.74758768081665,0.9322161674499512,1.0,1.0,0.9751273989677429,curvature
346.78739380836487,0.9360965490341187,1.0,1.0,0.9760803580284119,curvature
346.830979347229,0.9408236145973206,1.0,1.0,0.9771941900253296,curvature
346.8710358142853,0.9455523490905762,1.0,1.0,0.9784948825836182,curvature
346.9122648239136,0.9486215710639954,1.0,1.0,0.9799023866653442,curvature
346.95064187049866,0.9560588598251343,1.0,1.0,0.9831490516662598,curvature
346.99248456954956,0.9607561230659485,1.0,1.0,0.9849308133125305,curvature
347.0341544151306,0.9652660489082336,1.0,1.0,0.9868208765983582,curvature
347.07321333885193,0.9596032500267029,1.0,1.0,0.9792594909667969,curvature
347.1135139465332,0.95607590675354,1.0,1.0,0.9719304442405701,curvature
347.154581785202,0.9551470279693604,1.0,1.0,0.9666656255722046,curvature
347.19640159606934,0.9598081707954407,1.0,1.0,0.9687398076057434,curvature
347.2353665828705,0.9621058702468872,1.0,1.0,0.9709076881408691,curvature
347.2762460708618,0.9669251441955566,1.0,1.0,0.9732359051704407,curvature
347.3178040981293,0.9688920974731445,1.0,1.0,0.9755884408950806,curvature
347.3560240268707,0.978213906288147,1.0,1.0,0.9806215167045593,curvature
347.39704275131226,0.979877233505249,1.0,1.0,0.9832211136817932,curvature
347.4374098777771,0.984369158744812,1.0,1.0,0.9858919382095337,curvature
347.4791991710663,0.9782122373580933,1.0,1.0,0.9796647429466248,curvature
347.5191283226013,0.9752509593963623,1.0,1.0,0.9736154675483704,lateral_error
347.56207275390625,0.9736636281013489,1.0,1.0,0.9702786207199097,lateral_error
347.60139203071594,0.9782003164291382,1.0,1.0,0.9729782938957214,lateral_error
347.641991853714,0.9795618057250977,1.0,1.0,0.9757409691810608,lateral_error
347.6812562942505,0.9841919541358948,1.0,1.0,0.9786520600318909,lateral_error
347.72278237342834,0.9852932691574097,1.0,1.0,0.981540322303772,lateral_error
347.76205039024353,0.987238883972168,1.0,1.0,0.9781322479248047,lateral_error
347.80255913734436,0.9849614500999451,1.0,1.0,0.9721019864082336,lateral_error
347.8430383205414,0.9791309833526611,1.0,1.0,0.9661994576454163,lateral_error
347.88394021987915,0.9835816621780396,1.0,1.0,0.9693156480789185,lateral_error
347.9245524406433,0.9882816076278687,1.0,1.0,0.9723919034004211,lateral_error
347.9654891490936,0.9938881397247314,1.0,1.0,0.9787970781326294,lateral_error
348.00744009017944,0.9944437742233276,1.0,1.0,0.9820252060890198,lateral_error
348.04737067222595,0.9987149834632874,1.0,1.0,0.9852942824363708,lateral_error
348.0879817008972,0.9971889853477478,1.0,1.0,0.9827014207839966,lateral_error
348.12964272499084,0.9918220639228821,1.0,1.0,0.9800452589988708,lateral_error
348.16826581954956,0.9903056621551514,1.0,1.0,0.9804739356040955,lateral_error
348.20994997024536,0.9945133328437805,1.0,1.0,0.9836358428001404,lateral_error
348.24981689453125,0.998779296875,1.0,1.0,0.986831545829773,lateral_error
348.2892861366272,0.9990169405937195,1.0,1.0,0.9901570677757263,lateral_error
348.33034229278564,0.9970290660858154,1.0,1.0,0.9934149980545044,lateral_error
348.37032985687256,0.9918688535690308,1.0,1.0,0.986099898815155,lateral_error
348.4138813018799,0.9805682301521301,1.0,1.0,0.9750046133995056,lateral_error
348.4536933898926,0.9690808653831482,1.0,1.0,0.9631827473640442,lateral_error
348.4925515651703,0.9702785611152649,1.0,1.0,0.9658944010734558,lateral_error
348.5353925228119,0.9749323129653931,1.0,1.0,0.9685784578323364,lateral_error
348.5744330883026,0.9811965823173523,1.0,1.0,0.9742192029953003,lateral_error
348.6155848503113,0.9859209060668945,1.0,1.0,0.9770972728729248,lateral_error
348.65590715408325,0.9868997931480408,1.0,1.0,0.9800352454185486,lateral_error
348.6966977119446,0.9810907244682312,1.0,1.0,0.9724879860877991,lateral_error
348.7374475002289,0.9720386266708374,1.0,1.0,0.9649524092674255,lateral_error
348.77972531318665,0.9706947207450867,1.0,1.0,0.9599997401237488,lateral_error
348.817800283432,0.9720898270606995,1.0,1.0,0.9627529382705688,lateral_error
348.8578600883484,0.9769499897956848,1.0,1.0,0.9655687808990479,lateral_error
348.8979570865631,0.9784309267997742,1.0,1.0,0.9685389995574951,lateral_error
348.93936014175415,0.9831691384315491,1.0,1.0,0.9714884757995605,lateral_error
348.9791350364685,0.9928026795387268,1.0,1.0,0.981566309928894,lateral_error
349.0206265449524,0.9975348114967346,1.0,1.0,0.9885839819908142,lateral_error
349.0610270500183,0.9941242933273315,1.0,1.0,0.9957549571990967,curvature
349.1010203361511,0.9939249753952026,1.0,1.0,0.9991922974586487,curvature
349.1425266265869,0.7332477569580078,0.43598702549934387,1.0,1.0,preview
349.18362736701965,0.7421541213989258,0.43598702549934387,1.0,1.0,preview
349.2237024307251,0.7557262182235718,0.43598702549934387,1.0,1.0,preview
349.2659559249878,0.7567781209945679,0.43598702549934387,1.0,1.0,preview
349.30574321746826,0.7762152552604675,0.43598702549934387,1.0,1.0,preview
349.346054315567,0.7694481015205383,0.43598702549934387,1.0,1.0,preview
349.38557982444763,0.8204244375228882,0.43598702549934387,1.0,1.0,preview
349.4261929988861,0.8290812969207764,0.43598702549934387,1.0,1.0,preview
349.46582770347595,0.8347339034080505,0.43598702549934387,1.0,1.0,preview
349.50745964050293,0.9202759861946106,0.43598702549934387,1.0,1.0,preview
349.5496096611023,0.9388077855110168,0.43598702549934387,1.0,1.0,preview
349.58944368362427,0.906206488609314,0.43598702549934387,1.0,1.0,preview
349.6294193267822,0.8720925450325012,0.43598702549934387,1.0,1.0,preview
349.67027020454407,0.8478317856788635,0.43598702549934387,1.0,1.0,preview
349.71082282066345,0.7884582281112671,0.43598702549934387,1.0,1.0,preview
349.7518947124481,0.7967824339866638,0.43598702549934387,1.0,1.0,preview
349.791855096817,0.7654592394828796,0.43598702549934387,1.0,1.0,preview
349.83268117904663,0.7807272672653198,0.43598702549934387,1.0,1.0,preview
349.87512493133545,0.7977443933486938,0.43598702549934387,1.0,1.0,preview
349.91497254371643,0.8542564511299133,0.43598702549934387,1.0,1.0,preview
349.95446133613586,0.8612250685691833,0.43598702549934387,1.0,1.0,preview
349.9941964149475,0.9455198049545288,0.43598702549934387,1.0,1.0,preview
350.0364692211151,0.9019339680671692,0.43598702549934387,1.0,1.0,preview
350.07594442367554,0.9076677560806274,0.43598702549934387,1.0,1.0,preview
350.11644673347473,0.9170240759849548,0.43598702549934387,1.0,1.0,preview
350.1579508781433,0.8774751424789429,0.43598702549934387,1.0,1.0,preview
350.19714164733887,0.887606143951416,0.43598702549934387,1.0,1.0,preview
350.2400941848755,0.893041729927063,0.43598702549934387,1.0,1.0,preview
350.27963066101074,0.8989654183387756,0.43598702549934387,1.0,1.0,preview
350.3195114135742,0.8642517924308777,0.43598702549934387,1.0,1.0,preview
350.36102294921875,0.8726010918617249,0.43598702549934387,1.0,1.0,preview
350.40192127227783,0.8574692010879517,0.43598702549934387,1.0,1.0,preview
350.44163489341736,0.8682278990745544,0.43598702549934387,1.0,1.0,preview
350.4815819263458,0.8802191019058228,0.43598702549934387,1.0,1.0,preview
350.5220091342926,0.8913651704788208,0.43598702549934387,1.0,1.0,preview
350.56280422210693,0.869204580783844,0.43598702549934387,1.0,1.0,preview
350.60215187072754,0.8851579427719116,0.43598702549934387,1.0,1.0,preview
350.64513874053955,0.8924140930175781,0.43598702549934387,1.0,1.0,preview
350.68561244010925,0.8746458888053894,0.43598702549934387,1.0,1.0,preview
350.7254436016083,0.8843368887901306,0.43598702549934387,1.0,1.0,preview
350.7656421661377,0.8950222134590149,0.43598702549934387,1.0,1.0,preview
350.8067181110382,0.8509251475334167,0.43598702549934387,1.0,0.9365355372428894,preview
350.84710335731506,0.8429360389709473,0.43598702549934387,1.0,0.9441527724266052,preview
350.8871850967407,0.6866355538368225,0.43598702549934387,1.0,0.9519127011299133,preview
350.92917346954346,0.6944692134857178,0.43598702549934387,1.0,0.9600251913070679,preview
350.9703872203827,0.70747309923172,0.43598702549934387,1.0,0.9679789543151855,preview
351.009818315506,0.6250340342521667,0.43598702549934387,1.0,0.9842162728309631,preview
351.0503294467926,0.6435825228691101,0.43598702549934387,1.0,0.9921931028366089,preview
351.0904848575592,0.572339653968811,0.43598702549934387,1.0,1.0,preview
351.13125371932983,0.5912410020828247,0.43598702549934387,1.0,1.0,preview
351.17081212997437,0.6131693720817566,0.43598702549934387,1.0,1.0,preview
351.2106189727783,0.5796706676483154,0.43598702549934387,1.0,1.0,preview
351.2515609264374,0.6014283299446106,0.43598702549934387,1.0,1.0,preview
351.2933900356293,0.6241587400436401,0.43598702549934387,1.0,1.0,preview
351.3338966369629,0.5776466131210327,0.43598702549934387,1.0,1.0,preview
351.37470054626465,0.5986999869346619,0.43598702549934387,1.0,1.0,preview
351.414945602417,0.6474478840827942,0.43598702549934387,1.0,1.0,preview
351.45545959472656,0.6084076166152954,0.43598702549934387,1.0,1.0,preview
351.4969890117645,0.6298847794532776,0.43598702549934387,1.0,1.0,preview
351.5362410545349,0.785405158996582,1.0,1.0,1.0,curvature
351.57692551612854,0.7936599850654602,1.0,1.0,1.0,curvature
351.61745595932007,0.8087461590766907,1.0,1.0,1.0,curvature
351.6577100753784,0.8210967779159546,1.0,1.0,1.0,curvature
351.69827914237976,0.8240338563919067,1.0,1.0,1.0,curvature
351.7400949001312,0.8272592425346375,1.0,1.0,1.0,curvature
351.7815742492676,0.8383051156997681,1.0,1.0,1.0,curvature
351.8210492134094,0.8548081517219543,1.0,1.0,1.0,curvature
351.8614945411682,0.8650546669960022,1.0,1.0,1.0,curvature
351.90280985832214,0.8750253319740295,1.0,1.0,1.0,curvature
351.9412519931793,0.8839407563209534,1.0,1.0,1.0,curvature
351.9841237068176,0.8872509598731995,1.0,1.0,1.0,curvature
352.0226752758026,0.8955458402633667,1.0,1.0,1.0,curvature
352.0634014606476,0.8991062045097351,1.0,1.0,1.0,curvature
352.10323572158813,0.902631402015686,1.0,1.0,1.0,curvature
352.1435577869415,0.9064138531684875,1.0,1.0,1.0,curvature
352.1847493648529,0.9101980328559875,1.0,1.0,1.0,curvature
352.2249834537506,0.9153150320053101,1.0,1.0,1.0,curvature
352.26596784591675,0.9173185229301453,1.0,1.0,1.0,curvature
352.30690360069275,0.9164575934410095,1.0,1.0,1.0,curvature
352.34769225120544,0.9205316305160522,1.0,1.0,1.0,curvature
352.3883605003357,0.9223253130912781,1.0,1.0,1.0,curvature
352.4298095703125,0.9281025528907776,1.0,1.0,1.0,curvature
352.470059633255,0.9301989674568176,1.0,1.0,1.0,curvature
352.5115728378296,0.9338477253913879,1.0,1.0,1.0,curvature
352.5498592853546,0.9359626770019531,1.0,1.0,1.0,curvature
352.5911524295807,0.9380319714546204,1.0,1.0,1.0,curvature
352.630656003952,0.9476603269577026,1.0,1.0,1.0,curvature
352.6745958328247,0.9538251757621765,1.0,1.0,1.0,curvature
352.71212816238403,0.9606228470802307,1.0,1.0,1.0,curvature
352.7541661262512,0.9626861214637756,1.0,1.0,1.0,curvature
352.7939488887787,0.9645909667015076,1.0,1.0,1.0,curvature
352.8331913948059,0.9684122800827026,1.0,1.0,1.0,curvature
352.8742833137512,0.9701754450798035,1.0,1.0,1.0,curvature
352.9153332710266,0.9718335270881653,1.0,1.0,1.0,curvature
352.9573104381561,0.9735629558563232,1.0,1.0,1.0,curvature
352.9977853298187,0.9751095175743103,1.0,1.0,1.0,curvature
353.03764820098877,0.978140652179718,1.0,1.0,1.0,curvature
353.07792830467224,0.97967129945755,1.0,1.0,1.0,curvature
353.1202893257141,0.9811915159225464,1.0,1.0,1.0,curvature
353.1580181121826,0.9869681000709534,1.0,1.0,1.0,curvature
353.1994469165802,0.993190586566925,1.0,1.0,1.0,curvature
353.2405092716217,0.9999481439590454,1.0,1.0,1.0,curvature
353.28156089782715,0.9988574385643005,1.0,1.0,1.0,curvature
353.32237696647644,0.9988001585006714,1.0,1.0,1.0,curvature
353.36268973350525,0.998055636882782,1.0,1.0,1.0,curvature
353.4030694961548,0.9980615377426147,1.0,1.0,1.0,curvature
353.4426703453064,0.9966349601745605,1.0,1.0,1.0,curvature
353.48388051986694,0.9967275857925415,1.0,1.0,1.0,curvature
353.5237777233124,0.9961214661598206,1.0,1.0,1.0,curvature
353.5651195049286,0.9949882626533508,1.0,1.0,1.0,curvature
353.60618138313293,0.9946474432945251,1.0,1.0,1.0,curvature
353.6483817100525,0.99295574426651,1.0,1.0,1.0,curvature
353.6875960826874,0.9932257533073425,1.0,1.0,1.0,curvature
353.72787284851074,0.9927908778190613,1.0,1.0,1.0,curvature
353.76934719085693,0.99315345287323,1.0,1.0,1.0,curvature
353.8088538646698,0.9927569031715393,1.0,1.0,1.0,curvature
353.84912109375,0.992738664150238,1.0,1.0,1.0,curvature
353.8891305923462,0.9924085140228271,1.0,1.0,1.0,curvature
353.9304506778717,0.992783784866333,1.0,1.0,1.0,curvature
353.97060108184814,0.9938263297080994,1.0,1.0,1.0,curvature
354.0111403465271,0.9954915642738342,1.0,1.0,1.0,curvature
354.05000352859497,0.9963359236717224,1.0,1.0,1.0,curvature
354.0925521850586,0.9965896606445312,1.0,1.0,1.0,curvature
354.1330375671387,0.9962596297264099,1.0,1.0,1.0,curvature
354.1728596687317,0.9964543581008911,1.0,1.0,1.0,curvature
354.21472787857056,0.9961415529251099,1.0,1.0,1.0,curvature
354.25639748573303,0.9960458278656006,1.0,1.0,1.0,curvature
354.2959985733032,0.9957593083381653,1.0,1.0,1.0,curvature
354.3361735343933,0.995966911315918,1.0,1.0,1.0,curvature
354.376562833786,0.9976164102554321,1.0,1.0,1.0,curvature
354.4167830944061,0.9997119903564453,1.0,1.0,1.0,curvature
354.4568626880646,0.9984421730041504,1.0,1.0,1.0,curvature
354.49824595451355,0.9530249834060669,0.3933555483818054,1.0,1.0,preview
354.53788685798645,0.9504823088645935,0.3933555483818054,1.0,1.0,preview
354.5805022716522,0.9514538049697876,0.3933555483818054,1.0,1.0,preview
354.62113881111145,0.9572057127952576,0.3933555483818054,1.0,1.0,preview
354.6594877243042,0.9736388325691223,0.3933555483818054,1.0,1.0,preview
354.7015995979309,0.97641521692276,0.3933555483818054,1.0,1.0,preview
354.7417142391205,0.9780146479606628,0.3933555483818054,1.0,1.0,preview
354.78239011764526,0.9500144124031067,0.3933555483818054,1.0,1.0,preview
354.82371973991394,0.9166020154953003,0.3933555483818054,1.0,1.0,preview
354.8637318611145,0.8958286046981812,0.3933555483818054,1.0,1.0,preview
354.9058096408844,0.9100377559661865,0.3933555483818054,1.0,1.0,preview
354.9446587562561,0.9184275269508362,0.3933555483818054,1.0,1.0,preview
354.985449552536,0.9366170167922974,0.3933555483818054,1.0,1.0,preview
355.02626514434814,0.9448012113571167,0.3933555483818054,1.0,1.0,preview
355.0670247077942,0.9717281460762024,0.3933555483818054,1.0,1.0,preview
355.10690426826477,0.9767001867294312,0.3933555483818054,1.0,1.0,preview
355.1479015350342,0.979634702205658,0.3933555483818054,1.0,1.0,preview
355.1883578300476,0.9639222621917725,0.3933555483818054,1.0,1.0,preview
355.22903776168823,0.9142005443572998,0.3933555483818054,1.0,1.0,preview
355.2684564590454,0.8580150604248047,0.3933555483818054,1.0,1.0,preview
355.3099744319916,0.8651605248451233,0.3933555483818054,1.0,1.0,preview
355.3499803543091,0.8754844069480896,0.3933555483818054,1.0,1.0,preview
355.3924615383148,0.8746635317802429,0.3933555483818054,1.0,1.0,preview
355.4314806461334,0.8847274780273438,0.3933555483818054,1.0,1.0,preview
355.4727306365967,0.9048215746879578,0.3933555483818054,1.0,1.0,preview
355.51298451423645,0.90864497423172,0.3933555483818054,1.0,1.0,preview
355.55365085601807,0.9170640110969543,0.3933555483818054,1.0,1.0,preview
355.593465089798,0.8991534113883972,0.3933555483818054,1.0,1.0,preview
355.63472628593445,0.8824658989906311,0.3933555483818054,1.0,1.0,preview
355.67316722869873,0.8723591566085815,0.3933555483818054,1.0,1.0,preview
355.7144355773926,0.8813878893852234,0.3933555483818054,1.0,1.0,preview
355.7557752132416,0.8914203643798828,0.3933555483818054,1.0,1.0,preview
355.79607009887695,0.9022760391235352,0.3933555483818054,1.0,1.0,preview
355.83855533599854,0.9115648865699768,0.3933555483818054,1.0,1.0,preview
355.87493658065796,0.9333232641220093,0.3933555483818054,1.0,1.0,preview
355.9180519580841,0.9416108727455139,0.3933555483818054,1.0,1.0,preview
355.9584765434265,0.9483774304389954,0.3933555483818054,1.0,1.0,preview
355.99883222579956,0.9536870121955872,0.3933555483818054,1.0,1.0,preview
356.04749846458435,0.969109833240509,0.3933555483818054,1.0,1.0,preview
356.0835964679718,0.9773322343826294,0.3933555483818054,1.0,1.0,preview
356.12337732315063,0.9799092411994934,0.3933555483818054,1.0,1.0,preview
356.16293811798096,0.9956657886505127,0.3933555483818054,1.0,1.0,preview
356.20243787765503,0.9732516407966614,0.3933555483818054,1.0,1.0,preview
356.24390745162964,0.9531522393226624,0.3933555483818054,1.0,1.0,preview
356.2843322753906,0.8133326768875122,0.3933555483818054,1.0,0.9050907492637634,preview
356.3248291015625,0.818645715713501,0.3933555483818054,1.0,0.9129745960235596,preview
356.36573553085327,0.8283718824386597,0.3933555483818054,1.0,0.920978307723999,preview
356.4069104194641,0.6750733852386475,0.3933555483818054,1.0,0.9293408989906311,preview
356.4488456249237,0.6830120086669922,0.3933555483818054,1.0,0.9375392198562622,preview
356.488050699234,0.5922826528549194,0.3933555483818054,1.0,0.9544985294342041,preview
356.52869749069214,0.6086764335632324,0.3933555483818054,1.0,0.9629343152046204,preview
356.57035517692566,0.5361974835395813,0.3933555483818054,1.0,0.9713863730430603,preview
356.60963892936707,0.5526385307312012,0.3933555483818054,1.0,0.9800965785980225,preview
356.6503233909607,0.5263158082962036,0.3933555483818054,1.0,0.9885239601135254,preview
356.69133853912354,0.5348817110061646,0.3933555483818054,1.0,1.0,preview
356.73214888572693,0.5263158082962036,0.3933555483818054,1.0,1.0,preview
356.7715673446655,0.5263158082962036,0.3933555483818054,1.0,1.0,preview
356.8137540817261,0.5306113362312317,0.3933555483818054,1.0,1.0,preview
356.8540439605713,0.5263158082962036,0.3933555483818054,1.0,1.0,preview
356.89450216293335,0.5347840785980225,0.3933555483818054,1.0,1.0,preview
356.93604612350464,0.5263158082962036,0.3933555483818054,1.0,1.0,preview
356.97645568847656,0.5263158082962036,0.3933555483818054,1.0,1.0,preview
357.0162172317505,0.5473951101303101,0.3933555483818054,1.0,1.0,preview
357.057669878006,0.7223707437515259,1.0,1.0,1.0,curvature
357.09758257865906,0.7435917258262634,1.0,1.0,1.0,curvature
357.1384000778198,0.7486648559570312,1.0,1.0,1.0,curvature
357.1789906024933,0.7595972418785095,1.0,1.0,1.0,curvature
357.219042301178,0.7649404406547546,1.0,1.0,1.0,curvature
357.25930404663086,0.7705879211425781,1.0,1.0,1.0,curvature
357.29952359199524,0.7838770747184753,1.0,1.0,1.0,curvature
357.34091305732727,0.7902137637138367,1.0,1.0,1.0,curvature
357.3790557384491,0.8028535842895508,1.0,1.0,1.0,curvature
357.4210412502289,0.8091683983802795,1.0,1.0,1.0,curvature
357.46233892440796,0.8153330087661743,1.0,1.0,1.0,curvature
357.5036768913269,0.8285908699035645,1.0,1.0,1.0,curvature
357.54489159584045,0.8351039886474609,1.0,1.0,1.0,curvature
357.5826916694641,0.8415404558181763,1.0,1.0,1.0,curvature
357.6244547367096,0.848162055015564,1.0,1.0,1.0,curvature
357.6655180454254,0.8546686768531799,1.0,1.0,1.0,curvature
357.70589661598206,0.8637806177139282,1.0,1.0,1.0,curvature
357.74534606933594,0.8722849488258362,1.0,1.0,1.0,curvature
357.7861659526825,0.8761060237884521,1.0,1.0,1.0,curvature
357.82608294487,0.879984974861145,1.0,1.0,1.0,curvature
357.86894178390503,0.8860898017883301,1.0,1.0,1.0,curvature
357.90956258773804,0.8935886025428772,1.0,1.0,1.0,curvature
357.9490418434143,0.8977131247520447,1.0,1.0,1.0,curvature
357.9893116950989,0.9015997052192688,1.0,1.0,1.0,curvature
358.03029799461365,0.9045287370681763,1.0,1.0,1.0,curvature
358.0716161727905,0.9057111144065857,1.0,1.0,1.0,curvature
358.11221385002136,0.9116530418395996,1.0,1.0,1.0,curvature
358.15367436408997,0.9151808023452759,1.0,1.0,1.0,curvature
358.1938488483429,0.9194712042808533,1.0,1.0,1.0,curvature
358.23345613479614,0.9231699705123901,1.0,1.0,1.0,curvature
358.27355790138245,0.92677241563797,1.0,1.0,1.0,curvature
358.31415843963623,0.9342333078384399,1.0,1.0,1.0,curvature
358.35655784606934,0.9377207159996033,1.0,1.0,1.0,curvature
358.39627408981323,0.9410590529441833,1.0,1.0,1.0,curvature
358.43706703186035,0.9444817900657654,1.0,1.0,1.0,curvature
358.477205991745,0.9476019740104675,1.0,1.0,1.0,curvature
358.5176110267639,0.9543150663375854,1.0,1.0,1.0,curvature
358.559041261673,0.9575666189193726,1.0,1.0,1.0,curvature
358.5981402397156,0.9598917961120605,1.0,1.0,1.0,curvature
358.63847374916077,0.9593189358711243,1.0,1.0,1.0,curvature
358.680540561676,0.9580928683280945,1.0,1.0,1.0,curvature
358.72050952911377,0.9603226780891418,1.0,1.0,1.0,curvature
358.76135420799255,0.9624195694923401,1.0,1.0,1.0,curvature
358.8006842136383,0.9652140736579895,1.0,1.0,1.0,curvature
358.84442353248596,0.9679994583129883,1.0,1.0,1.0,curvature
358.88264775276184,0.9707452058792114,1.0,1.0,1.0,curvature
358.9229280948639,0.975245475769043,1.0,1.0,1.0,curvature
358.9638910293579,0.9779086112976074,1.0,1.0,1.0,curvature
359.00386929512024,0.9804169535636902,1.0,1.0,1.0,curvature
359.04381132125854,0.9751909971237183,1.0,1.0,1.0,curvature
359.08535265922546,0.9712218642234802,1.0,1.0,1.0,curvature
359.12596464157104,0.9687669277191162,1.0,1.0,1.0,curvature
359.1665937900543,0.9712950587272644,1.0,1.0,1.0,curvature
359.20782995224,0.9740403890609741,1.0,1.0,1.0,curvature
359.2486062049866,0.976817786693573,1.0,1.0,1.0,curvature
359.29067397117615,0.9781606793403625,1.0,1.0,1.0,curvature
359.32948780059814,0.971924901008606,1.0,1.0,1.0,curvature
359.37057542800903,0.962428092956543,1.0,1.0,1.0,curvature
359.41099405288696,0.9544612169265747,1.0,1.0,1.0,curvature
359.4509987831116,0.9573854804039001,1.0,1.0,1.0,curvature
359.49205112457275,0.9595803618431091,1.0,1.0,1.0,curvature
359.5317807197571,0.9663940072059631,1.0,1.0,1.0,curvature
359.5721130371094,0.9698550701141357,1.0,1.0,1.0,curvature
359.6121072769165,0.9716873168945312,1.0,1.0,1.0,curvature
359.6535544395447,0.9726161360740662,1.0,1.0,1.0,curvature
359.6948010921478,0.9735758304595947,1.0,1.0,1.0,curvature
359.7347106933594,0.9759725332260132,1.0,1.0,1.0,curvature
359.7759573459625,0.9790499210357666,1.0,1.0,1.0,curvature
359.81860399246216,0.9821533560752869,1.0,1.0,1.0,curvature
359.8567352294922,0.9833623766899109,1.0,1.0,1.0,curvature
359.89676094055176,0.9862974286079407,1.0,1.0,1.0,curvature
359.93753361701965,0.9933596253395081,1.0,1.0,1.0,curvature
359.9786846637726,0.9974023699760437,1.0,1.0,1.0,curvature
360.01978850364685,0.9985532760620117,1.0,1.0,1.0,curvature
360.0581681728363,0.9961010813713074,1.0,1.0,1.0,curvature
360.09990310668945,0.9936824440956116,1.0,1.0,1.0,curvature
360.142080783844,0.7631898522377014,0.40442904829978943,1.0,1.0,preview
360.1820259094238,0.7543083429336548,0.40442904829978943,1.0,1.0,preview
360.222482919693,0.7656729817390442,0.40442904829978943,1.0,1.0,preview
360.2608926296234,0.7316285371780396,0.40442904829978943,1.0,1.0,preview
360.3027765750885,0.7006710171699524,0.40442904829978943,1.0,1.0,preview
360.34476613998413,0.7169089317321777,0.40442904829978943,1.0,1.0,preview
360.38398790359497,0.7563212513923645,0.40442904829978943,1.0,1.0,preview
360.42529249191284,0.7709055542945862,0.40442904829978943,1.0,1.0,preview
360.4658920764923,0.8300738334655762,0.40442904829978943,1.0,1.0,preview
360.5056371688843,0.8533128499984741,0.40442904829978943,1.0,1.0,preview
360.5448019504547,0.9867683053016663,0.40442904829978943,1.0,1.0,preview
360.58659648895264,0.965038001537323,0.40442904829978943,1.0,1.0,preview
360.62864661216736,0.9326567053794861,0.40442904829978943,1.0,1.0,preview
360.6682629585266,0.8700583577156067,0.40442904829978943,1.0,1.0,preview
360.70815420150757,0.8726398944854736,0.40442904829978943,1.0,1.0,preview
360.74883460998535,0.8336379528045654,0.40442904829978943,1.0,1.0,preview
360.789039850235,0.8419060111045837,0.40442904829978943,1.0,1.0,preview
360.8295714855194,0.8039036393165588,0.40442904829978943,1.0,1.0,preview
360.87110924720764,0.8216747641563416,0.40442904829978943,1.0,1.0,preview
360.9125385284424,0.8435258865356445,0.40442904829978943,1.0,1.0,preview
360.95095467567444,0.877853274345398,0.40442904829978943,1.0,1.0,preview
360.9923667907715,0.8457277417182922,0.40442904829978943,1.0,1.0,preview
361.0326039791107,0.8553186058998108,0.40442904829978943,1.0,1.0,preview
361.07349586486816,0.8671578168869019,0.40442904829978943,1.0,1.0,preview
361.1145498752594,0.8389459252357483,0.40442904829978943,1.0,1.0,preview
361.1550362110138,0.8640903234481812,0.40442904829978943,1.0,1.0,preview
361.1952495574951,0.8800143003463745,0.40442904829978943,1.0,1.0,preview
361.2362976074219,0.8958931565284729,0.40442904829978943,1.0,1.0,preview
361.27583146095276,0.9066821336746216,0.40442904829978943,1.0,1.0,preview
361.3159215450287,0.8840928077697754,0.40442904829978943,1.0,1.0,preview
361.35845136642456,0.902120053768158,0.40442904829978943,1.0,1.0,preview
361.3982877731323,0.8824689388275146,0.40442904829978943,1.0,1.0,preview
361.4404950141907,0.8908372521400452,0.40442904829978943,1.0,1.0,preview
361.478138923645,0.9000995755195618,0.40442904829978943,1.0,1.0,preview
361.52113580703735,0.8844009637832642,0.3440895676612854,1.0,1.0,preview
361.5610399246216,0.8899840116500854,0.3440895676612854,1.0,1.0,preview
361.60114884376526,0.886428713798523,0.3440895676612854,1.0,1.0,preview
361.64258003234863,0.8646149635314941,0.3440895676612854,1.0,1.0,preview
361.68194007873535,0.8727900385856628,0.3440895676612854,1.0,1.0,preview
361.72343349456787,0.8815848231315613,0.3440895676612854,1.0,1.0,preview
361.76345443725586,0.8848206996917725,0.3440895676612854,1.0,1.0,preview
361.8039402961731,0.893226683139801,0.3440895676612854,1.0,1.0,preview
361.84347224235535,0.9011070132255554,0.3440895676612854,1.0,1.0,preview
361.88416743278503,0.8972755670547485,0.3440895676612854,1.0,1.0,preview
361.92501997947693,0.9050021767616272,0.3440895676612854,1.0,1.0,preview
361.96481466293335,0.9109593629837036,0.3440895676612854,1.0,1.0,preview
362.0067210197449,0.9181355237960815,0.3440895676612854,1.0,1.0,preview
362.0470275878906,0.9246667623519897,0.3440895676612854,1.0,1.0,preview
362.08895683288574,0.9305940866470337,0.3440895676612854,1.0,1.0,preview
362.1276695728302,0.9302982091903687,0.3440895676612854,1.0,1.0,preview
362.16970896720886,0.9414291977882385,0.3440895676612854,1.0,1.0,preview
362.2094078063965,0.9425690770149231,0.3440895676612854,1.0,1.0,preview
362.25117087364197,0.9472776055335999,0.3440895676612854,1.0,1.0,preview
362.2901861667633,0.9043977856636047,0.3440895676612854,1.0,1.0,preview
362.33089685440063,0.8626328110694885,0.3440895676612854,1.0,1.0,preview
362.3697671890259,0.8226248025894165,0.3440895676612854,1.0,1.0,preview
362.4137349128723,0.8309719562530518,0.3440895676612854,1.0,1.0,preview
362.4545478820801,0.8422089219093323,0.3440895676612854,1.0,1.0,preview
362.49249720573425,0.7830158472061157,0.3440895676612854,1.0,1.0,preview
362.53394389152527,0.7922819256782532,0.3440895676612854,1.0,1.0,preview
362.5736725330353,0.8198758959770203,0.3440895676612854,1.0,1.0,preview
362.615115404129,0.771592915058136,0.3440895676612854,1.0,1.0,preview
362.6577081680298,0.7820481657981873,0.3440895676612854,1.0,1.0,preview
362.69668459892273,0.7957502007484436,0.3440895676612854,1.0,1.0,preview
362.7369153499603,0.7551758885383606,0.3440895676612854,1.0,1.0,preview
362.77744793891907,0.7822107672691345,0.3440895676612854,1.0,1.0,preview
362.8185148239136,0.7972546219825745,0.3440895676612854,1.0,1.0,preview
362.8588788509369,0.7638084292411804,0.3440895676612854,1.0,1.0,preview
362.89876794815063,0.7764345407485962,0.3440895676612854,1.0,1.0,preview
362.93967723846436,0.7909180521965027,0.3440895676612854,1.0,1.0,preview
362.98059821128845,0.7532266974449158,0.3440895676612854,1.0,1.0,preview
363.0205545425415,0.7442158460617065,0.3440895676612854,1.0,1.0,preview
363.05990719795227,0.7035245299339294,0.3440895676612854,1.0,1.0,preview
363.10142731666565,0.7173811793327332,0.3440895676612854,1.0,1.0,preview
363.1419982910156,0.7327591180801392,0.3440895676612854,1.0,1.0,preview
363.182984828949,0.7381244897842407,0.3440895676612854,1.0,1.0,preview
363.22249031066895,0.753470242023468,0.3440895676612854,1.0,1.0,preview
363.26432275772095,0.7464011907577515,0.3440895676612854,1.0,1.0,preview
363.3039734363556,0.7626693844795227,0.3440895676612854,1.0,1.0,preview
363.34618878364563,0.7784623503684998,0.3440895676612854,1.0,1.0,preview
363.38575410842896,0.7921279668807983,0.3440895676612854,1.0,1.0,preview
363.42670154571533,0.8063839077949524,0.3440895676612854,1.0,1.0,preview
363.4656512737274,0.8198258876800537,0.3440895676612854,1.0,1.0,preview
363.5070090293884,0.8205381631851196,0.3440895676612854,1.0,1.0,preview
363.54808831214905,0.8339864611625671,0.3440895676612854,1.0,1.0,preview
363.5875897407532,0.8586217761039734,0.3440895676612854,1.0,1.0,preview
363.63093876838684,0.9243535995483398,0.3440895676612854,1.0,1.0,preview
363.6696960926056,0.9347999691963196,0.3440895676612854,1.0,1.0,preview
363.7101709842682,0.9408013820648193,0.3440895676612854,1.0,1.0,preview
363.75111985206604,0.9468587636947632,0.3440895676612854,1.0,1.0,preview
363.79177713394165,0.9842820763587952,0.3440895676612854,1.0,1.0,preview
363.831378698349,0.993727445602417,0.3440895676612854,1.0,1.0,preview
363.87283754348755,0.9337615966796875,0.3440895676612854,1.0,1.0,preview
363.914794921875,0.935177743434906,0.3440895676612854,1.0,1.0,preview
363.9548501968384,0.9393333792686462,0.3440895676612854,1.0,1.0,preview
363.9936137199402,0.8843087553977966,0.3440895676612854,1.0,1.0,preview
364.03475427627563,0.8882663249969482,0.3440895676612854,1.0,1.0,preview
364.0754063129425,0.8962090015411377,0.3440895676612854,1.0,1.0,preview
364.11647176742554,0.9041275978088379,0.3440895676612854,1.0,1.0,preview
364.15656304359436,0.911098301410675,0.3440895676612854,1.0,1.0,preview
364.1973168849945,0.5356060266494751,0.3440895676612854,1.0,0.8693421483039856,preview
364.2392930984497,0.5263158082962036,0.3440895676612854,1.0,0.8778411149978638,preview
364.28004813194275,0.5263158082962036,0.3440895676612854,1.0,0.8864976167678833,preview
364.3199954032898,0.5263158082962036,0.3440895676612854,1.0,0.8955777287483215,preview
364.36105489730835,0.5263158082962036,0.3440895676612854,1.0,0.9045389890670776,preview
364.40018033981323,0.5263158082962036,0.3440895676612854,1.0,0.9231603145599365,preview
364.4410171508789,0.5263158082962036,0.3440895676612854,1.0,0.9325320720672607,preview
364.4807629585266,0.5263158082962036,0.3440895676612854,1.0,0.9420315623283386,preview
364.5211741924286,0.5263158082962036,0.3440895676612854,1.0,0.9519498944282532,preview
364.56353783607483,0.5263158082962036,0.3440895676612854,1.0,0.9616978168487549,preview
364.6020815372467,0.5263158082962036,0.3440895676612854,1.0,0.9783357977867126,preview
364.641996383667,0.5263158082962036,0.3440895676612854,1.0,0.9835346341133118,preview
364.6841640472412,0.5263158082962036,0.3440895676612854,1.0,0.9873321652412415,preview
364.72471475601196,0.5263158082962036,0.3440895676612854,1.0,0.9977253079414368,preview
364.76566982269287,0.5263158082962036,0.3440895676612854,1.0,1.0,preview
364.805819272995,0.5263158082962036,0.3440895676612854,1.0,1.0,preview
364.8443319797516,0.5263158082962036,0.3440895676612854,1.0,1.0,preview
364.88753485679626,0.5263158082962036,0.3440895676612854,1.0,1.0,preview
364.92875051498413,0.5263158082962036,0.3440895676612854,1.0,1.0,preview
364.96969509124756,0.5263158082962036,0.3440895676612854,1.0,1.0,preview
365.00996255874634,0.5400050282478333,1.0,1.0,1.0,curvature
365.0493497848511,0.5429752469062805,1.0,1.0,1.0,curvature
365.0894396305084,0.55812668800354,1.0,1.0,1.0,curvature
365.1319556236267,0.5618656873703003,1.0,1.0,1.0,curvature
365.17140793800354,0.5660607218742371,1.0,1.0,1.0,curvature
365.2131230831146,0.577616274356842,1.0,1.0,1.0,curvature
365.2535638809204,0.5935303568840027,1.0,1.0,1.0,curvature
365.2937684059143,0.5995152592658997,1.0,1.0,1.0,curvature
365.33303904533386,0.6061811447143555,1.0,1.0,1.0,curvature
365.37471294403076,0.622069239616394,1.0,1.0,1.0,curvature
365.4147834777832,0.636768102645874,1.0,1.0,1.0,curvature
365.45478653907776,0.6402896642684937,1.0,1.0,1.0,curvature
365.4946699142456,0.6408782601356506,1.0,1.0,1.0,curvature
365.53649711608887,0.649383008480072,1.0,1.0,0.9960542321205139,curvature
365.5772225856781,0.652797520160675,1.0,1.0,0.9869094491004944,curvature
365.61746311187744,0.6644958853721619,1.0,1.0,0.9695708751678467,curvature
365.6580386161804,0.6764041781425476,1.0,1.0,0.9616824388504028,curvature
365.6973178386688,0.682160496711731,1.0,1.0,0.9542194604873657,curvature
365.7379891872406,0.6889262795448303,1.0,1.0,0.9420324563980103,curvature
365.7800352573395,0.6903784871101379,1.0,1.0,0.9309029579162598,curvature
365.81967663764954,0.700249195098877,1.0,1.0,0.9147170782089233,curvature
365.8596510887146,0.7116538286209106,1.0,1.0,0.9095765948295593,curvature
365.9012050628662,0.7189918756484985,1.0,1.0,0.9048504829406738,curvature
365.9407250881195,0.7258633971214294,1.0,1.0,0.9003887176513672,curvature
365.98278880119324,0.736321210861206,1.0,1.0,0.8964444398880005,curvature
366.0239362716675,0.753290593624115,1.0,1.0,0.8876031637191772,curvature
366.06393003463745,0.7630629539489746,1.0,1.0,0.8832303881645203,curvature
366.10387659072876,0.7714928388595581,1.0,1.0,0.8792465925216675,curvature
366.14541697502136,0.7800941467285156,1.0,1.0,0.8771649599075317,curvature
366.18696427345276,0.7901676893234253,1.0,1.0,0.8754665851593018,curvature
366.22620272636414,0.8063997626304626,1.0,1.0,0.8729422092437744,curvature
366.26727175712585,0.816897988319397,1.0,1.0,0.8721436262130737,curvature
366.30825328826904,0.8266304731369019,1.0,1.0,0.8716331720352173,curvature
366.34860587120056,0.8373798131942749,1.0,1.0,0.8708288669586182,curvature
366.38973736763,0.848354697227478,1.0,1.0,0.8707311749458313,curvature
366.4307608604431,0.8676958084106445,1.0,1.0,0.8720788359642029,curvature
366.46928453445435,0.8782193064689636,1.0,1.0,0.8730978965759277,lateral_error
366.5129337310791,0.8868610262870789,1.0,1.0,0.8743601441383362,lateral_error
366.55092430114746,0.8929125666618347,1.0,1.0,0.875898540019989,lateral_error
366.59203267097473,0.9006191492080688,1.0,1.0,0.8776248693466187,lateral_error
366.6333248615265,0.9105622172355652,1.0,1.0,0.8762840032577515,lateral_error
366.67464327812195,0.9098265171051025,1.0,1.0,0.873299777507782,lateral_error
366.71296286582947,0.9114192128181458,1.0,1.0,0.8704947233200073,lateral_error
366.7522032260895,0.9185240268707275,1.0,1.0,0.8730955123901367,lateral_error
366.79407835006714,0.9230502247810364,1.0,1.0,0.8757976293563843,lateral_error
366.8350417613983,0.9381296634674072,1.0,1.0,0.8817868232727051,lateral_error
366.8763339519501,0.9455533623695374,1.0,1.0,0.8849695920944214,lateral_error
366.91624307632446,0.9526007175445557,1.0,1.0,0.888290524482727,lateral_error
366.9552958011627,0.9584578275680542,1.0,1.0,0.8892160654067993,lateral_error
366.9963393211365,0.9602102041244507,1.0,1.0,0.8904218673706055,lateral_error
367.0377380847931,0.9726091027259827,1.0,1.0,0.8959329128265381,lateral_error
367.08000135421753,0.979293942451477,1.0,1.0,0.8999395370483398,lateral_error
367.11903405189514,0.9854912757873535,1.0,1.0,0.9040483236312866,lateral_error
367.1596007347107,0.9913508892059326,1.0,1.0,0.9083808064460754,lateral_error
367.1998805999756,0.9922510385513306,1.0,1.0,0.912678599357605,lateral_error
367.24150919914246,0.996630072593689,1.0,1.0,0.9216487407684326,lateral_error
367.28131651878357,0.9913777709007263,1.0,1.0,0.9261740446090698,lateral_error
367.32260847091675,0.9914494752883911,1.0,1.0,0.9307588934898376,lateral_error
367.36220121383667,0.9962143898010254,1.0,1.0,0.9289453625679016,lateral_error
367.40306186676025,0.9995790123939514,1.0,1.0,0.9276515245437622,lateral_error
367.44341254234314,0.9954859018325806,1.0,1.0,0.9311120510101318,lateral_error
367.48389983177185,0.9999899864196777,1.0,1.0,0.9353251457214355,lateral_error
367.52448177337646,0.9952976107597351,1.0,1.0,0.939578115940094,lateral_error
367.5664563179016,0.995376706123352,1.0,1.0,0.9439989328384399,lateral_error
367.608314037323,0.9911501407623291,1.0,1.0,0.9483270645141602,lateral_error
367.6463587284088,0.9828649759292603,1.0,1.0,0.957219660282135,lateral_error
367.6859712600708,0.9832838773727417,1.0,1.0,0.9616460800170898,lateral_error
367.72867584228516,0.9798049330711365,1.0,1.0,0.9660931825637817,lateral_error
367.76869535446167,0.9689056873321533,1.0,1.0,0.9771530628204346,curvature
367.8084650039673,0.9581251740455627,1.0,1.0,0.9888240694999695,curvature
367.8501453399658,0.9495595693588257,1.0,1.0,1.0,curvature
367.8916733264923,0.9473891854286194,1.0,1.0,1.0,curvature
367.9311418533325,0.9457533359527588,1.0,1.0,1.0,curvature
367.97096157073975,0.9444535970687866,1.0,1.0,1.0,curvature
368.01135778427124,0.9470255374908447,1.0,1.0,1.0,curvature
368.0514464378357,0.9449498653411865,1.0,1.0,1.0,curvature
368.094913482666,0.9439995884895325,1.0,1.0,1.0,curvature
368.1328661441803,0.9466469287872314,1.0,1.0,1.0,curvature
368.1739845275879,0.9426619410514832,1.0,1.0,1.0,curvature
368.21604561805725,0.9384048581123352,1.0,1.0,1.0,curvature
368.2544403076172,0.9370556473731995,1.0,1.0,1.0,curvature
368.2979941368103,0.9368873834609985,1.0,1.0,1.0,curvature
368.3359615802765,0.9368871450424194,1.0,1.0,1.0,curvature
368.37663316726685,0.9371320605278015,1.0,1.0,1.0,curvature
368.4184203147888,0.9401994943618774,1.0,1.0,1.0,curvature
368.4570679664612,0.9367446303367615,1.0,1.0,1.0,curvature
368.4986689090729,0.9329167604446411,1.0,1.0,1.0,curvature
368.5394399166107,0.9290700554847717,1.0,1.0,1.0,curvature
368.57930850982666,0.9324102401733398,1.0,1.0,1.0,curvature
368.6215076446533,0.9333816170692444,1.0,1.0,1.0,curvature
368.6621186733246,0.9357731938362122,1.0,1.0,1.0,curvature
368.703741312027,0.9389975070953369,1.0,1.0,1.0,curvature
368.74213337898254,0.9401580691337585,1.0,1.0,1.0,curvature
368.7814972400665,0.9375751614570618,1.0,1.0,1.0,curvature
368.8239619731903,0.9348929524421692,1.0,1.0,1.0,curvature
368.86476373672485,0.9353100061416626,1.0,1.0,1.0,curvature
368.90465211868286,0.9369133710861206,1.0,1.0,1.0,curvature
368.94469356536865,0.9386292695999146,1.0,1.0,1.0,curvature
368.9869153499603,0.9418120384216309,1.0,1.0,1.0,curvature
369.02627873420715,0.943573534488678,1.0,1.0,1.0,curvature
369.0666608810425,0.9473676085472107,1.0,1.0,1.0,curvature
369.1089463233948,0.9501095414161682,1.0,1.0,1.0,curvature
369.1483657360077,0.9517870545387268,1.0,1.0,1.0,curvature
369.1908242702484,0.953514039516449,1.0,1.0,1.0,curvature
369.22988295555115,0.95525062084198,1.0,1.0,1.0,curvature
369.2696998119354,0.9595070481300354,1.0,1.0,1.0,curvature
369.3099482059479,0.9613068103790283,1.0,1.0,1.0,curvature
369.3511357307434,0.9629899859428406,1.0,1.0,1.0,curvature
369.39223289489746,0.9605941772460938,1.0,1.0,1.0,curvature
369.432740688324,0.9581806063652039,1.0,1.0,1.0,curvature
369.4738223552704,0.9578787684440613,1.0,1.0,1.0,curvature
369.5143630504608,0.9597776532173157,1.0,1.0,1.0,curvature
369.5544948577881,0.9618085622787476,1.0,1.0,1.0,curvature
369.5940330028534,0.9639235734939575,1.0,1.0,1.0,curvature
369.6347391605377,0.965866208076477,1.0,1.0,1.0,curvature
369.67646408081055,0.9698088765144348,1.0,1.0,1.0,curvature
369.7167055606842,0.9718326926231384,1.0,1.0,1.0,curvature
369.7564935684204,0.7709233164787292,0.40411609411239624,1.0,1.0,preview
369.79859161376953,0.7316988110542297,0.40411609411239624,1.0,1.0,preview
369.83805298805237,0.6948102712631226,0.40411609411239624,1.0,1.0,preview
369.87823271751404,0.6896732449531555,0.40411609411239624,1.0,1.0,preview
369.91971921920776,0.7025176882743835,0.40411609411239624,1.0,1.0,preview
369.9599447250366,0.7172117233276367,0.40411609411239624,1.0,1.0,preview
369.999920129776,0.7511815428733826,0.40411609411239624,1.0,1.0,preview
370.0399258136749,0.767066478729248,0.40411609411239624,1.0,1.0,preview
370.0825026035309,0.8443895578384399,0.40411609411239624,1.0,1.0,preview
370.1231894493103,0.9076944589614868,0.40411609411239624,1.0,1.0,preview
370.16263127326965,0.9248872995376587,0.40411609411239624,1.0,1.0,preview
370.2023320198059,0.8794289827346802,0.40411609411239624,1.0,1.0,preview
370.24385619163513,0.7819762229919434,0.40411609411239624,1.0,1.0,preview
370.28669333457947,0.7325882315635681,0.40411609411239624,1.0,1.0,preview
370.3256392478943,0.7500453591346741,0.40411609411239624,1.0,1.0,preview
370.3658993244171,0.7685449123382568,0.40411609411239624,1.0,1.0,preview
370.40601563453674,0.8324193954467773,0.40411609411239624,1.0,1.0,preview
370.4481737613678,0.8539325594902039,0.40411609411239624,1.0,1.0,preview
370.48684000968933,0.9509093165397644,0.40411609411239624,1.0,1.0,preview
370.5272603034973,0.9632419943809509,0.40411609411239624,1.0,1.0,preview
370.56842017173767,0.9684481024742126,0.40411609411239624,1.0,1.0,preview
370.6077609062195,0.9023898243904114,0.40411609411239624,1.0,1.0,preview
370.64879870414734,0.8595062494277954,0.40411609411239624,1.0,1.0,preview
370.68920063972473,0.7769980430603027,0.40411609411239624,1.0,1.0,preview
370.7295808792114,0.7870211005210876,0.40411609411239624,1.0,1.0,preview
370.771075963974,0.7535455822944641,0.40411609411239624,1.0,1.0,preview
370.8114447593689,0.7693204283714294,0.40411609411239624,1.0,1.0,preview
370.8535268306732,0.7863950133323669,0.40411609411239624,1.0,1.0,preview
370.89242672920227,0.7780518531799316,0.40411609411239624,1.0,1.0,preview
370.93276023864746,0.7932056784629822,0.40411609411239624,1.0,1.0,preview
370.973108291626,0.7720018029212952,0.40411609411239624,1.0,1.0,preview
371.01412773132324,0.8002853393554688,0.40411609411239624,1.0,1.0,preview
371.0540306568146,0.8326008915901184,0.40411609411239624,1.0,1.0,preview
371.09483337402344,0.8504524230957031,0.40411609411239624,1.0,1.0,preview
371.13705348968506,0.8645714521408081,0.40411609411239624,1.0,1.0,preview
371.1770119667053,0.8482406735420227,0.40411609411239624,1.0,1.0,preview
371.21717166900635,0.8596358299255371,0.40411609411239624,1.0,1.0,preview
371.25852823257446,0.8719322085380554,0.40411609411239624,1.0,1.0,preview
371.29838585853577,0.871108889579773,0.40411609411239624,1.0,1.0,preview
371.339453458786,0.8818480968475342,0.40411609411239624,1.0,1.0,preview
371.37979650497437,0.8715931177139282,0.40411609411239624,1.0,1.0,preview
371.42118549346924,0.8820880651473999,0.40411609411239624,1.0,1.0,preview
371.46239829063416,0.89284348487854,0.40411609411239624,1.0,1.0,preview
371.50195121765137,0.8951626420021057,0.40411609411239624,1.0,1.0,preview
371.5421197414398,0.9042514562606812,0.40411609411239624,1.0,1.0,preview
371.5832693576813,0.8988532423973083,0.40411609411239624,1.0,1.0,preview
371.62298607826233,0.9076097011566162,0.40411609411239624,1.0,1.0,preview
371.66546964645386,0.9161349534988403,0.40411609411239624,1.0,1.0,preview
371.7057433128357,0.7815698385238647,0.40411609411239624,1.0,1.0,preview
371.7455666065216,0.7934132218360901,0.40411609411239624,1.0,1.0,preview
371.78555393218994,0.8087646961212158,0.40411609411239624,1.0,1.0,preview
371.82649660110474,0.687160849571228,0.40411609411239624,1.0,1.0,preview
371.867698431015,0.6795353293418884,0.40411609411239624,1.0,1.0,preview
371.90813398361206,0.6170784831047058,0.40411609411239624,1.0,1.0,preview
371.94726848602295,0.6374667882919312,0.40411609411239624,1.0,1.0,preview
371.9895782470703,0.6599647402763367,0.40411609411239624,1.0,1.0,preview
372.0291030406952,0.6828048825263977,0.40411609411239624,1.0,1.0,preview
372.06913566589355,0.6340625882148743,0.40411609411239624,1.0,1.0,preview
372.1090941429138,0.6749269366264343,0.40411609411239624,1.0,1.0,preview
372.1525001525879,0.6372780799865723,0.40411609411239624,1.0,1.0,preview
372.191392660141,0.6582580804824829,0.40411609411239624,1.0,1.0,preview
372.2316794395447,0.6832463145256042,0.40411609411239624,1.0,1.0,preview
372.27304792404175,0.7073798775672913,0.40411609411239624,1.0,1.0,preview
372.3136999607086,0.7000043988227844,0.40411609411239624,1.0,1.0,preview
372.353232383728,0.7201888561248779,0.40411609411239624,1.0,1.0,preview
372.3957166671753,0.7403835654258728,0.40411609411239624,1.0,1.0,preview
372.43524408340454,0.7164456248283386,0.40411609411239624,1.0,1.0,preview
372.4744007587433,0.7348473072052002,0.40411609411239624,1.0,1.0,preview
372.51495265960693,0.8897765874862671,1.0,1.0,1.0,curvature
372.5576550960541,0.8961955904960632,1.0,1.0,1.0,curvature
372.59618401527405,0.898426353931427,1.0,1.0,1.0,curvature
372.63764452934265,0.8976495265960693,1.0,1.0,1.0,curvature
372.6782429218292,0.8932709693908691,1.0,1.0,1.0,curvature
372.7213144302368,0.893379807472229,1.0,1.0,1.0,curvature
372.76036977767944,0.900516927242279,1.0,1.0,1.0,curvature
372.80096459388733,0.9039254188537598,1.0,1.0,1.0,curvature
372.8407576084137,0.9074662923812866,1.0,1.0,1.0,curvature
372.8830621242523,0.9139697551727295,1.0,1.0,1.0,curvature
372.92271995544434,0.9211545586585999,1.0,1.0,1.0,curvature
372.9627990722656,0.924658477306366,1.0,1.0,1.0,curvature
373.00462102890015,0.9280486702919006,1.0,1.0,1.0,curvature
373.04353189468384,0.9315981268882751,1.0,1.0,1.0,curvature
373.086053609848,0.9367659091949463,1.0,1.0,1.0,curvature
373.12489891052246,0.9418086409568787,1.0,1.0,1.0,curvature
373.1661193370819,0.9464107155799866,1.0,1.0,1.0,curvature
373.2081913948059,0.949612557888031,1.0,1.0,1.0,curvature
373.24707651138306,0.9477012157440186,1.0,1.0,1.0,curvature
373.2887043952942,0.9463582634925842,1.0,1.0,1.0,curvature
373.32816982269287,0.9471407532691956,1.0,1.0,1.0,curvature
373.36808347702026,0.9487183690071106,1.0,1.0,1.0,curvature
373.4099202156067,0.9513331055641174,1.0,1.0,1.0,curvature
373.4508419036865,0.9531389474868774,1.0,1.0,1.0,curvature
373.49049139022827,0.9549423456192017,1.0,1.0,1.0,curvature
373.52984046936035,0.9592321515083313,1.0,1.0,1.0,curvature
373.5721609592438,0.9613900780677795,1.0,1.0,1.0,curvature
373.61125898361206,0.9631490707397461,1.0,1.0,1.0,curvature
373.65305256843567,0.9650346040725708,1.0,1.0,1.0,curvature
373.69366335868835,0.9669908285140991,1.0,1.0,1.0,curvature
373.7351231575012,0.9706128835678101,1.0,1.0,1.0,curvature
373.7745261192322,0.9722880125045776,1.0,1.0,1.0,curvature
373.8166127204895,0.9739435315132141,1.0,1.0,1.0,curvature
373.85627484321594,0.972967267036438,1.0,1.0,1.0,curvature
373.89629006385803,0.9720533490180969,1.0,1.0,1.0,curvature
373.93868017196655,0.9726014733314514,1.0,1.0,1.0,curvature
373.97745728492737,0.9743831157684326,1.0,1.0,1.0,curvature
374.01759243011475,0.9761819839477539,1.0,1.0,1.0,curvature
374.0590863227844,0.9775370359420776,1.0,1.0,1.0,curvature
374.10105538368225,0.9793175458908081,1.0,1.0,1.0,curvature
374.1400179862976,0.9828487634658813,1.0,1.0,1.0,curvature
374.17979979515076,0.9838864207267761,1.0,1.0,1.0,curvature
374.2204496860504,0.9854536652565002,1.0,1.0,1.0,curvature
374.2606432437897,0.9921891093254089,1.0,1.0,1.0,curvature
374.3019208908081,0.9983398914337158,1.0,1.0,1.0,curvature
374.34286975860596,0.9928072094917297,1.0,1.0,1.0,curvature
374.3823664188385,0.9926471710205078,1.0,1.0,1.0,curvature
374.42287588119507,0.9918707013130188,1.0,1.0,1.0,curvature
374.4637928009033,0.9911941289901733,1.0,1.0,1.0,curvature
374.5056252479553,0.9905182123184204,1.0,1.0,1.0,curvature
374.54603838920593,0.9831320643424988,1.0,1.0,1.0,curvature
374.5870096683502,0.9752800464630127,1.0,1.0,1.0,curvature
374.62575817108154,0.9675235152244568,1.0,1.0,1.0,curvature
374.66658067703247,0.9687938690185547,1.0,1.0,1.0,curvature
374.7075946331024,0.9692618250846863,1.0,1.0,1.0,curvature
374.747905254364,0.9702751636505127,1.0,1.0,1.0,curvature
374.7903161048889,0.9717800617218018,1.0,1.0,1.0,curvature
374.8305733203888,0.9723337292671204,1.0,1.0,1.0,curvature
374.87007880210876,0.981837272644043,1.0,1.0,1.0,curvature
374.91112089157104,0.9910226464271545,1.0,1.0,1.0,curvature
374.9516091346741,0.9998670816421509,1.0,1.0,1.0,curvature
374.991259098053,0.9993064999580383,1.0,1.0,1.0,curvature
375.0330636501312,0.9994199275970459,1.0,1.0,1.0,curvature
375.0739221572876,0.9997633099555969,1.0,1.0,1.0,curvature
375.11307168006897,0.9999400973320007,1.0,1.0,1.0,curvature
375.153014421463,0.9964250922203064,1.0,1.0,1.0,curvature
375.19507241249084,0.9930583834648132,1.0,1.0,1.0,curvature
375.2345988750458,0.9897686243057251,1.0,1.0,1.0,curvature
375.2746412754059,0.9900339841842651,1.0,1.0,1.0,curvature
375.31605553627014,0.99065762758255,1.0,1.0,1.0,curvature
375.35730957984924,0.9921111464500427,1.0,1.0,1.0,curvature
375.3989272117615,0.992534875869751,1.0,1.0,1.0,curvature
375.43853783607483,0.993189811706543,1.0,1.0,1.0,curvature
375.47760915756226,0.9937569499015808,1.0,1.0,1.0,curvature
375.520085811615,0.9943415522575378,1.0,1.0,1.0,curvature
375.5625340938568,0.9952573180198669,1.0,1.0,1.0,curvature
375.60055685043335,0.9959085583686829,1.0,1.0,1.0,curvature
375.6396994590759,0.9965271949768066,1.0,1.0,1.0,curvature
375.68168663978577,0.9971349835395813,1.0,1.0,1.0,curvature
375.72219586372375,0.9973456859588623,1.0,1.0,1.0,curvature
375.7633926868439,0.9983165264129639,1.0,1.0,1.0,curvature
375.8042645454407,0.9988324046134949,1.0,1.0,1.0,curvature
375.8434774875641,0.9994385242462158,1.0,1.0,1.0,curvature
375.88401794433594,0.9971820712089539,0.9054597020149231,1.0,1.0,preview
375.92530703544617,0.9947014451026917,0.8272511959075928,1.0,1.0,preview
375.9644150733948,0.9956408143043518,0.8272511959075928,1.0,1.0,preview
376.006329536438,0.9968667030334473,0.8272511959075928,1.0,1.0,preview
376.047292470932,0.9971462488174438,0.8272511959075928,1.0,1.0,preview
376.08779668807983,0.9952699542045593,0.8272511959075928,1.0,1.0,preview
376.12782645225525,0.9935042262077332,0.8272511959075928,1.0,1.0,preview
376.16765809059143,0.9932028651237488,0.8272511959075928,1.0,1.0,preview
376.20937752723694,0.9935963153839111,0.8272511959075928,1.0,1.0,preview
376.24908542633057,0.9951342344284058,0.8272511959075928,1.0,1.0,preview
376.2901120185852,0.9966904520988464,0.8272511959075928,1.0,1.0,preview
376.33099818229675,0.9970017075538635,0.8272511959075928,1.0,1.0,preview
376.37219429016113,0.9920896887779236,0.8272511959075928,1.0,1.0,preview
376.4127368927002,0.9824356436729431,0.8272511959075928,1.0,1.0,preview
376.4534513950348,0.9745961427688599,0.8272511959075928,1.0,1.0,preview
376.49294543266296,0.9740505814552307,0.8272511959075928,1.0,1.0,preview
376.5332279205322,0.968337893486023,0.8272511959075928,1.0,1.0,preview
376.57467103004456,0.9648135304450989,0.8272511959075928,1.0,1.0,preview
376.61684703826904,0.9666458964347839,0.8272511959075928,1.0,1.0,preview
376.65735602378845,0.9619852900505066,0.8272511959075928,1.0,1.0,preview
376.6964292526245,0.961258053779602,0.8272511959075928,1.0,1.0,preview
376.7361431121826,0.9670429229736328,0.8272511959075928,1.0,1.0,preview
376.7769310474396,0.962740421295166,0.8272511959075928,1.0,1.0,preview
376.81888246536255,0.9649432897567749,0.8272511959075928,1.0,1.0,preview
376.85931158065796,0.9614352583885193,0.8272511959075928,1.0,1.0,preview
376.89997720718384,0.9636942148208618,0.8272511959075928,1.0,1.0,preview
376.9397430419922,0.9604625105857849,0.8272511959075928,1.0,1.0,preview
376.9791679382324,0.9612077474594116,0.8272511959075928,1.0,1.0,preview
377.02102971076965,0.9649532437324524,0.8272511959075928,1.0,1.0,preview
377.061320066452,0.9687064290046692,0.8272511959075928,1.0,1.0,preview
377.1009557247162,0.966426432132721,0.8272511959075928,1.0,1.0,preview
377.1414122581482,0.9684958457946777,0.8272511959075928,1.0,1.0,preview
377.1824119091034,0.9681892395019531,0.8272511959075928,1.0,1.0,preview
377.2246584892273,0.9659969210624695,0.8272511959075928,1.0,1.0,preview
377.26327252388,0.9680147171020508,0.8272511959075928,1.0,1.0,preview
377.3049032688141,0.9587506651878357,0.8272511959075928,1.0,1.0,preview
377.3454706668854,0.9496492743492126,0.8272511959075928,1.0,1.0,preview
377.38682413101196,0.9436524510383606,0.8272511959075928,1.0,1.0,preview
377.42609214782715,0.9467204809188843,0.8272511959075928,1.0,1.0,preview
377.46827936172485,0.946675717830658,0.8272511959075928,1.0,1.0,preview
377.5074517726898,0.9499590992927551,0.8272511959075928,1.0,1.0,preview
377.5501391887665,0.9501628279685974,0.8272511959075928,1.0,1.0,preview
377.58774161338806,0.959909975528717,0.9149893522262573,1.0,1.0,preview
377.62953305244446,0.9650969505310059,1.0,1.0,1.0,curvature
377.6714942455292,0.9667433500289917,1.0,1.0,1.0,curvature
377.71092224121094,0.9695245623588562,1.0,1.0,1.0,curvature
377.75230407714844,0.9705758690834045,1.0,1.0,1.0,curvature
377.79137420654297,0.9734663367271423,1.0,1.0,1.0,curvature
377.83342361450195,0.975030243396759,1.0,1.0,1.0,curvature
377.87594509124756,0.9755972027778625,1.0,1.0,1.0,curvature
377.9138467311859,0.9769230484962463,1.0,1.0,1.0,curvature
377.9546093940735,0.9774768352508545,1.0,1.0,1.0,curvature
377.9941620826721,0.9792822003364563,1.0,1.0,1.0,curvature
378.03595304489136,0.9799032211303711,1.0,1.0,1.0,curvature
378.0753741264343,0.9809971451759338,1.0,1.0,1.0,curvature
378.11635088920593,0.9812793135643005,1.0,1.0,1.0,curvature
378.15732502937317,0.9819978475570679,1.0,1.0,1.0,curvature
378.19824171066284,0.9833670854568481,1.0,1.0,1.0,curvature
378.2406494617462,0.9843177199363708,1.0,1.0,1.0,curvature
378.2793037891388,0.9849539995193481,1.0,1.0,1.0,curvature
378.3197853565216,0.9858106374740601,1.0,1.0,1.0,curvature
378.3610939979553,0.9864332675933838,1.0,1.0,1.0,curvature
378.40119433403015,0.987812340259552,1.0,1.0,1.0,curvature
378.44139790534973,0.9884594082832336,1.0,1.0,1.0,curvature
378.4827172756195,0.9891294836997986,1.0,1.0,1.0,curvature
378.5229308605194,0.9904451370239258,1.0,1.0,1.0,curvature
378.56377029418945,0.9917075634002686,1.0,1.0,1.0,curvature
378.60320496559143,0.9933151006698608,1.0,1.0,1.0,curvature
378.64494824409485,0.9937185049057007,1.0,1.0,1.0,curvature
378.6831271648407,0.9941063523292542,1.0,1.0,1.0,curvature
378.7256872653961,0.9944598078727722,1.0,1.0,1.0,curvature
378.76742935180664,0.9948379993438721,1.0,1.0,1.0,curvature
378.80630898475647,0.9955135583877563,1.0,1.0,1.0,curvature
378.84795594215393,0.9958645701408386,1.0,1.0,1.0,curvature
378.88779950141907,0.9961076378822327,1.0,1.0,1.0,curvature
378.92747020721436,0.9865068197250366,1.0,1.0,1.0,curvature
378.9693458080292,0.9759621024131775,1.0,1.0,1.0,curvature
379.00917506217957,0.9654773473739624,1.0,1.0,1.0,curvature
379.0512857437134,0.9667622447013855,1.0,1.0,1.0,curvature
379.09089159965515,0.9679962992668152,1.0,1.0,1.0,curvature
379.13137125968933,0.9696856141090393,1.0,1.0,1.0,curvature
379.1718809604645,0.9710164070129395,1.0,1.0,1.0,curvature
379.21186447143555,0.9787551164627075,1.0,1.0,1.0,curvature
379.2526321411133,0.9848273992538452,1.0,1.0,1.0,curvature
379.2937433719635,0.9907339215278625,1.0,1.0,1.0,curvature
379.33375000953674,0.9914746284484863,1.0,1.0,1.0,curvature
379.37425327301025,0.9922425150871277,1.0,1.0,1.0,curvature
379.41397356987,0.9935034513473511,1.0,1.0,1.0,curvature
379.4556474685669,0.994203507900238,1.0,1.0,1.0,curvature
379.49758744239807,0.9945876002311707,1.0,1.0,1.0,curvature
379.53627347946167,0.9994978904724121,1.0,1.0,1.0,curvature
379.57814502716064,0.9941442012786865,1.0,1.0,1.0,curvature
379.6169035434723,0.988493025302887,1.0,1.0,1.0,curvature
379.65915060043335,0.9881996512413025,1.0,1.0,1.0,curvature
379.69956827163696,0.9882276058197021,1.0,1.0,1.0,curvature
379.7393012046814,0.9888337254524231,1.0,1.0,1.0,curvature
379.7792739868164,0.9889375567436218,1.0,1.0,1.0,curvature
379.82014203071594,0.9915528297424316,1.0,1.0,1.0,curvature
379.8611397743225,0.9938588738441467,1.0,1.0,1.0,curvature
379.900780916214,0.9964516162872314,1.0,1.0,1.0,curvature
379.940616607666,0.9966764450073242,1.0,1.0,1.0,curvature
379.9846248626709,0.9968920946121216,1.0,1.0,1.0,curvature
380.02310013771057,0.9971625804901123,1.0,1.0,1.0,curvature
380.06506061553955,0.9972461462020874,1.0,1.0,1.0,curvature
380.1057107448578,0.997333288192749,1.0,1.0,1.0,curvature
380.1447877883911,0.9999917149543762,1.0,1.0,1.0,curvature
380.1864347457886,0.997061014175415,1.0,1.0,1.0,curvature
380.2277731895447,0.9938991069793701,1.0,1.0,1.0,curvature
380.26906299591064,0.9937675595283508,1.0,1.0,1.0,curvature
380.3074588775635,0.9940061569213867,1.0,1.0,1.0,curvature
380.34889817237854,0.9940809607505798,1.0,1.0,1.0,curvature
380.3897922039032,0.9943690896034241,1.0,1.0,1.0,curvature
380.42981600761414,0.9981990456581116,1.0,1.0,1.0,curvature
380.4704096317291,0.9865176677703857,0.8322749137878418,1.0,1.0,preview
380.5086603164673,0.9661100506782532,0.7127319574356079,1.0,1.0,preview
380.55059003829956,0.9642804861068726,0.7127319574356079,1.0,1.0,preview
380.59258794784546,0.9654673337936401,0.7127319574356079,1.0,1.0,preview
380.6299650669098,0.9697182178497314,0.7127319574356079,1.0,1.0,preview
380.6726589202881,0.971827507019043,0.7127319574356079,1.0,1.0,preview
380.7121727466583,0.9742574691772461,0.7127319574356079,1.0,1.0,preview
380.7523286342621,0.9921289086341858,0.7127319574356079,1.0,1.0,preview
380.79468274116516,0.9882388114929199,0.7127319574356079,1.0,1.0,preview
380.8345880508423,0.968633770942688,0.7127319574356079,1.0,1.0,preview
380.8760027885437,0.96958327293396,0.7127319574356079,1.0,1.0,preview
380.9151780605316,0.9698203206062317,0.7127319574356079,1.0,1.0,preview
380.95621275901794,0.9718478322029114,0.7127319574356079,1.0,1.0,preview
380.99581813812256,0.9724124073982239,0.7127319574356079,1.0,1.0,preview
381.03779554367065,0.9978929758071899,0.7127319574356079,1.0,1.0,preview
381.07905626296997,0.9728613495826721,0.7127319574356079,1.0,1.0,preview
381.1189069747925,0.9523553252220154,0.7127319574356079,1.0,1.0,preview
381.15863728523254,0.9538323879241943,0.7127319574356079,1.0,1.0,preview
381.1980195045471,0.9567541480064392,0.7127319574356079,1.0,1.0,preview
381.2392957210541,0.9625089168548584,0.7127319574356079,1.0,1.0,preview
381.2810688018799,0.9653928279876709,0.7127319574356079,1.0,1.0,preview
381.3213577270508,0.9679418206214905,0.7127319574356079,1.0,1.0,preview
381.3613028526306,0.9556267261505127,0.7127319574356079,1.0,1.0,preview
381.40267968177795,0.9592539072036743,0.7127319574356079,1.0,1.0,preview
381.4428701400757,0.9360790252685547,0.7127319574356079,1.0,1.0,preview
381.4841694831848,0.9387874007225037,0.7127319574356079,1.0,1.0,preview
381.52377009391785,0.9286983609199524,0.7127319574356079,1.0,1.0,preview
381.56454610824585,0.9328828454017639,0.7127319574356079,1.0,1.0,preview
381.6062569618225,0.9241172671318054,0.7127319574356079,1.0,1.0,preview
381.644784450531,0.9184378385543823,0.7127319574356079,1.0,1.0,preview
381.6862540245056,0.9214502573013306,0.7127319574356079,1.0,1.0,preview
381.7272791862488,0.9129602313041687,0.7127319574356079,1.0,1.0,preview
381.7702262401581,0.9181811213493347,0.7127319574356079,1.0,1.0,preview
381.80907583236694,0.9127389788627625,0.7127319574356079,1.0,1.0,preview
381.848552942276,0.9136753678321838,0.7127319574356079,1.0,1.0,preview
381.8894305229187,0.9193476438522339,0.7127319574356079,1.0,1.0,preview
381.929719209671,0.9156374931335449,0.7127319574356079,1.0,1.0,preview
381.9710478782654,0.9211735129356384,0.7127319574356079,1.0,1.0,preview
382.01161313056946,0.9180574417114258,0.7127319574356079,1.0,1.0,preview
382.05056142807007,0.924089789390564,0.7127319574356079,1.0,1.0,preview
382.09468603134155,0.9322423934936523,0.7127319574356079,1.0,1.0,preview
382.13464188575745,0.9330235719680786,0.7127319574356079,1.0,1.0,preview
382.1745672225952,0.9380548000335693,0.7127319574356079,1.0,1.0,preview
382.21479415893555,0.9464182257652283,0.8317134976387024,1.0,1.0,preview
382.2543270587921,0.95615154504776,1.0,1.0,1.0,curvature
382.2939488887787,0.9573414325714111,1.0,1.0,1.0,curvature
382.3362548351288,0.9584880471229553,1.0,1.0,1.0,curvature
382.37927770614624,0.959751307964325,1.0,1.0,1.0,curvature
382.41824555397034,0.9629227519035339,1.0,1.0,1.0,curvature
382.45817255973816,0.9646793603897095,1.0,1.0,1.0,curvature
382.4989035129547,0.9674071669578552,1.0,1.0,1.0,curvature
382.5389802455902,0.9679206609725952,1.0,1.0,1.0,curvature
382.5789942741394,0.9696131348609924,1.0,1.0,1.0,curvature
382.6208050251007,0.9699543118476868,1.0,1.0,1.0,curvature
382.6605019569397,0.9719536900520325,1.0,1.0,1.0,curvature
382.7026255130768,0.9723750948905945,1.0,1.0,1.0,curvature
382.74181389808655,0.9738142490386963,1.0,1.0,1.0,curvature
382.7816834449768,0.9742714762687683,1.0,1.0,1.0,curvature
382.82179737091064,0.9747329354286194,1.0,1.0,1.0,curvature
382.8643407821655,0.9676378965377808,1.0,1.0,1.0,curvature
382.90262603759766,0.9597524404525757,1.0,1.0,1.0,curvature
382.9456980228424,0.95326828956604,1.0,1.0,1.0,curvature
382.9844174385071,0.9545217156410217,1.0,1.0,1.0,curvature
383.02663922309875,0.9560118913650513,1.0,1.0,1.0,curvature
383.0664892196655,0.9599835872650146,1.0,1.0,1.0,curvature
383.1056785583496,0.962178111076355,1.0,1.0,1.0,curvature
383.14761877059937,0.9637646675109863,1.0,1.0,1.0,curvature
383.1874752044678,0.9654156565666199,1.0,1.0,1.0,curvature
383.2291421890259,0.9672918319702148,1.0,1.0,1.0,curvature
383.2676696777344,0.9802289009094238,1.0,1.0,1.0,curvature
383.30905389785767,0.9931126832962036,1.0,1.0,1.0,curvature
383.3515658378601,0.9925310611724854,1.0,1.0,1.0,curvature
383.39192152023315,0.9910724759101868,1.0,1.0,1.0,curvature
383.4321746826172,0.9912474155426025,1.0,1.0,1.0,curvature
383.47224831581116,0.9910552501678467,1.0,1.0,1.0,curvature
383.5133764743805,0.9905368089675903,1.0,1.0,1.0,curvature
383.5546853542328,0.9900674223899841,1.0,1.0,1.0,curvature
383.5941607952118,0.9905238747596741,1.0,1.0,1.0,curvature
383.635879278183,0.9901730418205261,1.0,1.0,1.0,curvature
383.67560148239136,0.9862207770347595,1.0,1.0,1.0,curvature
383.71671748161316,0.9816040396690369,1.0,1.0,1.0,curvature
383.7572343349457,0.976651668548584,1.0,1.0,1.0,curvature
383.7974319458008,0.9765141606330872,1.0,1.0,1.0,curvature
383.8399977684021,0.9775739908218384,1.0,1.0,1.0,curvature
383.87926721572876,0.9789585471153259,1.0,1.0,1.0,curvature
383.919207572937,0.979170560836792,1.0,1.0,1.0,curvature
383.9598159790039,0.9794308543205261,1.0,1.0,1.0,curvature
384.0010848045349,0.978884220123291,1.0,1.0,1.0,curvature
384.041134595871,0.9673395156860352,0.7887911200523376,1.0,1.0,preview
384.0800154209137,0.952266275882721,0.6512428522109985,1.0,1.0,preview
384.12124586105347,0.9487800002098083,0.6512428522109985,1.0,1.0,preview
384.1629159450531,0.9495630860328674,0.6512428522109985,1.0,1.0,preview
384.2024610042572,0.9506404995918274,0.6512428522109985,1.0,1.0,preview
384.24511456489563,0.9531592130661011,0.6512428522109985,1.0,1.0,preview
384.28291964530945,0.977681577205658,0.6512428522109985,1.0,1.0,preview
384.32333636283875,0.9999625086784363,0.6512428522109985,1.0,1.0,preview
384.36401867866516,0.9795631170272827,0.6512428522109985,1.0,1.0,preview
384.4067008495331,0.9795277118682861,0.6512428522109985,1.0,1.0,preview
384.4452917575836,0.9797948002815247,0.6512428522109985,1.0,1.0,preview
384.4855763912201,0.9827067255973816,0.6512428522109985,1.0,1.0,preview
384.52742290496826,0.9839484691619873,0.6512428522109985,1.0,1.0,preview
384.56650733947754,0.9850701093673706,0.6512428522109985,1.0,1.0,preview
384.606529712677,0.9578312039375305,0.6512428522109985,1.0,1.0,preview
384.6492278575897,0.9341781735420227,0.6512428522109985,1.0,1.0,preview
384.68840289115906,0.9158021211624146,0.6512428522109985,1.0,1.0,preview
384.72978019714355,0.9194672703742981,0.6512428522109985,1.0,1.0,preview
384.77398347854614,0.9252307415008545,0.6512428522109985,1.0,1.0,preview
384.8121271133423,0.9307941198348999,0.6512428522109985,1.0,1.0,preview
384.8513751029968,0.9366694688796997,0.6512428522109985,1.0,1.0,preview
384.89145588874817,0.9381399154663086,0.6512428522109985,1.0,1.0,preview
384.93190693855286,0.9330704212188721,0.6512428522109985,1.0,1.0,preview
384.97204422950745,0.9278622269630432,0.6512428522109985,1.0,1.0,preview
385.01279282569885,0.9355933666229248,0.6512428522109985,1.0,0.9716538190841675,preview
385.05364751815796,0.9407413601875305,0.6512428522109985,1.0,0.9758075475692749,preview
385.0944302082062,0.9538794755935669,0.6512428522109985,1.0,0.9445562362670898,preview
385.1351044178009,0.9860707521438599,0.6512428522109985,1.0,0.9497795104980469,preview
385.1739544868469,0.9897865056991577,0.6512428522109985,1.0,0.9551129341125488,preview
385.2164988517761,0.9932729601860046,0.6512428522109985,1.0,0.9569288492202759,preview
385.2566509246826,0.9947565197944641,0.6512428522109985,1.0,0.958896815776825,preview
385.2968842983246,0.988243043422699,0.6512428522109985,1.0,0.9665755033493042,preview
385.3383014202118,0.9601766467094421,0.6512428522109985,1.0,0.9720020890235901,preview
385.37935161590576,0.9603891372680664,0.6512428522109985,1.0,0.9774913787841797,preview
385.4183015823364,0.9367428421974182,0.6512428522109985,1.0,0.9831961393356323,preview
385.46111035346985,0.9391332268714905,0.6512428522109985,1.0,0.9887748956680298,preview
385.5010824203491,0.8989047408103943,0.6512428522109985,1.0,1.0,preview
385.5400381088257,0.9044504761695862,0.6512428522109985,1.0,1.0,preview
385.5807433128357,0.8889726400375366,0.6512428522109985,1.0,1.0,preview
385.620751619339,0.8895705938339233,0.6512428522109985,1.0,1.0,preview
385.66315174102783,0.8701366782188416,0.6512428522109985,1.0,1.0,preview
385.70285868644714,0.8602414131164551,0.6512428522109985,1.0,1.0,preview
385.7435681819916,0.8509530425071716,0.6512428522109985,1.0,1.0,preview
385.7852153778076,0.8599315285682678,0.6512428522109985,1.0,1.0,preview
385.82541942596436,0.8532474637031555,0.6512428522109985,1.0,1.0,preview
385.8674159049988,0.8623465299606323,0.6512428522109985,1.0,1.0,preview
385.90707206726074,0.8654021620750427,0.6512428522109985,1.0,1.0,preview
385.9479112625122,0.8598635196685791,0.6512428522109985,1.0,1.0,preview
385.98610758781433,0.8686494827270508,0.6512428522109985,1.0,1.0,preview
386.02726459503174,0.8877630233764648,0.7694634199142456,1.0,1.0,preview
386.068311214447,0.9137036800384521,1.0,1.0,1.0,curvature
386.1099011898041,0.9227136373519897,1.0,1.0,1.0,curvature
386.14980959892273,0.9251394271850586,1.0,1.0,1.0,curvature
386.18919491767883,0.9272544384002686,1.0,1.0,1.0,curvature
386.23089838027954,0.9294918775558472,1.0,1.0,1.0,curvature
386.27517890930176,0.9317628741264343,1.0,1.0,1.0,curvature
386.31174874305725,0.9374725818634033,1.0,1.0,1.0,curvature
386.35194730758667,0.9397618174552917,1.0,1.0,1.0,curvature
386.3935720920563,0.9417415261268616,1.0,1.0,1.0,curvature
386.43369364738464,0.9336461424827576,1.0,1.0,1.0,curvature
386.4741222858429,0.9275356531143188,1.0,1.0,1.0,curvature
386.5150225162506,0.9194881319999695,1.0,1.0,1.0,curvature
386.5548541545868,0.9228582382202148,1.0,1.0,1.0,curvature
386.5968379974365,0.9245042204856873,1.0,1.0,1.0,curvature
386.6351914405823,0.9263020753860474,1.0,1.0,1.0,curvature
386.6767282485962,0.9280751347541809,1.0,1.0,1.0,curvature
386.71764516830444,0.9336428642272949,1.0,1.0,1.0,curvature
386.7559087276459,0.9356663823127747,1.0,1.0,1.0,curvature
386.796639919281,0.9375475645065308,1.0,1.0,1.0,curvature
386.8385434150696,0.9351117610931396,1.0,1.0,1.0,curvature
386.8792634010315,0.9310237765312195,1.0,1.0,1.0,curvature
386.92116808891296,0.9289339780807495,1.0,1.0,1.0,curvature
386.96014761924744,0.9312009215354919,1.0,1.0,1.0,curvature
387.0014650821686,0.9346305727958679,1.0,1.0,1.0,curvature
387.0414719581604,0.937231719493866,1.0,1.0,1.0,curvature
387.0824234485626,0.9397062063217163,1.0,1.0,1.0,curvature
387.1236159801483,0.945344090461731,1.0,1.0,1.0,curvature
387.16315245628357,0.9479066133499146,1.0,1.0,1.0,curvature
387.203560590744,0.9504282474517822,1.0,1.0,1.0,curvature
387.2445955276489,0.9731776714324951,1.0,1.0,1.0,curvature
387.2860836982727,0.9945706725120544,1.0,1.0,1.0,curvature
387.32572722435,0.9839332103729248,1.0,1.0,1.0,curvature
387.3645398616791,0.9832981824874878,1.0,1.0,1.0,curvature
387.4066948890686,0.9838821291923523,1.0,1.0,1.0,curvature
387.4487316608429,0.9838815927505493,1.0,1.0,1.0,curvature
387.4890685081482,0.9838254451751709,1.0,1.0,1.0,curvature
387.5290787220001,0.9845998287200928,1.0,1.0,1.0,curvature
387.5717079639435,0.9846732020378113,1.0,1.0,1.0,curvature
387.6100513935089,0.9847967624664307,1.0,1.0,1.0,curvature
387.6503095626831,0.9760449528694153,1.0,1.0,1.0,curvature
387.6907615661621,0.9687157869338989,1.0,1.0,1.0,curvature
387.73001408576965,0.8295853734016418,0.398872971534729,1.0,1.0,preview
387.77104473114014,0.8278861045837402,0.398872971534729,1.0,1.0,preview
387.8112881183624,0.8298097848892212,0.398872971534729,1.0,1.0,preview
387.8532862663269,0.8455244302749634,0.398872971534729,1.0,1.0,preview
387.8929340839386,0.8576693534851074,0.398872971534729,1.0,1.0,preview
387.93565464019775,0.8318504691123962,0.398872971534729,1.0,1.0,preview
387.974675655365,0.7800129652023315,0.398872971534729,1.0,1.0,preview
388.0142161846161,0.735167384147644,0.398872971534729,1.0,1.0,preview
388.05495953559875,0.7624600529670715,0.398872971534729,1.0,1.0,preview
388.0969007015228,0.784787118434906,0.398872971534729,1.0,1.0,preview
388.13525652885437,0.8444117307662964,0.398872971534729,1.0,1.0,preview
388.17874240875244,0.8877705931663513,0.398872971534729,1.0,1.0,preview
388.2182807922363,0.9030554890632629,0.398872971534729,1.0,1.0,preview
388.25896096229553,0.8953089118003845,0.398872971534729,1.0,1.0,preview
388.2988042831421,0.8635297417640686,0.398872971534729,1.0,1.0,preview
388.33870816230774,0.8765546679496765,0.398872971534729,1.0,1.0,preview
388.3798334598541,0.8887736201286316,0.398872971534729,1.0,1.0,preview
388.42039918899536,0.899516224861145,0.398872971534729,1.0,1.0,preview
388.46133637428284,0.95149827003479,0.398872971534729,1.0,1.0,preview
388.50261521339417,0.9611294865608215,0.398872971534729,1.0,1.0,preview
388.5427198410034,0.9802049398422241,0.398872971534729,1.0,1.0,preview
388.5827143192291,0.9764180183410645,0.398872971534729,1.0,1.0,preview
388.6245186328888,0.9775429368019104,0.398872971534729,1.0,1.0,preview
388.6631646156311,0.9308315515518188,0.398872971534729,1.0,1.0,preview
388.7055666446686,0.9320281744003296,0.398872971534729,1.0,1.0,preview
388.7445697784424,0.8976003527641296,0.398872971534729,1.0,1.0,preview
388.78702116012573,0.9024896025657654,0.398872971534729,1.0,1.0,preview
388.8257348537445,0.9092179536819458,0.398872971534729,1.0,1.0,preview
388.86613941192627,0.8614038825035095,0.398872971534729,1.0,1.0,preview
388.90882539749146,0.8520587682723999,0.398872971534729,1.0,1.0,preview
388.94833421707153,0.8243846893310547,0.398872971534729,1.0,1.0,preview
388.9893705844879,0.8359130620956421,0.398872971534729,1.0,1.0,preview
389.0311484336853,0.8214139938354492,0.398872971534729,1.0,1.0,preview
389.0693349838257,0.8344478607177734,0.398872971534729,1.0,1.0,preview
389.11076736450195,0.8472205400466919,0.398872971534729,1.0,1.0,preview
389.1506850719452,0.8496623635292053,0.398872971534729,1.0,1.0,preview
389.19191884994507,0.8611699342727661,0.398872971534729,1.0,1.0,preview
389.2329783439636,0.8539066314697266,0.398872971534729,1.0,1.0,preview
389.2722821235657,0.8657864928245544,0.398872971534729,1.0,1.0,preview
389.3140563964844,0.8771612644195557,0.398872971534729,1.0,1.0,preview
389.3546440601349,0.8427034616470337,0.398872971534729,1.0,1.0,preview
389.3964455127716,0.8150250911712646,0.398872971534729,1.0,1.0,preview
389.4345591068268,0.9551059007644653,0.398872971534729,1.0,0.8878031969070435,preview
389.474725484848,0.9362261295318604,0.398872971534729,1.0,0.8962036371231079,preview
389.5172805786133,0.7165483236312866,0.398872971534729,1.0,0.904545783996582,preview
389.5571298599243,0.5893163084983826,0.398872971534729,1.0,0.9220044612884521,preview
389.5973539352417,0.5994735956192017,0.398872971534729,1.0,0.9308191537857056,preview
389.6378176212311,0.5263158082962036,0.398872971534729,1.0,0.9397339224815369,preview
389.68023347854614,0.5358567237854004,0.398872971534729,1.0,0.9489799737930298,preview
389.71970772743225,0.5571320056915283,0.398872971534729,1.0,0.9579736590385437,preview
389.76277470588684,0.5263158082962036,0.398872971534729,1.0,0.976184606552124,preview
389.8019003868103,0.5341944098472595,0.398872971534729,1.0,0.9850926995277405,preview
389.8401825428009,0.5263158082962036,0.398872971534729,1.0,0.9939334392547607,preview
389.882159948349,0.5263158082962036,0.398872971534729,1.0,1.0,preview
389.9235441684723,0.5263158082962036,0.398872971534729,1.0,1.0,preview
389.96387815475464,0.5263158082962036,0.398872971534729,1.0,1.0,preview
390.00355291366577,0.5263158082962036,0.398872971534729,1.0,1.0,preview
390.04375433921814,0.5263158082962036,0.398872971534729,1.0,1.0,preview
390.08623218536377,0.5263158082962036,0.398872971534729,1.0,1.0,preview
390.12668347358704,0.5371052026748657,0.398872971534729,1.0,1.0,preview
390.1654362678528,0.7031522393226624,1.0,1.0,1.0,curvature
390.20628595352173,0.7103172540664673,1.0,1.0,1.0,curvature
390.24642419815063,0.7282218933105469,1.0,1.0,1.0,curvature
390.2869641780853,0.7311758399009705,1.0,1.0,1.0,curvature
390.32735323905945,0.7458697557449341,1.0,1.0,1.0,curvature
390.37002086639404,0.7564321756362915,1.0,1.0,1.0,curvature
390.4109163284302,0.7599867582321167,1.0,1.0,1.0,curvature
390.4505259990692,0.7640186548233032,1.0,1.0,1.0,curvature
390.491436958313,0.7778454422950745,1.0,1.0,1.0,curvature
390.5316743850708,0.7825039029121399,1.0,1.0,1.0,curvature
390.5712685585022,0.7952651977539062,1.0,1.0,1.0,curvature
390.6127872467041,0.8007305264472961,1.0,1.0,1.0,curvature
390.65303468704224,0.8132666349411011,1.0,1.0,1.0,curvature
390.69228076934814,0.8190280199050903,1.0,1.0,1.0,curvature
390.7339057922363,0.8247714042663574,1.0,1.0,1.0,curvature
390.7753095626831,0.8489239811897278,1.0,1.0,1.0,curvature
390.81671714782715,0.8674480319023132,1.0,1.0,1.0,curvature
390.8565344810486,0.887511134147644,1.0,1.0,1.0,curvature
390.8967192173004,0.8383082151412964,0.7180377244949341,1.0,1.0,preview
390.9390776157379,0.8379368185997009,0.7180377244949341,1.0,1.0,preview
390.97803115844727,0.786017656326294,0.5601083040237427,1.0,1.0,preview
391.0176029205322,0.7881786823272705,0.5601083040237427,1.0,1.0,preview
391.05955600738525,0.7923778295516968,0.5601083040237427,1.0,1.0,preview
391.09988951683044,0.7841756939888,0.5601083040237427,1.0,1.0,preview
391.14169001579285,0.7857663631439209,0.5601083040237427,1.0,1.0,preview
391.18078088760376,0.8048373460769653,0.5601083040237427,1.0,1.0,preview
391.2201237678528,0.8155649900436401,0.5601083040237427,1.0,1.0,preview
391.2603132724762,0.8295848965644836,0.5601083040237427,1.0,1.0,preview
391.30298686027527,0.8431345820426941,0.5601083040237427,1.0,1.0,preview
391.3423261642456,0.856798529624939,0.5601083040237427,1.0,1.0,preview
391.38203525543213,0.8850339651107788,0.5601083040237427,1.0,1.0,preview
391.4244050979614,0.8961950540542603,0.5601083040237427,1.0,1.0,preview
391.464923620224,0.9054441452026367,0.5601083040237427,1.0,1.0,preview
391.5045886039734,0.948740541934967,0.5601083040237427,1.0,1.0,preview
391.54644894599915,0.9908707141876221,0.5601083040237427,1.0,1.0,preview
391.58625173568726,0.9466172456741333,0.5601083040237427,1.0,1.0,preview
391.62614345550537,0.9450458288192749,0.5601083040237427,1.0,1.0,preview
391.6681365966797,0.9357490539550781,0.5601083040237427,1.0,1.0,preview
391.70829606056213,0.9401646852493286,0.5601083040237427,1.0,1.0,preview
391.7492091655731,0.9444854855537415,0.5601083040237427,1.0,1.0,preview
391.7872533798218,0.9420140981674194,0.5601083040237427,1.0,1.0,preview
391.8295965194702,0.9460421204566956,0.5601083040237427,1.0,1.0,preview
391.8698091506958,0.9403782486915588,0.5601083040237427,1.0,1.0,preview
391.9095866680145,0.9446877241134644,0.5601083040237427,1.0,1.0,preview
391.9519760608673,0.9404112696647644,0.5601083040237427,1.0,1.0,preview
391.98993468284607,0.9620175957679749,0.5601083040237427,1.0,1.0,preview
392.0316650867462,0.978740930557251,0.5601083040237427,1.0,1.0,preview
392.07270097732544,0.9933758974075317,0.5601083040237427,1.0,1.0,preview
392.11378479003906,0.9900066256523132,0.5601083040237427,1.0,1.0,preview
392.15517807006836,0.990938127040863,0.5601083040237427,1.0,1.0,preview
392.1949791908264,0.9876399636268616,0.5601083040237427,1.0,1.0,preview
392.23635601997375,0.9885709881782532,0.5601083040237427,1.0,1.0,preview
392.27424716949463,0.9847157597541809,0.5601083040237427,1.0,0.9972744584083557,preview
392.3161246776581,0.9858186841011047,0.5601083040237427,1.0,1.0,preview
392.3575670719147,0.9870223999023438,0.5601083040237427,1.0,1.0,preview
392.39798069000244,0.9848220348358154,0.5601083040237427,1.0,0.9634296894073486,preview
392.43854880332947,0.9859603047370911,0.5601083040237427,1.0,0.968989908695221,preview
392.47845101356506,0.9464848041534424,0.5601083040237427,1.0,0.9746246337890625,preview
392.517507314682,0.9522174000740051,0.5601083040237427,1.0,0.9781802892684937,preview
392.5600709915161,0.9620328545570374,0.5601083040237427,1.0,0.9814003705978394,preview
392.6011025905609,0.9175844192504883,0.5601083040237427,1.0,0.9901869297027588,preview
392.6421253681183,0.9221922755241394,0.5601083040237427,1.0,0.9958546757698059,preview
392.680561542511,0.8743410706520081,0.5601083040237427,1.0,1.0,preview
392.72193813323975,0.8797584772109985,0.5601083040237427,1.0,1.0,preview
392.76399421691895,0.8392655253410339,0.5601083040237427,1.0,1.0,preview
392.8030378818512,0.8573963046073914,0.5601083040237427,1.0,1.0,preview
392.8437945842743,0.8246410489082336,0.5601083040237427,1.0,1.0,preview
392.884015083313,0.8348404765129089,0.5601083040237427,1.0,1.0,preview
392.926274061203,0.8472759127616882,0.5601083040237427,1.0,1.0,preview
392.96836376190186,0.8199307322502136,0.5601083040237427,1.0,1.0,preview
393.006783246994,0.8062770962715149,0.5601083040237427,1.0,1.0,preview
393.0477328300476,0.8187090754508972,0.5601083040237427,1.0,1.0,preview
393.08923506736755,0.8315829038619995,0.5601083040237427,1.0,1.0,preview
393.1291642189026,0.8012496829032898,0.5601083040237427,1.0,1.0,preview
393.1692326068878,0.8020455241203308,0.5601083040237427,1.0,1.0,preview
393.2106728553772,0.7891108393669128,0.5601083040237427,1.0,1.0,preview
393.2526388168335,0.80235755443573,0.5601083040237427,1.0,1.0,preview
393.29055857658386,0.8269220590591431,0.7149282097816467,1.0,1.0,preview
393.332888841629,0.8423283696174622,0.7149282097816467,1.0,1.0,preview
393.3729057312012,0.8902686238288879,1.0,1.0,1.0,curvature
393.41290068626404,0.8953489661216736,1.0,1.0,1.0,curvature
393.4548330307007,0.9029799103736877,1.0,1.0,1.0,curvature
393.4939823150635,0.9056108593940735,1.0,1.0,1.0,curvature
393.53413796424866,0.9083148837089539,1.0,1.0,1.0,curvature
393.5759036540985,0.9111795425415039,1.0,1.0,1.0,curvature
393.61726689338684,0.9184361696243286,1.0,1.0,1.0,curvature
393.657342672348,0.9246793985366821,1.0,1.0,1.0,curvature
393.69817447662354,0.9275000095367432,1.0,1.0,1.0,curvature
393.7384593486786,0.9354832172393799,1.0,1.0,1.0,curvature
393.77899384498596,0.943631112575531,1.0,1.0,1.0,curvature
393.81869864463806,0.953936755657196,1.0,1.0,1.0,curvature
393.8603515625,0.9568700194358826,1.0,1.0,1.0,curvature
393.8994081020355,0.9577396512031555,1.0,1.0,1.0,curvature
393.9398241043091,0.9600332975387573,1.0,1.0,1.0,curvature
393.97989320755005,0.9607290029525757,1.0,1.0,1.0,curvature
394.02203464508057,0.9635816216468811,1.0,1.0,1.0,curvature
394.06211256980896,0.9643893241882324,1.0,1.0,1.0,curvature
394.10404229164124,0.9663432240486145,1.0,1.0,1.0,curvature
394.1445474624634,0.9671472311019897,1.0,1.0,1.0,curvature
394.185387134552,0.9689273834228516,1.0,1.0,1.0,curvature
394.2246069908142,0.9705437421798706,1.0,1.0,1.0,curvature
394.2655906677246,0.9721205234527588,1.0,1.0,1.0,curvature
394.30642104148865,0.9729307889938354,1.0,1.0,1.0,curvature
394.34761452674866,0.9790952205657959,1.0,1.0,1.0,curvature
394.38821959495544,0.9845777153968811,1.0,1.0,1.0,curvature
394.42677760124207,0.9911898374557495,1.0,1.0,1.0,curvature
394.46912908554077,0.9918621182441711,1.0,1.0,1.0,curvature
394.50954151153564,0.9920147061347961,1.0,1.0,1.0,curvature
394.55037569999695,0.9924845695495605,1.0,1.0,1.0,curvature
394.5924060344696,0.9926309585571289,1.0,1.0,1.0,curvature
394.6299772262573,0.9932050108909607,1.0,1.0,1.0,curvature
394.6729440689087,0.9933385848999023,1.0,1.0,1.0,curvature
394.713187456131,0.993708610534668,1.0,1.0,1.0,curvature
394.7534532546997,0.9938282370567322,1.0,1.0,1.0,curvature
394.7932035923004,0.9939486384391785,1.0,1.0,1.0,curvature
394.8339247703552,0.9879438281059265,1.0,1.0,1.0,curvature
394.87470269203186,0.9822717308998108,1.0,1.0,1.0,curvature
394.9163866043091,0.9765101075172424,1.0,1.0,1.0,curvature
394.9554362297058,0.9775279760360718,1.0,1.0,1.0,curvature
394.99575543403625,0.9782756567001343,1.0,1.0,1.0,curvature
395.03574657440186,0.9802913665771484,1.0,1.0,1.0,curvature
395.07681035995483,0.9811492562294006,1.0,1.0,1.0,curvature
395.11650586128235,0.9821596741676331,1.0,1.0,1.0,curvature
395.1569273471832,0.9829788208007812,1.0,1.0,1.0,curvature
395.19764614105225,0.9839067459106445,1.0,1.0,1.0,curvature
395.23949241638184,0.9885830283164978,1.0,1.0,1.0,curvature
395.27957105636597,0.9925803542137146,1.0,1.0,1.0,curvature
395.31922125816345,0.9964050054550171,1.0,1.0,1.0,curvature
395.3606939315796,0.9970908761024475,1.0,1.0,1.0,curvature
395.40134930610657,0.9973085522651672,1.0,1.0,1.0,curvature
395.44127464294434,0.9982965588569641,1.0,1.0,1.0,curvature
395.4825325012207,0.9984744787216187,1.0,1.0,1.0,curvature
395.52255153656006,0.9989194273948669,1.0,1.0,1.0,curvature
395.5630326271057,0.999019980430603,1.0,1.0,1.0,curvature
395.60516142845154,0.9994319081306458,1.0,1.0,1.0,curvature
395.64439034461975,0.9980552792549133,1.0,1.0,1.0,curvature
395.68445324897766,0.9966325759887695,1.0,1.0,1.0,curvature
395.7257504463196,0.9949246048927307,1.0,1.0,1.0,curvature
395.76570892333984,0.9954087138175964,1.0,1.0,1.0,curvature
395.8071472644806,0.9956274032592773,1.0,1.0,1.0,curvature
395.84702014923096,0.9964281320571899,1.0,1.0,1.0,curvature
395.8887872695923,0.9903647899627686,0.7841061353683472,1.0,1.0,preview
395.9283514022827,0.9900417923927307,0.7841061353683472,1.0,1.0,preview
395.9685571193695,0.9800838828086853,0.644880473613739,1.0,1.0,preview
396.00933027267456,0.9803475141525269,0.644880473613739,1.0,1.0,preview
396.0510175228119,0.9399598240852356,0.644880473613739,1.0,1.0,preview
396.09121966362,0.9023541808128357,0.644880473613739,1.0,1.0,preview
396.13230657577515,0.8717337846755981,0.644880473613739,1.0,1.0,preview
396.1719129085541,0.8772457838058472,0.644880473613739,1.0,1.0,preview
396.21436524391174,0.8847727179527283,0.644880473613739,1.0,1.0,preview
396.2526960372925,0.9033515453338623,0.644880473613739,1.0,1.0,preview
396.29287910461426,0.9107760190963745,0.644880473613739,1.0,1.0,preview
396.333899974823,0.9209769368171692,0.644880473613739,1.0,1.0,preview
396.37340450286865,0.9274827837944031,0.644880473613739,1.0,1.0,preview
396.413756608963,0.93874192237854,0.644880473613739,1.0,1.0,preview
396.4560971260071,0.9705760478973389,0.644880473613739,1.0,1.0,preview
396.4983642101288,0.9898886680603027,0.644880473613739,1.0,1.0,preview
396.53740668296814,0.9921776056289673,0.644880473613739,1.0,1.0,preview
396.57820653915405,0.9832398295402527,0.644880473613739,1.0,1.0,preview
396.61865758895874,0.983311653137207,0.644880473613739,1.0,1.0,preview
396.65886545181274,0.976436972618103,0.644880473613739,1.0,1.0,preview
396.6986744403839,0.9775310754776001,0.644880473613739,1.0,1.0,preview
396.7398567199707,0.9711287617683411,0.644880473613739,1.0,1.0,preview
396.7795560359955,0.9728553891181946,0.644880473613739,1.0,1.0,preview
396.8213155269623,0.9673050045967102,0.644880473613739,1.0,1.0,preview
396.86106538772583,0.9782271385192871,0.644880473613739,1.0,1.0,preview
396.9002456665039,0.9368398785591125,0.644880473613739,1.0,1.0,preview
396.94138979911804,0.8981972932815552,0.644880473613739,1.0,1.0,preview
396.9833312034607,0.9026005864143372,0.644880473613739,1.0,1.0,preview
397.0248200893402,0.9137953519821167,0.644880473613739,1.0,1.0,preview
397.06333231925964,0.9271925091743469,0.644880473613739,1.0,1.0,preview
397.1058192253113,0.9400991797447205,0.644880473613739,1.0,1.0,preview
397.1456117630005,0.9451509118080139,0.644880473613739,1.0,1.0,preview
397.1861262321472,0.9275442361831665,0.644880473613739,1.0,1.0,preview
397.2268080711365,0.931410014629364,0.644880473613739,1.0,1.0,preview
397.26593375205994,0.8697622418403625,0.644880473613739,1.0,1.0,preview
397.30743932724,0.8297377228736877,0.644880473613739,1.0,1.0,preview
397.3478989601135,0.7809271812438965,0.644880473613739,1.0,1.0,preview
397.3877124786377,0.7903756499290466,0.644880473613739,1.0,1.0,preview
397.42793798446655,0.8026337027549744,0.644880473613739,1.0,1.0,preview
397.46902322769165,0.8144478797912598,0.644880473613739,1.0,1.0,preview
397.5106201171875,0.814700722694397,0.644880473613739,1.0,1.0,preview
397.55138325691223,0.8261844515800476,0.644880473613739,1.0,1.0,preview
397.5922124385834,0.8288282155990601,0.644880473613739,1.0,1.0,preview
397.63199400901794,0.8404362797737122,0.644880473613739,1.0,1.0,preview
397.6734073162079,0.8556995987892151,0.644880473613739,1.0,1.0,preview
397.7134325504303,0.865858793258667,0.644880473613739,1.0,1.0,preview
397.75506258010864,0.870293140411377,0.644880473613739,1.0,1.0,preview
397.79467153549194,0.880376398563385,0.644880473613739,1.0,1.0,preview
397.8358016014099,0.8871148824691772,0.644880473613739,1.0,1.0,preview
397.87677454948425,0.9061816930770874,0.644880473613739,1.0,1.0,preview
397.91772508621216,0.9127349257469177,0.644880473613739,1.0,1.0,preview
397.956839799881,0.9195170998573303,0.644880473613739,1.0,1.0,preview
397.9969005584717,0.9264709949493408,0.644880473613739,1.0,1.0,preview
398.038969039917,0.9329370260238647,0.644880473613739,1.0,1.0,preview
398.0781219005585,0.9699895977973938,0.7828327417373657,1.0,1.0,preview
398.1216633319855,0.9917207956314087,1.0,1.0,1.0,curvature
398.16032886505127,0.9941871762275696,1.0,1.0,1.0,curvature
398.2017071247101,0.9957388639450073,1.0,1.0,1.0,curvature
398.24223160743713,0.9963547587394714,1.0,1.0,1.0,curvature
398.28283619880676,0.9934788942337036,1.0,1.0,1.0,curvature
398.32365584373474,0.9845155477523804,1.0,1.0,1.0,curvature
398.3625588417053,0.9762845635414124,1.0,1.0,1.0,curvature
398.40341544151306,0.976766049861908,1.0,1.0,1.0,curvature
398.4439399242401,0.9784715175628662,1.0,1.0,1.0,curvature
398.4849281311035,0.9789395332336426,1.0,1.0,1.0,curvature
398.52601051330566,0.9800045490264893,1.0,1.0,1.0,curvature
398.5662763118744,0.9802406430244446,1.0,1.0,1.0,curvature
398.6057388782501,0.9812787771224976,1.0,1.0,1.0,curvature
398.64693331718445,0.9815530180931091,1.0,1.0,1.0,curvature
398.6895251274109,0.9828606247901917,1.0,1.0,1.0,curvature
398.7281548976898,0.9832299947738647,1.0,1.0,1.0,curvature
398.77048683166504,0.9841326475143433,1.0,1.0,1.0,curvature
398.8090560436249,0.980185866355896,1.0,1.0,1.0,curvature
398.85025238990784,0.9767147302627563,1.0,1.0,1.0,curvature
398.89074778556824,0.973020076751709,1.0,1.0,1.0,curvature
398.93202447891235,0.9741872549057007,1.0,1.0,1.0,curvature
398.97240710258484,0.9749063849449158,1.0,1.0,1.0,curvature
399.013751745224,0.9762606024742126,1.0,1.0,1.0,curvature
399.0522644519806,0.9770039319992065,1.0,1.0,1.0,curvature
399.0925500392914,0.9790048003196716,1.0,1.0,1.0,curvature
399.1341338157654,0.9798271059989929,1.0,1.0,1.0,curvature
399.17393493652344,0.9809421300888062,1.0,1.0,1.0,curvature
399.21429419517517,0.981758177280426,1.0,1.0,1.0,curvature
399.2567174434662,0.9825699329376221,1.0,1.0,1.0,curvature
399.29561495780945,0.9917658567428589,1.0,1.0,1.0,curvature
399.3375098705292,0.9996998310089111,1.0,1.0,1.0,curvature
399.3765275478363,0.9925132989883423,1.0,1.0,1.0,curvature
399.41874170303345,0.9922252893447876,1.0,1.0,1.0,curvature
399.46044659614563,0.9923749566078186,1.0,1.0,1.0,curvature
399.49890327453613,0.9930274486541748,1.0,1.0,1.0,curvature
399.53928780555725,0.9933414459228516,1.0,1.0,1.0,curvature
399.5799674987793,0.9936692118644714,1.0,1.0,1.0,curvature
399.6213297843933,0.994003415107727,1.0,1.0,1.0,curvature
399.6619575023651,0.9943541884422302,1.0,1.0,1.0,curvature
399.7010543346405,0.9888200759887695,1.0,1.0,1.0,curvature
399.7424314022064,0.9832103252410889,1.0,1.0,1.0,curvature
399.7836239337921,0.9781603217124939,1.0,1.0,1.0,curvature
399.8234894275665,0.978782057762146,1.0,1.0,1.0,curvature
399.8630270957947,0.9796861410140991,1.0,1.0,1.0,curvature
399.9045321941376,0.9815276861190796,1.0,1.0,1.0,curvature
399.9459581375122,0.9825302958488464,1.0,1.0,1.0,curvature
399.98408126831055,0.9833998680114746,1.0,1.0,1.0,curvature
400.02582025527954,0.9980847239494324,1.0,1.0,1.0,curvature
400.06685280799866,0.9867072105407715,1.0,1.0,1.0,curvature
400.1064567565918,0.9692168831825256,1.0,1.0,1.0,curvature
400.14925932884216,0.9689996838569641,1.0,1.0,1.0,curvature
400.1888339519501,0.9704154133796692,1.0,1.0,1.0,curvature
400.22952032089233,0.9710544943809509,1.0,1.0,1.0,curvature
400.2696146965027,0.972447395324707,1.0,1.0,1.0,curvature
400.30976915359497,0.9915143251419067,1.0,1.0,1.0,curvature
400.3513357639313,0.9901928901672363,1.0,1.0,1.0,curvature
400.39235043525696,0.9738863110542297,1.0,1.0,1.0,curvature
400.43002915382385,0.974258303642273,1.0,1.0,1.0,curvature
400.47114276885986,0.97538161277771,1.0,1.0,1.0,curvature
400.51225090026855,0.9777402281761169,1.0,1.0,1.0,curvature
400.55405044555664,0.9790149331092834,1.0,1.0,1.0,curvature
400.5929505825043,0.980148434638977,1.0,1.0,1.0,curvature
400.6331009864807,0.9660434126853943,1.0,1.0,1.0,curvature
400.6744511127472,0.952904462814331,1.0,1.0,1.0,curvature
400.7164089679718,0.9431582689285278,1.0,1.0,1.0,curvature
400.75668001174927,0.945102870464325,1.0,1.0,1.0,curvature
400.79668617248535,0.9476817846298218,1.0,1.0,1.0,curvature
400.8374574184418,0.9504263997077942,1.0,1.0,1.0,curvature
400.87980008125305,0.9529769420623779,1.0,1.0,1.0,curvature
400.91726756095886,0.9563391804695129,1.0,1.0,1.0,curvature
400.96035981178284,0.9570333957672119,1.0,1.0,1.0,curvature
400.9990394115448,0.9572787880897522,1.0,1.0,1.0,curvature
401.0394606590271,0.9600398540496826,1.0,1.0,1.0,curvature
401.08240365982056,0.962890625,1.0,1.0,1.0,curvature
401.12164521217346,0.8495573401451111,0.5713865756988525,1.0,1.0,preview
401.1618776321411,0.8523893356323242,0.5713865756988525,1.0,1.0,preview
401.20278573036194,0.855736255645752,0.5713865756988525,1.0,1.0,preview
401.24285101890564,0.8264116644859314,0.5713865756988525,1.0,1.0,preview
401.2832279205322,0.7956125140190125,0.5713865756988525,1.0,1.0,preview
401.3237247467041,0.7836090326309204,0.5713865756988525,1.0,1.0,preview
401.36516094207764,0.7870409488677979,0.5713865756988525,1.0,1.0,preview
401.40483355522156,0.8007190823554993,0.5713865756988525,1.0,1.0,preview
401.4463803768158,0.8284869194030762,0.5713865756988525,1.0,1.0,preview
401.48653841018677,0.8434303402900696,0.5713865756988525,1.0,1.0,preview
401.52673530578613,0.8278440237045288,0.5713865756988525,1.0,1.0,preview
401.56846857070923,0.7717844247817993,0.5713865756988525,1.0,0.9863278269767761,preview
401.6087017059326,0.7389540672302246,0.5713865756988525,1.0,0.9689815044403076,preview
401.64900827407837,0.7534177303314209,0.5713865756988525,1.0,0.9716594815254211,preview
401.68973112106323,0.7887434959411621,0.5713865756988525,1.0,0.9744412302970886,preview
401.7312834262848,0.849931001663208,0.5713865756988525,1.0,0.9807870388031006,preview
401.7702980041504,0.8649369478225708,0.5713865756988525,1.0,0.9842557311058044,preview
401.8116374015808,0.8761574029922485,0.5713865756988525,1.0,0.9879170656204224,preview
401.85147976875305,0.9356886148452759,0.5713865756988525,1.0,0.9965314269065857,preview
401.894553899765,0.9938483834266663,0.5713865756988525,1.0,1.0,preview
401.9325075149536,0.9184457063674927,0.5713865756988525,1.0,1.0,preview
401.97456431388855,0.9175487756729126,0.5713865756988525,1.0,1.0,preview
402.013480424881,0.890521764755249,0.5713865756988525,1.0,1.0,preview
402.0548982620239,0.8967359066009521,0.5713865756988525,1.0,1.0,preview
402.0941996574402,0.8741428852081299,0.5713865756988525,1.0,1.0,preview
402.13526034355164,0.9259546995162964,0.5713865756988525,1.0,1.0,preview
402.17792868614197,0.9440776109695435,0.5713865756988525,1.0,1.0,preview
402.21698784828186,0.9896045327186584,0.5713865756988525,1.0,1.0,preview
402.25873041152954,0.964440107345581,0.5713865756988525,1.0,1.0,preview
402.2980935573578,0.9655406475067139,0.5713865756988525,1.0,1.0,preview
402.33879470825195,0.9436618685722351,0.5713865756988525,1.0,1.0,preview
402.38096833229065,0.9682021737098694,0.5713865756988525,1.0,1.0,preview
402.4204909801483,0.9728789925575256,0.5713865756988525,1.0,1.0,preview
402.46020460128784,0.9998376369476318,0.5713865756988525,1.0,1.0,preview
402.5018651485443,0.9976502656936646,0.5713865756988525,1.0,1.0,preview
402.54083609580994,0.9714938998222351,0.5713865756988525,1.0,1.0,preview
402.58243227005005,0.9702370166778564,0.5713865756988525,1.0,1.0,preview
402.62148356437683,0.9471113681793213,0.5713865756988525,1.0,1.0,preview
402.66224479675293,0.9493593573570251,0.5713865756988525,1.0,1.0,preview
402.70332503318787,0.9304885864257812,0.5713865756988525,1.0,1.0,preview
402.74352860450745,0.9389826655387878,0.5713865756988525,1.0,1.0,preview
402.7845618724823,0.9228988885879517,0.5713865756988525,1.0,1.0,preview
402.82627034187317,0.9271700978279114,0.5713865756988525,1.0,1.0,preview
402.86625266075134,0.9129748940467834,0.5713865756988525,1.0,1.0,preview
402.9069182872772,0.9181920886039734,0.5713865756988525,1.0,1.0,preview
402.9464793205261,0.9122175574302673,0.5713865756988525,1.0,1.0,preview
402.98866605758667,0.9014578461647034,0.5713865756988525,1.0,1.0,preview
403.03085112571716,0.9077527523040771,0.5713865756988525,1.0,1.0,preview
403.0682532787323,0.9240531325340271,0.5713865756988525,1.0,1.0,preview
403.10978603363037,0.958569347858429,0.5713865756988525,1.0,1.0,preview
403.1490442752838,0.9866011142730713,0.5713865756988525,1.0,1.0,preview
403.1903085708618,0.9759367108345032,0.5713865756988525,1.0,1.0,preview
403.2327275276184,0.9571566581726074,0.7244610786437988,1.0,1.0,preview
403.2728226184845,0.9531485438346863,0.7244610786437988,1.0,1.0,preview
403.3123710155487,0.9537351131439209,1.0,1.0,1.0,curvature
403.3528470993042,0.9562377333641052,1.0,1.0,1.0,curvature
403.39518785476685,0.9569738507270813,1.0,1.0,1.0,curvature
403.4340033531189,0.9577671885490417,1.0,1.0,1.0,curvature
403.4749529361725,0.9587363600730896,1.0,1.0,1.0,curvature
403.51514649391174,0.9597195982933044,1.0,1.0,1.0,curvature
403.5574815273285,0.9657570719718933,1.0,1.0,1.0,curvature
403.5979001522064,0.9696701765060425,1.0,1.0,1.0,curvature
403.63808584213257,0.9733307361602783,1.0,1.0,1.0,curvature
403.6789724826813,0.9723997712135315,1.0,1.0,1.0,curvature
403.71766567230225,0.9743284583091736,1.0,1.0,1.0,curvature
403.76194071769714,0.974225640296936,1.0,1.0,1.0,curvature
403.79993772506714,0.9755405783653259,1.0,1.0,1.0,curvature
403.83941078186035,0.9755347371101379,1.0,1.0,1.0,curvature
403.88257670402527,0.9755440354347229,1.0,1.0,1.0,curvature
403.9220058917999,0.9755846858024597,1.0,1.0,1.0,curvature
403.96228885650635,0.9769695997238159,1.0,1.0,1.0,curvature
404.0023720264435,0.977129340171814,1.0,1.0,1.0,curvature
404.04278540611267,0.9772666096687317,1.0,1.0,1.0,curvature
404.0837833881378,0.9824954271316528,1.0,1.0,1.0,curvature
404.1245696544647,0.9868432879447937,1.0,1.0,1.0,curvature
404.1665070056915,0.9913552403450012,1.0,1.0,1.0,curvature
404.20476388931274,0.9914599657058716,1.0,1.0,1.0,curvature
404.2464179992676,0.9920308589935303,1.0,1.0,1.0,curvature
404.28748083114624,0.9919108748435974,1.0,1.0,1.0,curvature
404.32957911491394,0.991794764995575,1.0,1.0,1.0,curvature
404.3666732311249,0.9921478629112244,1.0,1.0,1.0,curvature
404.407945394516,0.9920510649681091,1.0,1.0,1.0,curvature
404.45041966438293,0.9919601082801819,1.0,1.0,1.0,curvature
404.4898829460144,0.9918927550315857,1.0,1.0,1.0,curvature
404.5311658382416,0.9923174381256104,1.0,1.0,1.0,curvature
404.57120275497437,0.9994943737983704,1.0,1.0,1.0,curvature
404.61089038848877,0.9914183020591736,1.0,1.0,1.0,curvature
404.65118074417114,0.9832652807235718,1.0,1.0,1.0,curvature
404.6908903121948,0.9835471510887146,1.0,1.0,1.0,curvature
404.73175597190857,0.9841704964637756,1.0,1.0,1.0,curvature
404.77315521240234,0.9859789609909058,1.0,1.0,1.0,curvature
404.81573367118835,0.9868434071540833,1.0,1.0,1.0,curvature
404.8564956188202,0.9875221252441406,1.0,1.0,1.0,curvature
404.895884513855,0.988390326499939,1.0,1.0,1.0,curvature
404.93731474876404,0.9892617464065552,1.0,1.0,1.0,curvature
404.97664999961853,0.9867767095565796,1.0,1.0,1.0,curvature
405.0179193019867,0.9836728572845459,1.0,1.0,1.0,curvature
405.05798983573914,0.9805837869644165,1.0,1.0,1.0,curvature
405.09866094589233,0.9816091060638428,1.0,1.0,1.0,curvature
405.13984870910645,0.9827342629432678,1.0,1.0,1.0,curvature
405.18018889427185,0.9848527908325195,1.0,1.0,1.0,curvature
405.2217366695404,0.9859501719474792,1.0,1.0,1.0,curvature
405.2610263824463,0.987017035484314,1.0,1.0,1.0,curvature
405.3004333972931,0.9981502890586853,1.0,1.0,1.0,curvature
405.34106516838074,0.9914878606796265,1.0,1.0,1.0,curvature
405.3825821876526,0.9800137281417847,1.0,1.0,1.0,curvature
405.4233739376068,0.9795536398887634,1.0,1.0,1.0,curvature
405.4628493785858,0.9804616570472717,1.0,1.0,1.0,curvature
405.5044927597046,0.9807422757148743,1.0,1.0,1.0,curvature
405.54565811157227,0.9809592366218567,1.0,1.0,1.0,curvature
405.585072517395,0.9838913083076477,1.0,1.0,1.0,curvature
405.6259286403656,0.9866616129875183,1.0,1.0,1.0,curvature
405.66644620895386,0.9898552298545837,1.0,1.0,1.0,curvature
405.7071042060852,0.9902080297470093,1.0,1.0,1.0,curvature
405.74745869636536,0.9904235601425171,1.0,1.0,1.0,curvature
405.7874290943146,0.9912001490592957,1.0,1.0,1.0,curvature
405.8298888206482,0.9914529323577881,1.0,1.0,1.0,curvature
405.8707523345947,0.9916849732398987,1.0,1.0,1.0,curvature
405.90925216674805,0.9881126284599304,1.0,1.0,1.0,curvature
405.9504933357239,0.9846010804176331,1.0,1.0,1.0,curvature
405.99286794662476,0.9816142320632935,1.0,1.0,1.0,curvature
406.0334780216217,0.9823862314224243,1.0,1.0,1.0,curvature
406.071697473526,0.9829720258712769,1.0,1.0,1.0,curvature
406.1139876842499,0.9836552143096924,1.0,1.0,1.0,curvature
406.15333247184753,0.984514594078064,1.0,1.0,1.0,curvature
406.1946189403534,0.975406289100647,1.0,1.0,1.0,curvature
406.2345058917999,0.9663287997245789,1.0,1.0,1.0,curvature
406.274786233902,0.9575188159942627,1.0,1.0,1.0,curvature
406.31755566596985,0.9586236476898193,1.0,1.0,1.0,curvature
406.35567331314087,0.9605023264884949,1.0,1.0,1.0,curvature
406.39607667922974,0.769903302192688,0.40442904829978943,1.0,1.0,preview
406.4365005493164,0.7665541172027588,0.40442904829978943,1.0,1.0,preview
406.47657561302185,0.768856406211853,0.40442904829978943,1.0,1.0,preview
406.5192680358887,0.768842875957489,0.40442904829978943,1.0,1.0,preview
406.56095480918884,0.778826892375946,0.40442904829978943,1.0,1.0,preview
406.60058069229126,0.820765495300293,0.40442904829978943,1.0,1.0,preview
406.64116978645325,0.8510006666183472,0.40442904829978943,1.0,1.0,preview
406.6807200908661,0.8617807626724243,0.40442904829978943,1.0,1.0,preview
406.72092485427856,0.8730051517486572,0.40442904829978943,1.0,1.0,preview
406.76298236846924,0.9190272092819214,0.40442904829978943,1.0,1.0,preview
406.8021631240845,0.9333381056785583,0.40442904829978943,1.0,1.0,preview
406.8444633483887,0.9314612746238708,0.40442904829978943,1.0,1.0,preview
406.8835892677307,0.8940516710281372,0.40442904829978943,1.0,1.0,preview
406.92514419555664,0.9369860887527466,0.40442904829978943,1.0,1.0,preview
406.96600890159607,0.9476876854896545,0.40442904829978943,1.0,1.0,preview
407.00361371040344,0.9920564889907837,0.40442904829978943,1.0,1.0,preview
407.0472946166992,0.9879859685897827,0.40442904829978943,1.0,1.0,preview
407.08784103393555,0.9443795680999756,0.40442904829978943,1.0,1.0,preview
407.12635040283203,0.9533707499504089,0.40442904829978943,1.0,1.0,preview
407.1670837402344,0.9643006324768066,0.40442904829978943,1.0,1.0,preview
407.21055340766907,0.9403219223022461,0.40442904829978943,1.0,1.0,preview
407.2472777366638,0.9430980682373047,0.40442904829978943,1.0,1.0,preview
407.2888448238373,0.9478434324264526,0.40442904829978943,1.0,1.0,preview
407.3317415714264,0.9181927442550659,0.40442904829978943,1.0,1.0,preview
407.372731924057,0.9224491715431213,0.40442904829978943,1.0,1.0,preview
407.4107024669647,0.9759119153022766,0.40442904829978943,1.0,1.0,preview
407.4519636631012,0.9425584673881531,0.40442904829978943,1.0,1.0,preview
407.4913115501404,0.8769772052764893,0.40442904829978943,1.0,1.0,preview
407.53087520599365,0.8801460862159729,0.40442904829978943,1.0,1.0,preview
407.5744888782501,0.8886691927909851,0.40442904829978943,1.0,1.0,preview
407.61435174942017,0.9336174726486206,0.40442904829978943,1.0,1.0,preview
407.6543519496918,0.9427639245986938,0.40442904829978943,1.0,1.0,preview
407.6958472728729,0.982573390007019,0.40442904829978943,1.0,1.0,preview
407.73568058013916,0.9880257248878479,0.40442904829978943,1.0,1.0,preview
407.7771680355072,0.9899605512619019,0.40442904829978943,1.0,1.0,preview
407.8177058696747,0.877447247505188,0.40442904829978943,1.0,1.0,preview
407.85809779167175,0.8052833080291748,0.40442904829978943,1.0,1.0,preview
407.8977494239807,0.7456945776939392,0.40442904829978943,1.0,1.0,preview
407.94143652915955,0.7571137547492981,0.40442904829978943,1.0,1.0,preview
407.9794738292694,0.7718501687049866,0.40442904829978943,1.0,1.0,preview
408.02009439468384,0.7864628434181213,0.40442904829978943,1.0,1.0,preview
408.0605688095093,0.8017321228981018,0.40442904829978943,1.0,1.0,preview
408.10006499290466,0.8027598261833191,0.40442904829978943,1.0,1.0,preview
408.1407747268677,0.8189490437507629,0.40442904829978943,1.0,1.0,preview
408.18188762664795,0.8340232968330383,0.40442904829978943,1.0,1.0,preview
408.2221784591675,0.8543926477432251,0.40442904829978943,1.0,1.0,preview
408.26259994506836,0.8669007420539856,0.40442904829978943,1.0,1.0,preview
408.3044099807739,0.8740159869194031,0.40442904829978943,1.0,1.0,preview
408.3445417881012,0.8857010006904602,0.40442904829978943,1.0,1.0,preview
408.3852586746216,0.8968620300292969,0.40442904829978943,1.0,1.0,preview
408.4258191585541,0.7542737722396851,0.40442904829978943,1.0,0.9674873948097229,preview
408.4670705795288,0.6486731767654419,0.40442904829978943,1.0,0.9748303890228271,preview
408.506609916687,0.6640147566795349,0.40442904829978943,1.0,0.9822012186050415,preview
408.5465610027313,0.6785497069358826,0.40442904829978943,1.0,0.9871461987495422,preview
408.5886068344116,0.6900812983512878,0.40442904829978943,1.0,0.9922217130661011,preview
408.6274230480194,0.6245822906494141,0.40442904829978943,1.0,1.0,preview
408.6692478656769,0.6418774127960205,0.40442904829978943,1.0,1.0,preview
408.7121431827545,0.5847839713096619,0.40442904829978943,1.0,1.0,preview
408.74978709220886,0.60444176197052,0.40442904829978943,1.0,1.0,preview
408.79024291038513,0.6273773908615112,0.40442904829978943,1.0,1.0,preview
408.8301341533661,0.6035211682319641,0.40442904829978943,1.0,1.0,preview
408.8719787597656,0.6231094598770142,0.40442904829978943,1.0,1.0,preview
408.91116642951965,0.5845107436180115,0.40442904829978943,1.0,1.0,preview
408.9535336494446,0.6053169965744019,0.40442904829978943,1.0,1.0,preview
408.9938995838165,0.6286851167678833,0.40442904829978943,1.0,1.0,preview
409.03446316719055,0.6197945475578308,0.40442904829978943,1.0,1.0,preview
409.07419991493225,0.6406159400939941,0.40442904829978943,1.0,1.0,preview
409.1145875453949,0.6147038340568542,0.40442904829978943,1.0,1.0,preview
409.1550178527832,0.6353386044502258,0.40442904829978943,1.0,1.0,preview
409.19604206085205,0.6582867503166199,0.40442904829978943,1.0,1.0,preview
409.23588705062866,0.8085503578186035,1.0,1.0,1.0,curvature
409.27656722068787,0.8178892731666565,1.0,1.0,1.0,curvature
409.31774950027466,0.8160834312438965,1.0,1.0,1.0,curvature
409.3580837249756,0.8207688331604004,1.0,1.0,1.0,curvature
409.39944076538086,0.8321687579154968,1.0,1.0,1.0,curvature
409.4398584365845,0.8429998159408569,1.0,1.0,1.0,curvature
409.4810163974762,0.8480395674705505,1.0,1.0,1.0,curvature
409.5210063457489,0.8531050086021423,1.0,1.0,1.0,curvature
409.5603141784668,0.8583670854568481,1.0,1.0,1.0,curvature
409.6016330718994,0.8636225461959839,1.0,1.0,1.0,curvature
409.642418384552,0.8745008111000061,1.0,1.0,1.0,curvature
409.68452763557434,0.8797131180763245,1.0,1.0,1.0,curvature
409.72393894195557,0.8849148154258728,1.0,1.0,1.0,curvature
409.76491141319275,0.8902928829193115,1.0,1.0,1.0,curvature
409.80521869659424,0.8955310583114624,1.0,1.0,1.0,curvature
409.84672927856445,0.8987701535224915,1.0,1.0,1.0,curvature
409.88556814193726,0.8971593379974365,1.0,1.0,1.0,curvature
409.92464327812195,0.8956531882286072,1.0,1.0,1.0,curvature
409.96682238578796,0.9000522494316101,1.0,1.0,1.0,curvature
410.00874376296997,0.9035274386405945,1.0,1.0,1.0,curvature
410.04859137535095,0.9116871953010559,1.0,1.0,1.0,curvature
410.0888671875,0.9149236679077148,1.0,1.0,1.0,curvature
410.12997579574585,0.9191222786903381,1.0,1.0,1.0,curvature
410.16994643211365,0.9222971796989441,1.0,1.0,1.0,curvature
410.21120595932007,0.9255311489105225,1.0,1.0,1.0,curvature
410.25179839134216,0.930198073387146,1.0,1.0,1.0,curvature
410.2916576862335,0.9308962225914001,1.0,1.0,1.0,curvature
410.3318738937378,0.9315186142921448,1.0,1.0,1.0,curvature
410.3715970516205,0.9347628951072693,1.0,1.0,1.0,curvature
410.4126100540161,0.9381579756736755,1.0,1.0,1.0,curvature
410.4540719985962,0.9448937773704529,1.0,1.0,1.0,curvature
410.49428033828735,0.948147714138031,1.0,1.0,1.0,curvature
410.53512716293335,0.9509451985359192,1.0,1.0,1.0,curvature
410.5746192932129,0.9539667367935181,1.0,1.0,1.0,curvature
410.6176359653473,0.9569931030273438,1.0,1.0,1.0,curvature
410.6575527191162,0.6785145998001099,0.40442904829978943,1.0,1.0,preview
410.6983337402344,0.6719962358474731,0.40442904829978943,1.0,1.0,preview
410.73932099342346,0.6684257984161377,0.40442904829978943,1.0,1.0,preview
410.77850890159607,0.6787753105163574,0.40442904829978943,1.0,1.0,preview
410.8218684196472,0.6908127069473267,0.40442904829978943,1.0,1.0,preview
410.85887479782104,0.7470120787620544,0.40442904829978943,1.0,1.0,preview
410.9008882045746,0.7828009128570557,0.40442904829978943,1.0,1.0,preview
410.941437959671,0.7845644354820251,0.40442904829978943,1.0,1.0,preview
410.9816620349884,0.8440690040588379,0.40442904829978943,1.0,1.0,preview
411.0237534046173,0.8669794201850891,0.40442904829978943,1.0,1.0,preview
411.063684463501,0.9613322615623474,0.40442904829978943,1.0,1.0,preview
411.1048848628998,0.9487861394882202,0.40442904829978943,1.0,1.0,preview
411.14360523223877,0.9387739896774292,0.40442904829978943,1.0,1.0,preview
411.1845850944519,0.8751959204673767,0.40442904829978943,1.0,1.0,preview
411.22592639923096,0.8769702911376953,0.40442904829978943,1.0,1.0,preview
411.2658133506775,0.8419361114501953,0.40442904829978943,1.0,1.0,preview
411.30775690078735,0.8067671656608582,0.40442904829978943,1.0,1.0,preview
411.3468086719513,0.8245041370391846,0.40442904829978943,1.0,1.0,preview
411.38725209236145,0.838843822479248,0.40442904829978943,1.0,1.0,preview
411.4301071166992,0.8045432567596436,0.40442904829978943,1.0,1.0,preview
411.4674632549286,0.830186665058136,0.40442904829978943,1.0,1.0,preview
411.50929021835327,0.8014062643051147,0.40442904829978943,1.0,1.0,preview
411.55073833465576,0.813945472240448,0.40442904829978943,1.0,1.0,preview
411.5905513763428,0.828195333480835,0.40442904829978943,1.0,1.0,preview
411.6315243244171,0.805600643157959,0.40442904829978943,1.0,1.0,preview
411.6705780029297,0.7571636438369751,0.40442904829978943,1.0,1.0,preview
411.71211886405945,0.6899306774139404,0.40442904829978943,1.0,1.0,preview
411.7532856464386,0.66498863697052,0.40442904829978943,1.0,1.0,preview
411.79258275032043,0.6839863061904907,0.40442904829978943,1.0,1.0,preview
411.83317708969116,0.6827181577682495,0.40442904829978943,1.0,1.0,preview
411.8741190433502,0.7260144948959351,0.40442904829978943,1.0,1.0,preview
411.9142425060272,0.7323328852653503,0.40442904829978943,1.0,1.0,preview
411.95471811294556,0.7517877817153931,0.40442904829978943,1.0,1.0,preview
411.99572229385376,0.7714670896530151,0.40442904829978943,1.0,1.0,preview
412.03643441200256,0.7828078269958496,0.40442904829978943,1.0,1.0,preview
412.07696199417114,0.8202965259552002,0.40442904829978943,1.0,1.0,preview
412.11789870262146,0.8352329134941101,0.40442904829978943,1.0,1.0,preview
412.1585342884064,0.8507615327835083,0.40442904829978943,1.0,1.0,preview
412.1977319717407,0.8641849160194397,0.40442904829978943,1.0,1.0,preview
412.2402012348175,0.8808919191360474,0.40442904829978943,1.0,1.0,preview
412.2778842449188,0.936715304851532,0.40442904829978943,1.0,1.0,preview
412.3195517063141,0.9905141592025757,0.40442904829978943,1.0,1.0,preview
412.36038637161255,0.9674080014228821,0.40442904829978943,1.0,1.0,preview
412.4010510444641,0.9674933552742004,0.40442904829978943,1.0,1.0,preview
412.44211196899414,0.9690505266189575,0.40442904829978943,1.0,1.0,preview
412.4821946620941,0.8342587947845459,0.40442904829978943,1.0,0.9630095958709717,preview
412.5222089290619,0.7006007432937622,0.40442904829978943,1.0,0.9700628519058228,preview
412.56398820877075,0.708999752998352,0.40442904829978943,1.0,0.977193295955658,preview
412.6035373210907,0.7277762293815613,0.40442904829978943,1.0,0.9845762848854065,preview
412.6472771167755,0.6424881815910339,0.40442904829978943,1.0,0.9917524456977844,preview
412.6848044395447,0.6705543994903564,0.40442904829978943,1.0,1.0,preview
412.72560000419617,0.6053926944732666,0.40442904829978943,1.0,1.0,preview
412.7676067352295,0.6214442253112793,0.40442904829978943,1.0,1.0,preview
412.80792808532715,0.572012186050415,0.40442904829978943,1.0,1.0,preview
412.849662065506,0.5905787348747253,0.40442904829978943,1.0,1.0,preview
412.88917326927185,0.5740254521369934,0.40442904829978943,1.0,1.0,preview
412.9288890361786,0.5957992076873779,0.40442904829978943,1.0,1.0,preview
412.969304561615,0.6194892525672913,0.40442904829978943,1.0,1.0,preview
413.00976824760437,0.587341845035553,0.40442904829978943,1.0,1.0,preview
413.051393032074,0.6086735725402832,0.40442904829978943,1.0,1.0,preview
413.09175729751587,0.6642500162124634,0.40442904829978943,1.0,1.0,preview
413.1313753128052,0.7670436501502991,0.40442904829978943,1.0,1.0,preview
413.1728925704956,0.9074610471725464,0.40442904829978943,1.0,1.0,preview
413.2125988006592,0.839855968952179,1.0,1.0,1.0,curvature
413.2553243637085,0.8409852385520935,1.0,1.0,1.0,curvature
413.2952070236206,0.8466760516166687,1.0,1.0,1.0,curvature
413.3366985321045,0.8484447598457336,1.0,1.0,1.0,curvature
413.374027967453,0.850946843624115,1.0,1.0,1.0,curvature
413.41554164886475,0.8606266379356384,1.0,1.0,1.0,curvature
413.45646023750305,0.8632623553276062,1.0,1.0,1.0,curvature
413.4970123767853,0.871078372001648,1.0,1.0,1.0,curvature
413.53800678253174,0.8740297555923462,1.0,1.0,1.0,curvature
413.5781021118164,0.8771120309829712,1.0,1.0,1.0,curvature
413.61855268478394,0.8805770874023438,1.0,1.0,1.0,curvature
413.66060280799866,0.8840587735176086,1.0,1.0,1.0,curvature
413.6990349292755,0.8926827907562256,1.0,1.0,1.0,curvature
413.74166107177734,0.896423876285553,1.0,1.0,1.0,curvature
413.779851436615,0.9001140594482422,1.0,1.0,1.0,curvature
413.8214433193207,0.904000997543335,1.0,1.0,1.0,curvature
413.8633852005005,0.9078188538551331,1.0,1.0,1.0,curvature
413.9022605419159,0.9222486019134521,1.0,1.0,1.0,curvature
413.9446756839752,0.9344866275787354,1.0,1.0,1.0,curvature
413.98527574539185,0.9477627873420715,1.0,1.0,1.0,curvature
414.02368545532227,0.9487400650978088,1.0,1.0,1.0,curvature
414.0648264884949,0.9494200348854065,1.0,1.0,1.0,curvature
414.10531783103943,0.9528281092643738,1.0,1.0,1.0,curvature
414.1473686695099,0.9536259770393372,1.0,1.0,1.0,curvature
414.1880464553833,0.9560486078262329,1.0,1.0,1.0,curvature
414.22717332839966,0.9567832946777344,1.0,1.0,1.0,curvature
414.2682821750641,0.9574512243270874,1.0,1.0,1.0,curvature
414.30839562416077,0.9603992700576782,1.0,1.0,1.0,curvature
414.3494460582733,0.9611673355102539,1.0,1.0,1.0,curvature
414.3894991874695,0.8859361410140991,0.39417797327041626,1.0,1.0,preview
414.4289834499359,0.88522869348526,0.39417797327041626,1.0,1.0,preview
414.47051310539246,0.8835775852203369,0.39417797327041626,1.0,1.0,preview
414.5117471218109,0.9008243083953857,0.39417797327041626,1.0,1.0,preview
414.5531060695648,0.9103705883026123,0.39417797327041626,1.0,1.0,preview
414.5935788154602,0.91444331407547,0.39417797327041626,1.0,1.0,preview
414.633891582489,0.9754952192306519,0.39417797327041626,1.0,1.0,preview
414.67616605758667,0.8670346736907959,0.39417797327041626,1.0,1.0,preview
414.71530771255493,0.7889869809150696,0.39417797327041626,1.0,1.0,preview
414.75694274902344,0.8005548119544983,0.39417797327041626,1.0,1.0,preview
414.7948260307312,0.8161216974258423,0.39417797327041626,1.0,1.0,preview
414.83771109580994,0.8314268589019775,0.39417797327041626,1.0,1.0,preview
414.87961530685425,0.8509055972099304,0.39417797327041626,1.0,1.0,preview
414.91962027549744,0.8774548768997192,0.39417797327041626,1.0,1.0,preview
414.96066403388977,0.899617612361908,0.39417797327041626,1.0,1.0,preview
415.0003168582916,0.9105246067047119,0.39417797327041626,1.0,1.0,preview
415.04020500183105,0.9937090873718262,0.39417797327041626,1.0,1.0,preview
415.08257842063904,0.9197732210159302,0.39417797327041626,1.0,1.0,preview
415.1197597980499,0.8454045057296753,0.39417797327041626,1.0,1.0,preview
415.1620819568634,0.8534961342811584,0.39417797327041626,1.0,1.0,preview
415.20206332206726,0.8638376593589783,0.39417797327041626,1.0,1.0,preview
415.2427108287811,0.8595998287200928,0.39417797327041626,1.0,1.0,preview
415.28309178352356,0.8702179789543152,0.39417797327041626,1.0,1.0,preview
415.3234660625458,0.8800864815711975,0.39417797327041626,1.0,1.0,preview
415.3644700050354,0.8913502097129822,0.39417797327041626,1.0,1.0,preview
415.4069697856903,0.9019027352333069,0.39417797327041626,1.0,1.0,preview
415.44607377052307,0.9110085964202881,0.39417797327041626,1.0,1.0,preview
415.48538184165955,0.9120821356773376,0.39417797327041626,1.0,1.0,preview
415.5265460014343,0.9282122254371643,0.39417797327041626,1.0,1.0,preview
415.5667452812195,0.9304586052894592,0.39417797327041626,1.0,1.0,preview
415.6060881614685,0.9370073080062866,0.39417797327041626,1.0,1.0,preview
415.64790511131287,0.8992112874984741,0.39417797327041626,1.0,1.0,preview
415.69006538391113,0.8618162274360657,0.39417797327041626,1.0,1.0,preview
415.7261207103729,0.8361236453056335,0.39417797327041626,1.0,1.0,preview
415.76899003982544,0.8462556004524231,0.39417797327041626,1.0,1.0,preview
415.8110444545746,0.8585251569747925,0.39417797327041626,1.0,1.0,preview
415.85016536712646,0.871737539768219,0.39417797327041626,1.0,1.0,preview
415.8906559944153,0.8833736181259155,0.39417797327041626,1.0,1.0,preview
415.93221497535706,0.9103075861930847,0.39417797327041626,1.0,1.0,preview
415.9728419780731,0.9207324385643005,0.39417797327041626,1.0,1.0,preview
416.01199078559875,0.9285500645637512,0.39417797327041626,1.0,1.0,preview
416.0534393787384,0.945290207862854,0.39417797327041626,1.0,1.0,preview
416.0953176021576,0.9518923163414001,0.39417797327041626,1.0,1.0,preview
416.1356601715088,0.9749724864959717,0.39417797327041626,1.0,1.0,preview
416.1741945743561,0.9799772500991821,0.39417797327041626,1.0,1.0,preview
416.2150049209595,0.9827117919921875,0.39417797327041626,1.0,1.0,preview
416.2558467388153,0.7705931067466736,0.39417797327041626,1.0,0.9235684275627136,preview
416.2979733943939,0.8050245642662048,0.39417797327041626,1.0,0.9280810952186584,preview
416.3376054763794,0.676613450050354,0.39417797327041626,1.0,0.9403303265571594,preview
416.37927770614624,0.6865525841712952,0.39417797327041626,1.0,0.9479044079780579,preview
416.4184718132019,0.702670156955719,0.39417797327041626,1.0,0.9555248618125916,preview
416.45853757858276,0.7231345772743225,0.39417797327041626,1.0,0.9634055495262146,preview
416.49889373779297,0.6027405858039856,0.39417797327041626,1.0,0.971071720123291,preview
416.538578748703,0.6334423422813416,0.39417797327041626,1.0,0.9866516590118408,preview
416.57977652549744,0.547883927822113,0.39417797327041626,1.0,0.9942924380302429,preview
416.61971068382263,0.563745379447937,0.39417797327041626,1.0,1.0,preview
416.66179966926575,0.5842976570129395,0.39417797327041626,1.0,1.0,preview
416.7026991844177,0.6069731712341309,0.39417797327041626,1.0,1.0,preview
416.74258303642273,0.5593649744987488,0.39417797327041626,1.0,1.0,preview
416.7826545238495,0.5798462629318237,0.39417797327041626,1.0,1.0,preview
416.8238365650177,0.5283175110816956,0.39417797327041626,1.0,1.0,preview
416.8649525642395,0.5491556525230408,0.39417797327041626,1.0,1.0,preview
416.90518522262573,0.5717883706092834,0.39417797327041626,1.0,1.0,preview
416.9448893070221,0.5553008913993835,0.39417797327041626,1.0,1.0,preview
416.9866552352905,0.5774753093719482,0.39417797327041626,1.0,1.0,preview
417.02671360969543,0.757128894329071,1.0,1.0,1.0,curvature
417.0670471191406,0.7659158110618591,1.0,1.0,1.0,curvature
417.10834193229675,0.7847521305084229,1.0,1.0,1.0,curvature
417.14837551116943,0.7961186170578003,1.0,1.0,1.0,curvature
417.18818736076355,0.799353301525116,1.0,1.0,1.0,curvature
417.23014211654663,0.8115960955619812,1.0,1.0,1.0,curvature
417.26974844932556,0.8152203559875488,1.0,1.0,1.0,curvature
417.3107271194458,0.8267298340797424,1.0,1.0,1.0,curvature
417.35145902633667,0.8367449641227722,1.0,1.0,1.0,curvature
417.392254114151,0.840676486492157,1.0,1.0,1.0,curvature
417.4320363998413,0.8447367548942566,1.0,1.0,1.0,curvature
417.47186279296875,0.8550724983215332,1.0,1.0,1.0,curvature
417.51536417007446,0.8594254851341248,1.0,1.0,1.0,curvature
417.55463457107544,0.8697301149368286,1.0,1.0,1.0,curvature
417.59462332725525,0.8744418621063232,1.0,1.0,1.0,curvature
417.63449358940125,0.8791064023971558,1.0,1.0,1.0,curvature
417.6769185066223,0.8819199204444885,1.0,1.0,1.0,curvature
417.71628165245056,0.8882945775985718,1.0,1.0,1.0,curvature
417.75547099113464,0.8957124352455139,1.0,1.0,1.0,curvature
417.79636216163635,0.8988063931465149,1.0,1.0,1.0,curvature
417.8376233577728,0.9014323949813843,1.0,1.0,1.0,curvature
417.8782021999359,0.9065219759941101,1.0,1.0,1.0,curvature
417.91970038414,0.9090504050254822,1.0,1.0,1.0,curvature
417.96060371398926,0.9207573533058167,1.0,1.0,1.0,curvature
417.99890089035034,0.9296924471855164,1.0,1.0,1.0,curvature
418.0404257774353,0.7091520428657532,0.40442904829978943,1.0,1.0,preview
418.0817942619324,0.7029837369918823,0.40442904829978943,1.0,1.0,preview
418.1228446960449,0.6966133713722229,0.40442904829978943,1.0,1.0,preview
418.16298508644104,0.7337310314178467,0.40442904829978943,1.0,1.0,preview
418.2045645713806,0.7556316256523132,0.40442904829978943,1.0,1.0,preview
418.2439980506897,0.7748570442199707,0.40442904829978943,1.0,1.0,preview
418.2847023010254,0.8095471858978271,0.40397730469703674,1.0,1.0,preview
418.3263087272644,0.8267081379890442,0.40397730469703674,1.0,1.0,preview
418.3661005496979,0.9038262963294983,0.40397730469703674,1.0,1.0,preview
418.4085545539856,0.9188347458839417,0.40397730469703674,1.0,1.0,preview
418.4457619190216,0.9806406497955322,0.40397730469703674,1.0,1.0,preview
418.48661184310913,0.992748498916626,0.40397730469703674,1.0,1.0,preview
418.5269594192505,0.999694287776947,0.40397730469703674,1.0,1.0,preview
418.56833720207214,0.887116551399231,0.40397730469703674,1.0,1.0,preview
418.60994601249695,0.8457816243171692,0.40397730469703674,1.0,1.0,preview
418.64930510520935,0.8122539520263672,0.40397730469703674,1.0,1.0,preview
418.6918954849243,0.7890121340751648,0.40397730469703674,1.0,1.0,preview
418.73108673095703,0.799962043762207,0.40397730469703674,1.0,1.0,preview
418.7716224193573,0.8012886047363281,0.40397730469703674,1.0,1.0,preview
418.8133201599121,0.8167508840560913,0.40397730469703674,1.0,1.0,preview
418.8519446849823,0.8317908644676208,0.40397730469703674,1.0,1.0,preview
418.89282035827637,0.8462725877761841,0.40397730469703674,1.0,1.0,preview
418.9331533908844,0.8395246267318726,0.40397730469703674,1.0,1.0,preview
418.9742200374603,0.8499972820281982,0.40397730469703674,1.0,1.0,preview
419.0161843299866,0.8300485610961914,0.40397730469703674,1.0,1.0,preview
419.05403566360474,0.8273043632507324,0.40397730469703674,1.0,1.0,preview
419.094340801239,0.8410999178886414,0.40397730469703674,1.0,1.0,preview
419.1356065273285,0.8413401246070862,0.40397730469703674,1.0,1.0,preview
419.17747378349304,0.8698811531066895,0.40397730469703674,1.0,1.0,preview
419.2173306941986,0.8831319212913513,0.40397730469703674,1.0,1.0,preview
419.2560701370239,0.8880362510681152,0.40397730469703674,1.0,1.0,preview
419.2978663444519,0.8985224962234497,0.40397730469703674,1.0,1.0,preview
419.3388340473175,0.9085282683372498,0.40397730469703674,1.0,1.0,preview
419.379967212677,0.9263189435005188,0.40397730469703674,1.0,1.0,preview
419.42079043388367,0.9351258277893066,0.40397730469703674,1.0,1.0,preview
419.4626545906067,0.9420072436332703,0.40397730469703674,1.0,1.0,preview
419.5026216506958,0.9582148790359497,0.40397730469703674,1.0,1.0,preview
419.5429468154907,0.9751583933830261,0.40397730469703674,1.0,1.0,preview
419.5819549560547,0.9924562573432922,0.40397730469703674,1.0,1.0,preview
419.62680172920227,0.995809018611908,0.40397730469703674,1.0,1.0,preview
419.66447019577026,0.9970605969429016,0.40397730469703674,1.0,1.0,preview
419.70524287223816,0.9977641701698303,0.40397730469703674,1.0,1.0,preview
419.74637818336487,0.998403012752533,0.40397730469703674,1.0,1.0,preview
419.7870101928711,0.9063005447387695,0.40397730469703674,1.0,1.0,preview
419.8272969722748,0.9065612554550171,0.40397730469703674,1.0,1.0,preview
419.86587858200073,0.8339169025421143,0.40397730469703674,1.0,1.0,preview
419.9073586463928,0.8409574031829834,0.40397730469703674,1.0,1.0,preview
419.9476435184479,0.8508492112159729,0.40397730469703674,1.0,1.0,preview
419.98586559295654,0.8065586686134338,0.40397730469703674,1.0,1.0,preview
420.02826833724976,0.8187403082847595,0.40397730469703674,1.0,1.0,preview
420.06841826438904,0.7743251919746399,0.40397730469703674,1.0,1.0,preview
420.10895586013794,0.7875000238418579,0.40397730469703674,1.0,1.0,preview
420.1518988609314,0.8020007610321045,0.40397730469703674,1.0,1.0,preview
420.1923191547394,0.7809678912162781,0.40397730469703674,1.0,1.0,preview
420.2328577041626,0.7956347465515137,0.40397730469703674,1.0,1.0,preview
420.27262449264526,0.6697902083396912,0.40397730469703674,1.0,0.9538216590881348,preview
420.31310629844666,0.6805812120437622,0.40397730469703674,1.0,0.9619878530502319,preview
420.3544671535492,0.5909754633903503,0.40397730469703674,1.0,0.9699578285217285,preview
420.3951246738434,0.6717734336853027,0.40397730469703674,1.0,0.9770402312278748,preview
420.43500208854675,0.6376770734786987,0.40397730469703674,1.0,0.9759971499443054,preview
420.47615575790405,0.7067661285400391,0.40397730469703674,1.0,0.9747998714447021,preview
420.51551246643066,0.7332215309143066,0.40397730469703674,1.0,0.9823892116546631,preview
420.5565118789673,0.6489612460136414,0.40397730469703674,1.0,0.9896975159645081,preview
420.59600949287415,0.5951482057571411,0.40397730469703674,1.0,1.0,preview
420.6366012096405,0.6146730184555054,0.40397730469703674,1.0,1.0,preview
420.6763105392456,0.6375299692153931,0.40397730469703674,1.0,1.0,preview
420.71947598457336,0.5854629278182983,0.40397730469703674,1.0,1.0,preview
420.75948882102966,0.6040468215942383,0.40397730469703674,1.0,1.0,preview
420.7993154525757,0.582186758518219,0.40397730469703674,1.0,1.0,preview
420.8399658203125,0.6038133502006531,0.40397730469703674,1.0,1.0,preview
420.8819398880005,0.6275761723518372,0.40397730469703674,1.0,1.0,preview
420.9212176799774,0.5917817950248718,0.40397730469703674,1.0,1.0,preview
420.96255350112915,0.6117783784866333,0.40397730469703674,1.0,1.0,preview
421.00313115119934,0.7717530727386475,1.0,1.0,1.0,curvature
421.043865442276,0.7808232307434082,1.0,1.0,1.0,curvature
421.0841200351715,0.7865699529647827,1.0,1.0,1.0,curvature
421.1233551502228,0.7907812595367432,1.0,1.0,1.0,curvature
421.16414403915405,0.8032504916191101,1.0,1.0,1.0,curvature
421.2049288749695,0.8145276308059692,1.0,1.0,1.0,curvature
421.2489447593689,0.8191712498664856,1.0,1.0,1.0,curvature
421.2868435382843,0.824057936668396,1.0,1.0,1.0,curvature
421.32745599746704,0.8251137137413025,1.0,1.0,1.0,curvature
421.368590593338,0.8198930621147156,1.0,1.0,1.0,curvature
421.4089047908783,0.821211040019989,1.0,1.0,1.0,curvature
421.45137643814087,0.8271719217300415,1.0,1.0,1.0,curvature
421.49157786369324,0.8334344029426575,1.0,1.0,1.0,curvature
421.53142952919006,0.8401364088058472,1.0,1.0,1.0,curvature
421.5726101398468,0.6062899231910706,0.40027010440826416,1.0,1.0,preview
421.61189699172974,0.5958980917930603,0.40027010440826416,1.0,1.0,preview
421.6527464389801,0.5831276774406433,0.40027010440826416,1.0,1.0,preview
421.6929302215576,0.5889802575111389,0.40027010440826416,1.0,1.0,preview
421.73401856422424,0.5997831225395203,0.40027010440826416,1.0,1.0,preview
421.77519154548645,0.6117181777954102,0.40027010440826416,1.0,1.0,preview
421.8159022331238,0.7244148254394531,0.40027010440826416,1.0,1.0,preview
421.8549361228943,0.8411232233047485,0.40027010440826416,1.0,1.0,preview
421.89695167541504,0.9982053637504578,0.40027010440826416,1.0,1.0,preview
421.93773674964905,0.9416831731796265,0.40027010440826416,1.0,1.0,preview
421.97877311706543,0.9253566861152649,0.40027010440826416,1.0,1.0,preview
422.0181679725647,0.9003803730010986,0.40027010440826416,1.0,1.0,preview
422.0589807033539,0.9035163521766663,0.40027010440826416,1.0,1.0,preview
422.0980968475342,0.8882193565368652,0.40027010440826416,1.0,1.0,preview
422.13832902908325,0.8946829438209534,0.40027010440826416,1.0,1.0,preview
422.18016600608826,0.9011514782905579,0.40027010440826416,1.0,1.0,preview
422.2214124202728,0.8996891975402832,0.40027010440826416,1.0,1.0,preview
422.2612714767456,0.9074580073356628,0.40027010440826416,1.0,1.0,preview
422.30195212364197,0.9006205201148987,0.40027010440826416,1.0,1.0,preview
422.34411001205444,0.82245934009552,0.40027010440826416,1.0,1.0,preview
422.3840458393097,0.7492615580558777,0.40027010440826416,1.0,1.0,preview
422.42351961135864,0.7116578817367554,0.40027010440826416,1.0,1.0,preview
422.46584010124207,0.719485342502594,0.40027010440826416,1.0,1.0,preview
422.5067629814148,0.738900363445282,0.40027010440826416,1.0,1.0,preview
422.5455901622772,0.7583104968070984,0.40027010440826416,1.0,1.0,preview
422.5878281593323,0.7754080295562744,0.40027010440826416,1.0,1.0,preview
422.62509322166443,0.8139771819114685,0.40027010440826416,1.0,1.0,preview
422.6660315990448,0.8383225202560425,0.40027010440826416,1.0,1.0,preview
422.7076213359833,0.8541750311851501,0.40027010440826416,1.0,1.0,preview
422.7484586238861,0.8208888173103333,0.40027010440826416,1.0,1.0,preview
422.78828024864197,0.8002145290374756,0.40027010440826416,1.0,1.0,preview
422.8305094242096,0.7984849214553833,0.40027010440826416,1.0,1.0,preview
422.86992478370667,0.8139287829399109,0.40027010440826416,1.0,1.0,preview
422.9112515449524,0.8295113444328308,0.40027010440826416,1.0,1.0,preview
422.9496521949768,0.8643074631690979,0.40027010440826416,1.0,1.0,preview
422.99099946022034,0.8793728351593018,0.40027010440826416,1.0,1.0,preview
423.0312383174896,0.9311895370483398,0.40027010440826416,1.0,1.0,preview
423.07315492630005,0.9432231187820435,0.40027010440826416,1.0,1.0,preview
423.1137068271637,0.950073778629303,0.40027010440826416,1.0,1.0,preview
423.1551287174225,0.9913662075996399,0.40027010440826416,1.0,1.0,preview
423.1948208808899,0.9972745180130005,0.40027010440826416,1.0,1.0,preview
423.235800743103,0.9614382982254028,0.40027010440826416,1.0,1.0,preview
423.2760229110718,0.960436224937439,0.40027010440826416,1.0,1.0,preview
423.3154413700104,0.9618792533874512,0.40027010440826416,1.0,1.0,preview
423.3568522930145,0.7942620515823364,0.40027010440826416,1.0,0.9052578806877136,preview
423.3973228931427,0.6748172044754028,0.40027010440826416,1.0,0.9179918169975281,preview
423.4392182826996,0.603531002998352,0.40027010440826416,1.0,0.940394401550293,preview
423.47686219215393,0.5263158082962036,0.40027010440826416,1.0,0.9492877125740051,preview
423.51961946487427,0.5391814708709717,0.40027010440826416,1.0,0.9582341313362122,preview
423.5600166320801,0.5590900778770447,0.40027010440826416,1.0,0.967469334602356,preview
423.60092401504517,0.5263158082962036,0.40027010440826416,1.0,0.9764175415039062,preview
423.6409020423889,0.5263158082962036,0.40027010440826416,1.0,0.994464635848999,preview
423.68053793907166,0.5263158082962036,0.40027010440826416,1.0,1.0,preview
423.72108006477356,0.5263158082962036,0.40027010440826416,1.0,1.0,preview
423.76124835014343,0.5263158082962036,0.40027010440826416,1.0,1.0,preview
423.8027024269104,0.5263158082962036,0.40027010440826416,1.0,1.0,preview
423.8432791233063,0.5263158082962036,0.40027010440826416,1.0,1.0,preview
423.8831400871277,0.5263158082962036,0.40027010440826416,1.0,1.0,preview
423.92472410202026,0.5263158082962036,0.40027010440826416,1.0,1.0,preview
423.96426463127136,0.6889683604240417,1.0,1.0,1.0,curvature
424.0045413970947,0.6987956762313843,1.0,1.0,1.0,curvature
424.04390573501587,0.7112972736358643,1.0,1.0,1.0,curvature
424.0844202041626,0.710752546787262,1.0,1.0,1.0,curvature
424.1261649131775,0.7192655205726624,1.0,1.0,1.0,curvature
424.1666159629822,0.7257827520370483,1.0,1.0,1.0,curvature
424.20837593078613,0.7324991226196289,1.0,1.0,1.0,curvature
424.2501790523529,0.7476720213890076,1.0,1.0,1.0,curvature
424.29016280174255,0.7552469968795776,1.0,1.0,1.0,curvature
424.33070158958435,0.7692513465881348,1.0,1.0,1.0,curvature
424.3705823421478,0.7768063545227051,1.0,1.0,1.0,curvature
424.4109296798706,0.784206211566925,1.0,1.0,1.0,curvature
424.45087790489197,0.7947174906730652,1.0,1.0,1.0,curvature
424.49207639694214,0.8076615333557129,1.0,1.0,1.0,curvature
424.53158140182495,0.8155499696731567,1.0,1.0,1.0,curvature
424.57224440574646,0.8227075338363647,1.0,1.0,1.0,curvature
424.61298847198486,0.8272623419761658,1.0,1.0,1.0,curvature
424.65329694747925,0.8389907479286194,1.0,1.0,1.0,curvature
424.6930320262909,0.8446879386901855,1.0,1.0,1.0,curvature
424.7346739768982,0.849367082118988,1.0,1.0,1.0,curvature
424.7758209705353,0.8577154278755188,1.0,1.0,1.0,curvature
424.81781554222107,0.8663955926895142,1.0,1.0,1.0,curvature
424.8574650287628,0.8813543915748596,1.0,1.0,1.0,curvature
424.8982970714569,0.8872523307800293,1.0,1.0,1.0,curvature
424.9380340576172,0.891985297203064,1.0,1.0,1.0,curvature
424.97919511795044,0.8965102434158325,1.0,1.0,1.0,curvature
425.0187990665436,0.9009260535240173,1.0,1.0,1.0,curvature
425.05947065353394,0.9217709302902222,1.0,1.0,1.0,curvature
425.1003062725067,0.9362315535545349,1.0,1.0,1.0,curvature
425.14194774627686,0.9503262639045715,1.0,1.0,1.0,curvature
425.1810312271118,0.6784694194793701,0.40442904829978943,1.0,1.0,preview
425.2220678329468,0.6695991158485413,0.40442904829978943,1.0,1.0,preview
425.2623016834259,0.6855983734130859,0.40442904829978943,1.0,1.0,preview
425.3048806190491,0.6963070631027222,0.40442904829978943,1.0,1.0,preview
425.34501242637634,0.710722804069519,0.40442904829978943,1.0,1.0,preview
425.38425636291504,0.7443028688430786,0.40442904829978943,1.0,1.0,preview
425.42489099502563,0.7628383040428162,0.40442904829978943,1.0,1.0,preview
425.4655740261078,0.8375638723373413,0.40442904829978943,1.0,1.0,preview
425.5075147151947,0.9041312336921692,0.40442904829978943,1.0,1.0,preview
425.54550647735596,0.9205508232116699,0.40442904829978943,1.0,1.0,preview
425.58831429481506,0.943885862827301,0.40442904829978943,1.0,1.0,preview
425.6295049190521,0.9110069274902344,0.40442904829978943,1.0,1.0,preview
425.6679120063782,0.9411903023719788,0.40442904829978943,1.0,1.0,preview
425.70904541015625,0.9501451849937439,0.40442904829978943,1.0,1.0,preview
425.7495086193085,0.9757137298583984,0.40442904829978943,1.0,1.0,preview
425.79033970832825,0.9719030261039734,0.40442904829978943,1.0,1.0,preview
425.83001255989075,0.909812331199646,0.40442904829978943,1.0,1.0,preview
425.8710844516754,0.9144899249076843,0.40442904829978943,1.0,1.0,preview
425.91108870506287,0.8656541109085083,0.40442904829978943,1.0,1.0,preview
425.9546570777893,0.8718326687812805,0.40442904829978943,1.0,1.0,preview
425.9928617477417,0.8829141855239868,0.40442904829978943,1.0,1.0,preview
426.0363345146179,0.8437443375587463,0.40442904829978943,1.0,1.0,preview
426.07371640205383,0.9000868797302246,0.40442904829978943,1.0,1.0,preview
426.1164245605469,0.9014418721199036,0.40442904829978943,1.0,1.0,preview
426.15449357032776,0.9496974945068359,0.40442904829978943,1.0,1.0,preview
426.19611406326294,0.9577178359031677,0.40442904829978943,1.0,1.0,preview
426.2388608455658,0.9125422835350037,0.40442904829978943,1.0,1.0,preview
426.2771999835968,0.920233428478241,0.40442904829978943,1.0,1.0,preview
426.3184199333191,0.8825633525848389,0.40442904829978943,1.0,1.0,preview
426.3581454753876,0.8891214728355408,0.40442904829978943,1.0,1.0,preview
426.39785408973694,0.8992963433265686,0.40442904829978943,1.0,1.0,preview
426.43704628944397,0.8682327270507812,0.40442904829978943,1.0,1.0,preview
426.4790508747101,0.9482817053794861,0.40442904829978943,1.0,1.0,preview
426.5198130607605,0.9851791262626648,0.40442904829978943,1.0,1.0,preview
426.5604245662689,0.9387950897216797,0.40442904829978943,1.0,1.0,preview
426.601282119751,0.9369127750396729,0.40442904829978943,1.0,1.0,preview
426.64146757125854,0.9855785369873047,0.40442904829978943,1.0,1.0,preview
426.6823511123657,0.9599233865737915,0.40442904829978943,1.0,1.0,preview
426.72326278686523,0.9590283036231995,0.40442904829978943,1.0,1.0,preview
426.7640073299408,0.9611262679100037,0.40442904829978943,1.0,1.0,preview
426.80440855026245,0.9216516613960266,0.40442904829978943,1.0,1.0,preview
426.8466749191284,0.9249250888824463,0.40442904829978943,1.0,1.0,preview
426.8844873905182,0.63798588514328,0.40442904829978943,1.0,0.8490596413612366,preview
426.9274070262909,0.5263158082962036,0.40442904829978943,1.0,0.8587853908538818,preview
426.9686541557312,0.5263158082962036,0.40442904829978943,1.0,0.8687342405319214,preview
427.00634956359863,0.5263158082962036,0.40442904829978943,1.0,0.8792243003845215,preview
427.04878401756287,0.5263158082962036,0.40442904829978943,1.0,0.8896428346633911,preview
427.0888500213623,0.5263158082962036,0.40442904829978943,1.0,0.911520779132843,preview
427.13069796562195,0.5263158082962036,0.40442904829978943,1.0,0.9226528406143188,preview
427.1705460548401,0.5263158082962036,0.40442904829978943,1.0,0.9340190887451172,preview
427.20974564552307,0.5263158082962036,0.40442904829978943,1.0,0.9405701160430908,preview
427.2516541481018,0.5263158082962036,0.40442904829978943,1.0,0.9469639658927917,preview
427.2921817302704,0.5263158082962036,0.40442904829978943,1.0,0.965652585029602,preview
427.3322608470917,0.5263158082962036,0.40442904829978943,1.0,0.9777722358703613,preview
427.3720862865448,0.5263158082962036,0.40442904829978943,1.0,0.9901004433631897,preview
427.4123933315277,0.5263158082962036,0.40442904829978943,1.0,1.0,preview
427.45406341552734,0.5263158082962036,0.40442904829978943,1.0,1.0,preview
427.49513053894043,0.5263158082962036,0.40442904829978943,1.0,1.0,preview
427.5351815223694,0.5263158082962036,0.40442904829978943,1.0,1.0,preview
427.5735836029053,0.5263158082962036,0.40442904829978943,1.0,1.0,preview
427.6138479709625,0.5263158082962036,1.0,1.0,1.0,curvature
427.6575644016266,0.5263158082962036,1.0,1.0,1.0,curvature
427.69759035110474,0.5400500893592834,1.0,1.0,1.0,curvature
427.7375192642212,0.5409863591194153,1.0,1.0,1.0,curvature
427.7774124145508,0.5557050108909607,1.0,1.0,1.0,curvature
427.8185119628906,0.5580654144287109,1.0,1.0,1.0,curvature
427.8608877658844,0.5685728788375854,1.0,1.0,1.0,curvature
427.90282464027405,0.5733030438423157,1.0,1.0,1.0,curvature
427.94133734703064,0.5816850662231445,1.0,1.0,1.0,curvature
427.9824318885803,0.5913218855857849,1.0,1.0,1.0,curvature
428.0239140987396,0.6004346609115601,1.0,1.0,1.0,curvature
428.06380248069763,0.5984107851982117,1.0,1.0,1.0,curvature
428.1035816669464,0.6121812462806702,1.0,1.0,1.0,curvature
428.144508600235,0.6140269041061401,1.0,1.0,1.0,curvature
428.1843492984772,0.6225526928901672,1.0,1.0,0.9895603656768799,curvature
428.22562527656555,0.6333834528923035,1.0,1.0,0.9792240858078003,curvature
428.26606464385986,0.6354672312736511,1.0,1.0,0.9698036909103394,curvature
428.3062002658844,0.6516691446304321,1.0,1.0,0.9550197720527649,curvature
428.34566354751587,0.6553250551223755,1.0,1.0,0.949621856212616,curvature
428.38796639442444,0.6638844609260559,1.0,1.0,0.9445747137069702,curvature
428.42884850502014,0.6751679182052612,1.0,1.0,0.9372847080230713,curvature
428.4680874347687,0.6797435283660889,1.0,1.0,0.9306877255439758,curvature
428.5091254711151,0.6925751566886902,1.0,1.0,0.9186379909515381,curvature
428.5490005016327,0.7049930691719055,1.0,1.0,0.9133380055427551,curvature
428.5895595550537,0.7116174101829529,1.0,1.0,0.9084495306015015,curvature
428.6287581920624,0.727306067943573,1.0,1.0,0.9045782089233398,curvature
428.67162442207336,0.7400513887405396,1.0,1.0,0.9014616012573242,curvature
428.71291995048523,0.7583096623420715,1.0,1.0,0.8958190083503723,curvature
428.7500627040863,0.7708173394203186,1.0,1.0,0.8931063413619995,curvature
428.79137659072876,0.7791174650192261,1.0,1.0,0.8907129168510437,curvature
428.8330376148224,0.7872442007064819,1.0,1.0,0.8885761499404907,curvature
428.8745949268341,0.7972846031188965,1.0,1.0,0.8868165612220764,curvature
428.9134554862976,0.8206550478935242,1.0,1.0,0.8891803622245789,curvature
428.9546904563904,0.8379693031311035,1.0,1.0,0.893457293510437,curvature
428.99531507492065,0.8542750477790833,1.0,1.0,0.8982989192008972,curvature
429.03573060035706,0.8639311194419861,1.0,1.0,0.8982751965522766,curvature
429.0761158466339,0.8728809356689453,1.0,1.0,0.8985254168510437,curvature
429.11708998680115,0.8879863023757935,1.0,1.0,0.8997992277145386,curvature
429.15617966651917,0.8953751921653748,1.0,1.0,0.9007894992828369,curvature
429.19865822792053,0.9030662775039673,1.0,1.0,0.902003824710846,lateral_error
429.23836517333984,0.9106470942497253,1.0,1.0,0.901168167591095,lateral_error
429.28156208992004,0.9179874062538147,1.0,1.0,0.9007136821746826,lateral_error
429.31993770599365,0.9302327632904053,1.0,1.0,0.9028899073600769,lateral_error
429.36312103271484,0.9375035166740417,1.0,1.0,0.9053026437759399,lateral_error
429.40194940567017,0.9411373734474182,1.0,1.0,0.9078882336616516,lateral_error
429.4414575099945,0.9479381442070007,1.0,1.0,0.9107111096382141,lateral_error
429.482225894928,0.9510257244110107,1.0,1.0,0.9136050343513489,lateral_error
429.522812128067,0.5263158082962036,0.40442904829978943,1.0,0.9251171946525574,preview
429.56386280059814,0.5263158082962036,0.40442904829978943,1.0,0.9338566660881042,preview
429.6049327850342,0.5425513982772827,0.40442904829978943,1.0,0.9431775212287903,preview
429.64379119873047,0.5394122004508972,0.40442904829978943,1.0,0.9475281834602356,preview
429.685471534729,0.5385605692863464,0.40442904829978943,1.0,0.9521371722221375,preview
429.7252879142761,0.5982426404953003,0.40442904829978943,1.0,0.9631232023239136,preview
429.76659393310547,0.6669237017631531,0.40442904829978943,1.0,0.9694753289222717,preview
429.8069763183594,0.6921309232711792,0.40442904829978943,1.0,0.9763631224632263,preview
429.84553837776184,0.7218626737594604,0.40442904829978943,1.0,0.9838823080062866,preview
429.8863618373871,0.8599237203598022,0.40442904829978943,1.0,0.9924010038375854,preview
429.9287443161011,0.8410314321517944,0.40442904829978943,1.0,1.0,preview
429.9698407649994,0.7624962329864502,0.40442904829978943,1.0,1.0,preview
430.0105504989624,0.6221247315406799,0.40442904829978943,1.0,1.0,preview
430.0488450527191,0.6293521523475647,0.40442904829978943,1.0,1.0,preview
430.0921127796173,0.6440584659576416,0.40442904829978943,1.0,1.0,preview
430.13086891174316,0.61180579662323,0.40442904829978943,1.0,1.0,preview
430.1721031665802,0.6298560500144958,0.40442904829978943,1.0,1.0,preview
430.21355080604553,0.5917770862579346,0.40442904829978943,1.0,1.0,preview
430.2534987926483,0.6132871508598328,0.40442904829978943,1.0,1.0,preview
430.29397106170654,0.6366527676582336,0.40442904829978943,1.0,1.0,preview
430.3330819606781,0.6109612584114075,0.40442904829978943,1.0,1.0,preview
430.37514185905457,0.6124861240386963,0.40442904829978943,1.0,1.0,preview
430.4160804748535,0.6141445636749268,0.40442904829978943,1.0,1.0,preview
430.4566855430603,0.6369490027427673,0.40442904829978943,1.0,1.0,preview
430.4958589076996,0.6217175126075745,0.40442904829978943,1.0,1.0,preview
430.5355496406555,0.6688038110733032,0.40442904829978943,1.0,1.0,preview
430.5788962841034,0.6910136342048645,0.40442904829978943,1.0,1.0,preview
430.6173257827759,0.6832590699195862,0.40442904829978943,1.0,1.0,preview
430.65982580184937,0.7057998776435852,0.40442904829978943,1.0,1.0,preview
430.69907784461975,0.7279146909713745,0.40442904829978943,1.0,1.0,preview
430.7390465736389,0.7511398792266846,0.40442904829978943,1.0,1.0,preview
430.7804684638977,0.7717469334602356,0.40442904829978943,1.0,1.0,preview
430.8218677043915,0.7902384400367737,0.40442904829978943,1.0,1.0,preview
430.86153078079224,0.7834252715110779,0.40442904829978943,1.0,1.0,preview
430.90192222595215,0.7771218419075012,0.40442904829978943,1.0,1.0,preview
430.9424138069153,0.7811052799224854,0.40442904829978943,1.0,1.0,preview
430.9845631122589,0.798776388168335,0.40442904829978943,1.0,1.0,preview
431.0255491733551,0.8156186938285828,0.40442904829978943,1.0,1.0,preview
431.06461548805237,0.8310643434524536,0.40442904829978943,1.0,1.0,preview
431.1067943572998,0.8510163426399231,0.40442904829978943,1.0,1.0,preview
431.14687061309814,0.8818774819374084,0.40442904829978943,1.0,1.0,preview
431.18782567977905,0.8937857747077942,0.40442904829978943,1.0,1.0,preview
431.22686886787415,0.9195539355278015,0.40442904829978943,1.0,1.0,preview
431.266902923584,0.9291079640388489,0.40442904829978943,1.0,1.0,preview
431.31072092056274,0.9368923902511597,0.40442904829978943,1.0,1.0,preview
431.350545167923,0.9734159111976624,0.40442904829978943,1.0,1.0,preview
431.38987278938293,0.9800390005111694,0.40442904829978943,1.0,1.0,preview
431.43125772476196,0.9830423593521118,0.40442904829978943,1.0,1.0,preview
431.4688010215759,0.9409314393997192,0.40442904829978943,1.0,1.0,preview
431.5121786594391,0.9739729166030884,0.40442904829978943,1.0,1.0,preview
431.550420999527,0.9417443871498108,0.40442904829978943,1.0,1.0,preview
431.5934247970581,0.9441993236541748,0.40442904829978943,1.0,1.0,preview
431.6328411102295,0.9492595195770264,0.40442904829978943,1.0,1.0,preview
431.67322969436646,0.8873488903045654,0.40442904829978943,1.0,1.0,preview
431.71297240257263,0.8913438320159912,0.40442904829978943,1.0,1.0,preview
431.7536358833313,0.8507351875305176,0.40442904829978943,1.0,1.0,preview
431.794073343277,0.8588451743125916,0.40442904829978943,1.0,1.0,preview
431.8347225189209,0.8690856099128723,0.40442904829978943,1.0,1.0,preview
431.87666058540344,0.8290091753005981,0.40442904829978943,1.0,1.0,preview
431.91747641563416,0.8386597633361816,0.40442904829978943,1.0,1.0,preview
431.9570767879486,0.817760705947876,0.40442904829978943,1.0,1.0,preview
431.9982736110687,0.8298054337501526,0.40442904829978943,1.0,1.0,preview
432.03689336776733,0.8429468274116516,0.40442904829978943,1.0,1.0,preview
432.07916140556335,0.8164109587669373,0.40442904829978943,1.0,1.0,preview
432.1187973022461,0.8286211490631104,0.40442904829978943,1.0,1.0,preview
432.1605348587036,0.847819983959198,0.40442904829978943,1.0,1.0,preview
432.201632976532,0.8902992010116577,0.40442904829978943,1.0,1.0,preview
432.2425000667572,0.9363086223602295,0.40442904829978943,1.0,1.0,preview
432.2818684577942,0.9487912654876709,0.40442904829978943,1.0,1.0,preview
432.32492446899414,0.8167085647583008,0.5812833905220032,1.0,0.9790511727333069,preview
432.36252784729004,0.782163679599762,0.5812833905220032,1.0,0.989872932434082,preview
432.40518283843994,0.7547639012336731,0.5812833905220032,1.0,0.9952390193939209,preview
432.44655585289,0.7732668519020081,0.5812833905220032,1.0,1.0,preview
432.48452281951904,0.7554818391799927,0.5812833905220032,1.0,1.0,preview
432.5263457298279,0.7745859026908875,0.5812833905220032,1.0,1.0,preview
432.56508922576904,0.7738012075424194,0.5812833905220032,1.0,1.0,preview
432.6079466342926,0.7579823732376099,0.5812833905220032,1.0,1.0,preview
432.64779710769653,0.7717304825782776,0.5812833905220032,1.0,1.0,preview
432.688351392746,0.7581745982170105,0.5812833905220032,1.0,1.0,preview
432.72889041900635,0.7720129489898682,0.5812833905220032,1.0,1.0,preview
432.7689607143402,0.7752586007118225,0.5812833905220032,1.0,1.0,preview
432.81184482574463,0.7893306612968445,0.5812833905220032,1.0,1.0,preview
432.85114455223083,0.779154360294342,0.5812833905220032,1.0,1.0,preview
432.8900399208069,0.7926835417747498,0.5812833905220032,1.0,1.0,preview
432.93237233161926,0.7844083309173584,0.5812833905220032,1.0,1.0,preview
432.97309470176697,0.8022227883338928,0.5812833905220032,1.0,1.0,preview
433.0149087905884,0.8272160291671753,0.5812833905220032,1.0,1.0,preview
433.0545747280121,0.850735604763031,0.7326920628547668,1.0,1.0,preview
433.0928747653961,0.892198920249939,1.0,1.0,1.0,curvature
433.1361331939697,0.8966832756996155,1.0,1.0,1.0,curvature
433.174929857254,0.9040916562080383,1.0,1.0,1.0,curvature
433.21746134757996,0.9071619510650635,1.0,1.0,1.0,curvature
433.2572853565216,0.910148561000824,1.0,1.0,1.0,curvature
433.2980420589447,0.9132780432701111,1.0,1.0,1.0,curvature
433.338241815567,0.9163272380828857,1.0,1.0,1.0,curvature
433.37888193130493,0.9205884337425232,1.0,1.0,1.0,curvature
433.4192764759064,0.9239357709884644,1.0,1.0,1.0,curvature
433.4589183330536,0.9272295832633972,1.0,1.0,1.0,curvature
433.5005819797516,0.9300491213798523,1.0,1.0,1.0,curvature
433.5407347679138,0.9342981576919556,1.0,1.0,1.0,curvature
433.5815782546997,0.9385541081428528,1.0,1.0,1.0,curvature
433.62217950820923,0.9395182728767395,1.0,1.0,1.0,curvature
433.6623966693878,0.9426148533821106,1.0,1.0,1.0,curvature
433.70333218574524,0.9433711171150208,1.0,1.0,1.0,curvature
433.74229407310486,0.9440847635269165,1.0,1.0,1.0,curvature
433.7841365337372,0.947747528553009,1.0,1.0,1.0,curvature
433.8244197368622,0.9488683938980103,1.0,1.0,1.0,curvature
433.86520767211914,0.9515326023101807,1.0,1.0,1.0,curvature
433.9056148529053,0.9528293013572693,1.0,1.0,1.0,curvature
433.9466438293457,0.9553411602973938,1.0,1.0,1.0,curvature
433.9866554737091,0.957922101020813,1.0,1.0,1.0,curvature
434.02801394462585,0.9601514935493469,1.0,1.0,1.0,curvature
434.0680663585663,0.9613972902297974,1.0,1.0,1.0,curvature
434.107834815979,0.9634928107261658,1.0,1.0,1.0,curvature
434.14959836006165,0.9647853970527649,1.0,1.0,1.0,curvature
434.1898138523102,0.974754810333252,1.0,1.0,1.0,curvature
434.2307024002075,0.982703685760498,1.0,1.0,1.0,curvature
434.2697865962982,0.9904959201812744,1.0,1.0,1.0,curvature
434.3100035190582,0.9914488196372986,1.0,1.0,1.0,curvature
434.35277128219604,0.9922435283660889,1.0,1.0,1.0,curvature
434.3925416469574,0.9932798147201538,1.0,1.0,1.0,curvature
434.43307638168335,0.9937489628791809,1.0,1.0,1.0,curvature
434.4734265804291,0.9941549301147461,1.0,1.0,1.0,curvature
434.513356924057,0.9945560097694397,1.0,1.0,1.0,curvature
434.5535156726837,0.9948940873146057,1.0,1.0,1.0,curvature
434.5950872898102,0.9950245022773743,1.0,1.0,1.0,curvature
434.6354537010193,0.9857999682426453,1.0,1.0,1.0,curvature
434.6764783859253,0.9773249626159668,1.0,1.0,1.0,curvature
434.71743726730347,0.9778522253036499,1.0,1.0,1.0,curvature
434.75849747657776,0.9786214828491211,1.0,1.0,1.0,curvature
434.7982451915741,0.8605790734291077,0.3882042467594147,1.0,1.0,preview
434.8405041694641,0.8546889424324036,0.3882042467594147,1.0,1.0,preview
434.8802053928375,0.8620090484619141,0.3882042467594147,1.0,1.0,preview
434.92078709602356,0.8277259469032288,0.3882042467594147,1.0,1.0,preview
434.9615201950073,0.7917734980583191,0.3882042467594147,1.0,1.0,preview
435.0010771751404,0.7808771133422852,0.3882042467594147,1.0,1.0,preview
435.0411219596863,0.7909695506095886,0.3882042467594147,1.0,1.0,preview
435.08344411849976,0.8252329230308533,0.3882042467594147,1.0,1.0,preview
435.12232756614685,0.8485593199729919,0.3882042467594147,1.0,1.0,preview
435.16347765922546,0.890634298324585,0.3882042467594147,1.0,1.0,preview
435.2030167579651,0.9544872045516968,0.3882042467594147,1.0,1.0,preview
435.24443197250366,0.9710183143615723,0.3882042467594147,1.0,1.0,preview
435.28414249420166,0.9740446209907532,0.3882042467594147,1.0,1.0,preview
435.32500171661377,0.9694925546646118,0.3882042467594147,1.0,1.0,preview
435.3660943508148,0.9692781567573547,0.3882042467594147,1.0,1.0,preview
435.4073646068573,0.9315592050552368,0.3882042467594147,1.0,1.0,preview
435.44673705101013,0.9350685477256775,0.3882042467594147,1.0,1.0,preview
435.49117970466614,0.9398931860923767,0.3882042467594147,1.0,1.0,preview
435.5275785923004,0.856834888458252,0.3882042467594147,1.0,1.0,preview
435.56838846206665,0.7590473890304565,0.3882042467594147,1.0,1.0,preview
435.61022996902466,0.7155859470367432,0.3882042467594147,1.0,1.0,preview
435.6504828929901,0.7312385439872742,0.3882042467594147,1.0,1.0,preview
435.69036412239075,0.7297711968421936,0.3882042467594147,1.0,1.0,preview
435.73112320899963,0.7495414018630981,0.3882042467594147,1.0,1.0,preview
435.77026891708374,0.7681441903114319,0.3882042467594147,1.0,1.0,preview
435.8142776489258,0.8877058625221252,0.3882042467594147,1.0,1.0,preview
435.853289604187,0.99986332654953,0.3882042467594147,1.0,1.0,preview
435.89206862449646,0.8890201449394226,0.3882042467594147,1.0,1.0,preview
435.93302488327026,0.8888278007507324,0.3882042467594147,1.0,1.0,preview
435.97683811187744,0.8899011611938477,0.3882042467594147,1.0,1.0,preview
436.0144498348236,0.9085921049118042,0.3882042467594147,1.0,1.0,preview
436.05524373054504,0.9161255955696106,0.3882042467594147,1.0,1.0,preview
436.09760880470276,0.9224776029586792,0.3882042467594147,1.0,1.0,preview
436.13764238357544,0.9365492463111877,0.3882042467594147,1.0,1.0,preview
436.17861247062683,0.9432599544525146,0.3882042467594147,1.0,1.0,preview
436.2171587944031,0.9535847306251526,0.3882042467594147,1.0,1.0,preview
436.2592468261719,0.8565455675125122,0.3882042467594147,1.0,1.0,preview
436.29878664016724,0.789167582988739,0.3882042467594147,1.0,1.0,preview
436.33835220336914,0.800284743309021,0.3882042467594147,1.0,1.0,preview
436.37990617752075,0.8025538921356201,0.3882042467594147,1.0,1.0,preview
436.41940569877625,0.8332230448722839,0.3882042467594147,1.0,1.0,preview
436.4616403579712,0.8476725816726685,0.3882042467594147,1.0,1.0,preview
436.5037410259247,0.6856593489646912,0.3882042467594147,1.0,0.920993447303772,preview
436.5405879020691,0.6941192150115967,0.3882042467594147,1.0,0.9293264746665955,preview
436.5834300518036,0.58877032995224,0.3882042467594147,1.0,0.937493085861206,preview
436.6228413581848,0.6163065433502197,0.3882042467594147,1.0,0.9542714953422546,preview
436.6635649204254,0.5408748984336853,0.3882042467594147,1.0,0.96258544921875,preview
436.70620608329773,0.5565838813781738,0.3882042467594147,1.0,0.9709126353263855,preview
436.745632648468,0.579042375087738,0.3882042467594147,1.0,0.9794602990150452,preview
436.78669142723083,0.5263158082962036,0.3882042467594147,1.0,0.98770672082901,preview
436.8266143798828,0.5584200620651245,0.3882042467594147,1.0,1.0,preview
436.8694829940796,0.5263158082962036,0.3882042467594147,1.0,1.0,preview
436.9087162017822,0.528448760509491,0.3882042467594147,1.0,1.0,preview
436.9481084346771,0.571790874004364,0.3882042467594147,1.0,1.0,preview
436.99198746681213,0.5494933128356934,0.3882042467594147,1.0,1.0,preview
437.0283362865448,0.6226310729980469,0.3882042467594147,1.0,1.0,preview
437.0703499317169,0.6508167386054993,0.3882042467594147,1.0,1.0,preview
437.1120533943176,0.6030590534210205,0.3882042467594147,1.0,1.0,preview
437.15341234207153,0.6218906044960022,0.3882042467594147,1.0,1.0,preview
437.1937322616577,0.6433055996894836,0.3882042467594147,1.0,1.0,preview
437.23263120651245,0.6214051842689514,0.3882042467594147,1.0,1.0,preview
437.2741549015045,0.6417832374572754,0.3882042467594147,1.0,1.0,preview
437.3134706020355,0.7577828764915466,1.0,1.0,1.0,curvature
437.35364055633545,0.7653658390045166,1.0,1.0,1.0,curvature
437.39470982551575,0.7705661654472351,1.0,1.0,1.0,curvature
437.435320854187,0.7814093232154846,1.0,1.0,1.0,curvature
437.4763844013214,0.7942217588424683,1.0,1.0,1.0,curvature
437.5171673297882,0.798729658126831,1.0,1.0,1.0,curvature
437.5570251941681,0.8035557270050049,1.0,1.0,1.0,curvature
437.5986728668213,0.8084620833396912,1.0,1.0,1.0,curvature
437.63761162757874,0.8267927169799805,1.0,1.0,1.0,curvature
437.6775155067444,0.8383443355560303,1.0,1.0,1.0,curvature
437.71913504600525,0.8552058935165405,1.0,1.0,1.0,curvature
437.75984239578247,0.8600383400917053,1.0,1.0,1.0,curvature
437.8016664981842,0.8647507429122925,1.0,1.0,1.0,curvature
437.841881275177,0.8705414533615112,1.0,1.0,1.0,curvature
437.8816509246826,0.8754439949989319,1.0,1.0,1.0,curvature
437.92167234420776,0.8842226266860962,1.0,1.0,1.0,curvature
437.9619526863098,0.8898667097091675,1.0,1.0,1.0,curvature
438.00316977500916,0.8952739238739014,1.0,1.0,1.0,curvature
438.0433900356293,0.9028921723365784,1.0,1.0,1.0,curvature
438.083877325058,0.9056752920150757,1.0,1.0,1.0,curvature
438.1245126724243,0.9077344536781311,1.0,1.0,1.0,curvature
438.16503405570984,0.9123181104660034,1.0,1.0,1.0,curvature
438.2064702510834,0.9144284725189209,1.0,1.0,1.0,curvature
438.24716567993164,0.9210398197174072,1.0,1.0,1.0,curvature
438.2866733074188,0.9232887029647827,1.0,1.0,1.0,curvature
438.3276662826538,0.9253954291343689,1.0,1.0,1.0,curvature
438.3680109977722,0.9271665811538696,1.0,1.0,1.0,curvature
438.409907579422,0.9289310574531555,1.0,1.0,1.0,curvature
438.44859504699707,0.9344280362129211,1.0,1.0,1.0,curvature
438.4887762069702,0.9368220567703247,1.0,1.0,1.0,curvature
438.53146743774414,0.6974911689758301,0.3839397132396698,1.0,1.0,preview
438.57052755355835,0.6854904890060425,0.3839397132396698,1.0,1.0,preview
438.6110026836395,0.6847549080848694,0.3839397132396698,1.0,1.0,preview
438.65379667282104,0.7213493585586548,0.3839397132396698,1.0,1.0,preview
438.6932258605957,0.7440453171730042,0.3839397132396698,1.0,1.0,preview
438.731822013855,0.7638408541679382,0.3839397132396698,1.0,1.0,preview
438.7742693424225,0.7981632947921753,0.3839397132396698,1.0,1.0,preview
438.81471514701843,0.8506237268447876,0.3839397132396698,1.0,1.0,preview
438.8539354801178,0.9299889802932739,0.3839397132396698,1.0,1.0,preview
438.8955006599426,0.9490116834640503,0.3839397132396698,1.0,1.0,preview
438.9373519420624,0.993061363697052,0.3839397132396698,1.0,1.0,preview
438.97682929039,0.9404661059379578,0.3839397132396698,1.0,1.0,preview
439.0178303718567,0.9192634224891663,0.3839397132396698,1.0,1.0,preview
439.05770468711853,0.9063478112220764,0.3839397132396698,1.0,1.0,preview
439.09758830070496,0.9144516587257385,0.3839397132396698,1.0,1.0,preview
439.1396977901459,0.9669615626335144,0.3839397132396698,1.0,1.0,preview
439.17875123023987,0.9760607481002808,0.3839397132396698,1.0,1.0,preview
439.2210650444031,0.9812582731246948,0.3839397132396698,1.0,1.0,preview
439.2601125240326,0.9630621075630188,0.3839397132396698,1.0,1.0,preview
439.30047702789307,0.963889479637146,0.3839397132396698,1.0,1.0,preview
439.3406095504761,0.9200543761253357,0.3839397132396698,1.0,1.0,preview
439.3809401988983,0.9373748898506165,0.3839397132396698,1.0,1.0,preview
439.42214465141296,0.9115160703659058,0.3839397132396698,1.0,1.0,preview
439.4623601436615,0.9371724128723145,0.3839397132396698,1.0,1.0,preview
439.5046422481537,0.9025169014930725,0.3839397132396698,1.0,1.0,preview
439.5432906150818,0.908205509185791,0.3839397132396698,1.0,1.0,preview
439.584596157074,0.9160001873970032,0.3839397132396698,1.0,1.0,preview
439.62385845184326,0.8864320516586304,0.3839397132396698,1.0,1.0,preview
439.66707730293274,0.9004560112953186,0.3839397132396698,1.0,1.0,preview
439.7083013057709,0.8759320974349976,0.3839397132396698,1.0,1.0,preview
439.74689245224,0.8835861086845398,0.3839397132396698,1.0,1.0,preview
439.7877571582794,0.8934564590454102,0.3839397132396698,1.0,1.0,preview
439.8274140357971,0.8733039498329163,0.3839397132396698,1.0,1.0,preview
439.86767506599426,0.8764597773551941,0.3839397132396698,1.0,1.0,preview
439.909898519516,0.8466141223907471,0.3839397132396698,1.0,1.0,preview
439.9489994049072,0.8436752557754517,0.3839397132396698,1.0,1.0,preview
439.9888436794281,0.8552868366241455,0.3839397132396698,1.0,1.0,preview
440.032422542572,0.8435034155845642,0.3839397132396698,1.0,1.0,preview
440.07204127311707,0.8652072548866272,0.3839397132396698,1.0,1.0,preview
440.11348485946655,0.8575792908668518,0.3839397132396698,1.0,1.0,preview
440.15381121635437,0.8679908514022827,0.3839397132396698,1.0,1.0,preview
440.19257831573486,0.8792208433151245,0.3839397132396698,1.0,1.0,preview
440.23575234413147,0.6975706815719604,0.3839397132396698,1.0,0.910528838634491,preview
440.27376794815063,0.5883567929267883,0.3839397132396698,1.0,0.9272499084472656,preview
440.3150475025177,0.5991344451904297,0.3839397132396698,1.0,0.9356327652931213,preview
440.355051279068,0.6156940460205078,0.3839397132396698,1.0,0.9440818428993225,preview
440.3959572315216,0.5362043380737305,0.3839397132396698,1.0,0.9528331756591797,preview
440.4379994869232,0.5510693192481995,0.3839397132396698,1.0,0.9613574147224426,preview
440.47776341438293,0.5263158082962036,0.3839397132396698,1.0,0.9786440134048462,preview
440.51862478256226,0.5263158082962036,0.3839397132396698,1.0,0.9871084094047546,preview
440.5570538043976,0.5263158082962036,0.3839397132396698,1.0,0.995510995388031,preview
440.59772181510925,0.5263158082962036,0.3839397132396698,1.0,1.0,preview
440.63878178596497,0.5263158082962036,0.3839397132396698,1.0,1.0,preview
440.6776852607727,0.5263158082962036,0.3839397132396698,1.0,1.0,preview
440.72250866889954,0.5764391422271729,0.3839397132396698,1.0,1.0,preview
440.7599289417267,0.647592306137085,0.3839397132396698,1.0,1.0,preview
440.80261421203613,0.5958822965621948,0.3839397132396698,1.0,1.0,preview
440.84290862083435,0.6166937947273254,0.3839397132396698,1.0,1.0,preview
440.8820536136627,0.5902469754219055,0.3839397132396698,1.0,1.0,preview
440.922331571579,0.6121426820755005,0.3839397132396698,1.0,1.0,preview
440.9651391506195,0.6349316835403442,0.3839397132396698,1.0,1.0,preview
441.00295090675354,0.5937516093254089,0.3839397132396698,1.0,1.0,preview
441.04435873031616,0.7413621544837952,1.0,1.0,1.0,curvature
441.08470392227173,0.7577503323554993,1.0,1.0,1.0,curvature
441.1253442764282,0.762162983417511,1.0,1.0,1.0,curvature
441.1649913787842,0.7658055424690247,1.0,1.0,1.0,curvature
441.2076983451843,0.7790314555168152,1.0,1.0,1.0,curvature
441.2485508918762,0.7831966876983643,1.0,1.0,1.0,curvature
441.290402173996,0.7944527268409729,1.0,1.0,1.0,curvature
441.3294143676758,0.7993128299713135,1.0,1.0,1.0,curvature
441.3701467514038,0.8043485879898071,1.0,1.0,1.0,curvature
441.41201615333557,0.8099143505096436,1.0,1.0,1.0,curvature
441.4512071609497,0.8155251741409302,1.0,1.0,1.0,curvature
441.48986411094666,0.8314142823219299,1.0,1.0,1.0,curvature
441.53095984458923,0.8404667973518372,1.0,1.0,1.0,curvature
441.57120299339294,0.8493361473083496,1.0,1.0,1.0,curvature
441.61340379714966,0.8552055954933167,1.0,1.0,1.0,curvature
441.65423011779785,0.8609288334846497,1.0,1.0,1.0,curvature
441.69507598876953,0.8729624152183533,1.0,1.0,1.0,curvature
441.73478960990906,0.8754008412361145,1.0,1.0,1.0,curvature
441.7739417552948,0.882839560508728,1.0,1.0,1.0,curvature
441.81684732437134,0.8837305307388306,1.0,1.0,1.0,curvature
441.85728788375854,0.8837457299232483,1.0,1.0,1.0,curvature
441.89693570137024,0.8892940282821655,1.0,1.0,1.0,curvature
441.93935894966125,0.8928564786911011,1.0,1.0,1.0,curvature
441.97799015045166,0.8962002396583557,1.0,1.0,1.0,curvature
442.0183148384094,0.9017114639282227,1.0,1.0,1.0,curvature
442.0584120750427,0.9050896167755127,1.0,1.0,1.0,curvature
442.0998225212097,0.9112823009490967,1.0,1.0,1.0,curvature
442.14179515838623,0.9158929586410522,1.0,1.0,1.0,curvature
442.17926001548767,0.9190435409545898,1.0,1.0,1.0,curvature
442.22291684150696,0.9221974015235901,1.0,1.0,1.0,curvature
442.262330532074,0.9252858757972717,1.0,1.0,1.0,curvature
442.30504727363586,0.937901496887207,1.0,1.0,1.0,curvature
442.3438105583191,0.9463045001029968,1.0,1.0,1.0,curvature
442.3845069408417,0.9548265337944031,1.0,1.0,1.0,curvature
442.42471647262573,0.957756757736206,1.0,1.0,1.0,curvature
442.46801376342773,0.9601214528083801,1.0,1.0,1.0,curvature
442.50632190704346,0.9645332098007202,1.0,1.0,1.0,curvature
442.546058177948,0.9665166735649109,1.0,1.0,1.0,curvature
442.5860240459442,0.96851646900177,1.0,1.0,1.0,curvature
442.63029646873474,0.9705626964569092,1.0,1.0,1.0,curvature
442.6677522659302,0.972550094127655,1.0,1.0,1.0,curvature
442.7076177597046,0.9760620594024658,1.0,1.0,1.0,curvature
442.7489814758301,0.977828860282898,1.0,1.0,1.0,curvature
442.7883903980255,0.9795624017715454,1.0,1.0,1.0,curvature
442.8295404911041,0.9889607429504395,1.0,1.0,1.0,curvature
442.8714349269867,0.9978485107421875,1.0,1.0,1.0,curvature
442.9122326374054,0.9909171462059021,1.0,1.0,1.0,curvature
442.9521906375885,0.9898487329483032,1.0,1.0,1.0,curvature
442.9911594390869,0.9902160167694092,1.0,1.0,1.0,curvature
443.0352928638458,0.9896979928016663,1.0,1.0,1.0,curvature
443.0807783603668,0.9891317486763,1.0,1.0,1.0,curvature
443.1178824901581,0.9779699444770813,1.0,1.0,1.0,curvature
443.15712118148804,0.9161575436592102,0.40442904829978943,1.0,1.0,preview
443.1969075202942,0.8502538800239563,0.40442904829978943,1.0,1.0,preview
443.23678517341614,0.8457736372947693,0.40442904829978943,1.0,1.0,preview
443.2790050506592,0.8536240458488464,0.40442904829978943,1.0,1.0,preview
443.3182282447815,0.8782513737678528,0.40442904829978943,1.0,1.0,preview
443.3610327243805,0.8860712647438049,0.40442904829978943,1.0,1.0,preview
443.401828289032,0.8936570286750793,0.40442904829978943,1.0,1.0,preview
443.441769361496,0.9771336913108826,0.40442904829978943,1.0,1.0,preview
443.48260140419006,0.8473948836326599,0.40442904829978943,1.0,1.0,preview
443.52217197418213,0.7560712099075317,0.40442904829978943,1.0,1.0,preview
443.56225204467773,0.7639776468276978,0.40442904829978943,1.0,1.0,preview
443.60366797447205,0.7794110774993896,0.40442904829978943,1.0,1.0,preview
443.6427512168884,0.7956427931785583,0.40442904829978943,1.0,1.0,preview
443.68347573280334,0.8119370341300964,0.40442904829978943,1.0,1.0,preview
443.7247669696808,0.8343938589096069,0.40442904829978943,1.0,1.0,preview
443.7649929523468,0.8436203598976135,0.40442904829978943,1.0,1.0,preview
443.80643248558044,0.8452792167663574,0.40442904829978943,1.0,1.0,preview
443.8447277545929,0.8585460782051086,0.40442904829978943,1.0,1.0,preview
443.8874807357788,0.8826225996017456,0.40442904829978943,1.0,1.0,preview
443.92566418647766,0.9074029922485352,0.40442904829978943,1.0,1.0,preview
443.9687168598175,0.9353618621826172,0.40442904829978943,1.0,1.0,preview
444.0081217288971,0.9455505013465881,0.40442904829978943,1.0,1.0,preview
444.0500280857086,0.9529956579208374,0.40442904829978943,1.0,1.0,preview
444.0901973247528,0.9838935732841492,0.40442904829978943,1.0,1.0,preview
444.13148307800293,0.9785839915275574,0.40442904829978943,1.0,1.0,preview
444.17086720466614,0.978407084941864,0.40442904829978943,1.0,1.0,preview
444.2134964466095,0.9796010851860046,0.40442904829978943,1.0,1.0,preview
444.25244069099426,0.9555094242095947,0.40442904829978943,1.0,1.0,preview
444.2944600582123,0.9568837285041809,0.40442904829978943,1.0,1.0,preview
444.33381271362305,0.9769477248191833,0.40442904829978943,1.0,1.0,preview
444.37463307380676,0.9671573638916016,0.40442904829978943,1.0,1.0,preview
444.4133310317993,0.9818914532661438,0.40442904829978943,1.0,1.0,preview
444.4539122581482,0.984525740146637,0.40442904829978943,1.0,1.0,preview
444.4974172115326,0.9866037368774414,0.40442904829978943,1.0,1.0,preview
444.5345227718353,0.9647330641746521,0.40442904829978943,1.0,1.0,preview
444.5758090019226,0.9665399789810181,0.40442904829978943,1.0,1.0,preview
444.61888217926025,0.9463213086128235,0.40442904829978943,1.0,1.0,preview
444.6571319103241,0.949296772480011,0.40442904829978943,1.0,1.0,preview
444.6992995738983,0.9525819420814514,0.40442904829978943,1.0,1.0,preview
444.73826718330383,0.9399674534797668,0.40442904829978943,1.0,1.0,preview
444.77977752685547,0.9441594481468201,0.40442904829978943,1.0,1.0,preview
444.8201758861542,0.9297088980674744,0.40442904829978943,1.0,1.0,preview
444.86063027381897,0.9931927919387817,0.40442904829978943,1.0,1.0,preview
444.89976811408997,0.9426490664482117,0.40442904829978943,1.0,1.0,preview
444.9415376186371,0.9013605117797852,0.40442904829978943,1.0,1.0,preview
444.9836673736572,0.9063462615013123,0.40442904829978943,1.0,1.0,preview
445.0216886997223,0.9137371182441711,0.40442904829978943,1.0,1.0,preview
445.0623948574066,0.7339273691177368,0.40442904829978943,1.0,0.9674786925315857,preview
445.1049404144287,0.7384099960327148,0.40442904829978943,1.0,0.9744411110877991,preview
445.1460790634155,0.6383326053619385,0.40442904829978943,1.0,0.9886800050735474,preview
445.1866669654846,0.6515817642211914,0.40442904829978943,1.0,0.9957102537155151,preview
445.2268190383911,0.6731778979301453,0.40442904829978943,1.0,1.0,preview
445.26743483543396,0.5923559069633484,0.40442904829978943,1.0,1.0,preview
445.3080360889435,0.6088441610336304,0.40442904829978943,1.0,1.0,preview
445.3471562862396,0.6587986350059509,0.40442904829978943,1.0,1.0,preview
445.3882598876953,0.5950984358787537,0.40442904829978943,1.0,1.0,preview
445.42906641960144,0.6129257082939148,0.40442904829978943,1.0,1.0,preview
445.4683828353882,0.6365327835083008,0.40442904829978943,1.0,1.0,preview
445.5114014148712,0.6596499681472778,0.40442904829978943,1.0,1.0,preview
445.549813747406,0.603619396686554,0.40442904829978943,1.0,1.0,preview
445.5913197994232,0.6020547151565552,0.40442904829978943,1.0,1.0,preview
445.63154697418213,0.6031329035758972,0.40442904829978943,1.0,1.0,preview
445.67265367507935,0.5700926184654236,0.40442904829978943,1.0,1.0,preview
445.71376872062683,0.591568648815155,0.40442904829978943,1.0,1.0,preview
445.7541868686676,0.6417788863182068,0.40442904829978943,1.0,1.0,preview
445.7947061061859,0.6162545084953308,0.40442904829978943,1.0,1.0,preview
445.83621096611023,0.6377978324890137,0.40442904829978943,1.0,1.0,preview
445.87435483932495,0.8306410908699036,1.0,1.0,1.0,curvature
445.91610956192017,0.840921938419342,1.0,1.0,1.0,curvature
445.9566159248352,0.862454354763031,1.0,1.0,1.0,curvature
445.9971854686737,0.8655529022216797,1.0,1.0,1.0,curvature
446.04005885124207,0.8685034513473511,1.0,1.0,1.0,curvature
446.07789373397827,0.877371609210968,1.0,1.0,1.0,curvature
446.12082958221436,0.8805212378501892,1.0,1.0,1.0,curvature
446.1601130962372,0.88861083984375,1.0,1.0,1.0,curvature
446.20217847824097,0.8964511156082153,1.0,1.0,1.0,curvature
446.24165868759155,0.8995746374130249,1.0,1.0,1.0,curvature
446.28162264823914,0.904052734375,1.0,1.0,1.0,curvature
446.32343339920044,0.9087626934051514,1.0,1.0,1.0,curvature
446.36459374427795,0.9180039763450623,1.0,1.0,1.0,curvature
446.4032173156738,0.9216813445091248,1.0,1.0,1.0,curvature
446.44366216659546,0.9275144338607788,1.0,1.0,1.0,curvature
446.4841604232788,0.9310135245323181,1.0,1.0,1.0,curvature
446.5255491733551,0.9344757795333862,1.0,1.0,1.0,curvature
446.56550097465515,0.9412530660629272,1.0,1.0,1.0,curvature
446.60672068595886,0.9440613985061646,1.0,1.0,1.0,curvature
446.6483418941498,0.9457451105117798,1.0,1.0,1.0,curvature
446.68707633018494,0.9522507786750793,1.0,1.0,1.0,curvature
446.72846698760986,0.958575427532196,1.0,1.0,1.0,curvature
446.7677912712097,0.9655625820159912,1.0,1.0,1.0,curvature
446.8088188171387,0.967768669128418,1.0,1.0,1.0,curvature
446.85073018074036,0.9689084887504578,1.0,1.0,1.0,curvature
446.88994574546814,0.9706045389175415,1.0,1.0,1.0,curvature
446.9317617416382,0.9717044830322266,1.0,1.0,1.0,curvature
446.97175574302673,0.9743927121162415,1.0,1.0,1.0,curvature
447.01156306266785,0.9755495190620422,1.0,1.0,1.0,curvature
447.05294704437256,0.9769062995910645,1.0,1.0,1.0,curvature
447.09276390075684,0.8851903676986694,0.4591163098812103,1.0,1.0,preview
447.1353886127472,0.8815693855285645,0.4591163098812103,1.0,1.0,preview
447.1740744113922,0.900786280632019,0.4591163098812103,1.0,1.0,preview
447.21356081962585,0.9121828675270081,0.4591163098812103,1.0,1.0,preview
447.2554461956024,0.9198101758956909,0.4591163098812103,1.0,1.0,preview
447.2972984313965,0.9250768423080444,0.4591163098812103,1.0,1.0,preview
447.3379909992218,0.8853671550750732,0.3448522090911865,1.0,1.0,preview
447.3769543170929,0.9072091579437256,0.3448522090911865,1.0,1.0,preview
447.41845703125,0.9276183843612671,0.3448522090911865,1.0,1.0,preview
447.4578981399536,0.9266619682312012,0.3448522090911865,1.0,1.0,preview
447.4977054595947,0.9620106816291809,0.3448522090911865,1.0,1.0,preview
447.5393319129944,0.9696099758148193,0.3448522090911865,1.0,1.0,preview
447.5805835723877,0.9899942278862,0.3448522090911865,1.0,1.0,preview
447.6205847263336,0.9884536862373352,0.3448522090911865,1.0,1.0,preview
447.6617271900177,0.9882681965827942,0.3448522090911865,1.0,1.0,preview
447.7010169029236,0.9572390913963318,0.3448522090911865,1.0,1.0,preview
447.742559671402,0.9574721455574036,0.3448522090911865,1.0,1.0,preview
447.7844090461731,0.9684238433837891,0.3448522090911865,1.0,1.0,preview
447.82293128967285,0.9926255345344543,0.3448522090911865,1.0,1.0,preview
447.86459732055664,0.9560477137565613,0.3448522090911865,1.0,1.0,preview
447.90383410453796,0.9856708645820618,0.3448522090911865,1.0,1.0,preview
447.9444532394409,0.9880190491676331,0.3448522090911865,1.0,1.0,preview
447.98451685905457,0.9914607405662537,0.3448522090911865,1.0,1.0,preview
448.0261914730072,0.9922102093696594,0.3448522090911865,1.0,1.0,preview
448.0660676956177,0.9760709404945374,0.3448522090911865,1.0,1.0,preview
448.10675048828125,0.9754794836044312,0.3448522090911865,1.0,1.0,preview
448.14931201934814,0.9756308794021606,0.3448522090911865,1.0,1.0,preview
448.188024520874,0.9333105683326721,0.3448522090911865,1.0,1.0,preview
448.2298650741577,0.9186009764671326,0.3448522090911865,1.0,1.0,preview
448.26826572418213,0.9050076007843018,0.3448522090911865,1.0,1.0,preview
448.30987000465393,0.9111844897270203,0.3448522090911865,1.0,1.0,preview
448.35153675079346,0.9175034761428833,0.3448522090911865,1.0,1.0,preview
448.39200162887573,0.9014081358909607,0.3448522090911865,1.0,1.0,preview
448.4311008453369,0.9076107740402222,0.3448522090911865,1.0,1.0,preview
448.4725787639618,0.9144937992095947,0.3448522090911865,1.0,1.0,preview
448.51322841644287,0.8962523937225342,0.3448522090911865,1.0,1.0,preview
448.55403232574463,0.9026550650596619,0.3448522090911865,1.0,1.0,preview
448.5938227176666,0.9180521965026855,0.3448522090911865,1.0,1.0,preview
448.63407945632935,0.9250163435935974,0.3448522090911865,1.0,1.0,preview
448.6758027076721,0.9110009074211121,0.3448522090911865,1.0,1.0,preview
448.7152795791626,0.9167565107345581,0.3448522090911865,1.0,1.0,preview
448.75641417503357,0.9233577847480774,0.3448522090911865,1.0,1.0,preview
448.79579973220825,0.9994084239006042,0.3448522090911865,1.0,1.0,preview
448.8368091583252,0.9151551127433777,0.3448522090911865,1.0,1.0,preview
448.8779504299164,0.8491132259368896,0.3448522090911865,1.0,1.0,preview
448.918363571167,0.8532911539077759,0.3448522090911865,1.0,1.0,preview
448.95947337150574,0.8619758486747742,0.3448522090911865,1.0,1.0,preview
449.00253796577454,0.9896670579910278,0.3448522090911865,1.0,1.0,preview
449.0408811569214,0.9781149625778198,0.3448522090911865,1.0,1.0,preview
449.0823917388916,0.9747096300125122,0.3448522090911865,1.0,1.0,preview
449.12177205085754,0.8518663048744202,0.3448522090911865,1.0,1.0,preview
449.162602186203,0.8529701828956604,0.3448522090911865,1.0,1.0,preview
449.20232129096985,0.8695141673088074,0.3448522090911865,1.0,1.0,preview
449.24289870262146,0.779517650604248,0.3448522090911865,1.0,1.0,preview
449.28218126296997,0.7869851589202881,0.3448522090911865,1.0,1.0,preview
449.32433319091797,0.7998718023300171,0.3448522090911865,1.0,1.0,preview
449.36574959754944,0.8129470944404602,0.3448522090911865,1.0,1.0,preview
449.4052634239197,0.7549378275871277,0.3448522090911865,1.0,1.0,preview
449.4450044631958,0.7683385014533997,0.3448522090911865,1.0,1.0,preview
449.48583722114563,0.7833479642868042,0.3448522090911865,1.0,1.0,preview
449.5264072418213,0.7985460162162781,0.3448522090911865,1.0,1.0,preview
449.5670852661133,0.895226240158081,0.3448522090911865,1.0,0.8740885257720947,preview
449.60826897621155,0.6682755351066589,0.3448522090911865,1.0,0.8897665739059448,preview
449.64830493927,0.5437408089637756,0.3448522090911865,1.0,0.8977156281471252,preview
449.68844652175903,0.5509332418441772,0.3448522090911865,1.0,0.9057945609092712,preview
449.7303364276886,0.5632498860359192,0.3448522090911865,1.0,0.9142330884933472,preview
449.769415140152,0.5263158082962036,0.3448522090911865,1.0,0.9225220084190369,preview
449.8119833469391,0.5263158082962036,0.3448522090911865,1.0,0.9398612976074219,preview
449.85192227363586,0.5263158082962036,0.3448522090911865,1.0,0.9486043453216553,preview
449.8937249183655,0.5263158082962036,0.3448522090911865,1.0,0.957364559173584,preview
449.93414664268494,0.5263158082962036,0.3448522090911865,1.0,0.9661009907722473,preview
449.9740424156189,0.5263158082962036,0.3448522090911865,1.0,0.9745873212814331,preview
450.01298570632935,0.5263158082962036,0.3448522090911865,1.0,0.9918057918548584,preview
450.0540704727173,0.5263158082962036,0.3448522090911865,1.0,1.0,preview
450.0956087112427,0.5263158082962036,0.3448522090911865,1.0,1.0,preview
450.13571071624756,0.5263158082962036,0.3448522090911865,1.0,1.0,preview
450.17732763290405,0.5263158082962036,0.3448522090911865,1.0,1.0,preview
450.2165024280548,0.5263158082962036,0.3448522090911865,1.0,1.0,preview
450.25827717781067,0.5263158082962036,0.3448522090911865,1.0,1.0,preview
450.2977340221405,0.5263158082962036,0.3448522090911865,1.0,1.0,preview
450.3395082950592,0.5263158082962036,0.3448522090911865,1.0,1.0,preview
450.37885999679565,0.6294982433319092,1.0,1.0,1.0,curvature
450.4198832511902,0.641469419002533,1.0,1.0,1.0,curvature
450.4618065357208,0.643160343170166,1.0,1.0,1.0,curvature
450.498574256897,0.658883273601532,1.0,1.0,1.0,curvature
450.5421175956726,0.6615076065063477,1.0,1.0,1.0,curvature
450.5833547115326,0.6770292520523071,1.0,1.0,1.0,curvature
450.6239376068115,0.6884745359420776,1.0,1.0,1.0,curvature
450.66251134872437,0.6927751302719116,1.0,1.0,1.0,curvature
450.70272278785706,0.7081100940704346,1.0,1.0,1.0,curvature
450.74296522140503,0.7134021520614624,1.0,1.0,1.0,curvature
450.7859206199646,0.7188901305198669,1.0,1.0,1.0,curvature
450.8264491558075,0.7433030605316162,1.0,1.0,1.0,curvature
450.867066860199,0.7505612373352051,1.0,1.0,1.0,curvature
450.9069330692291,0.7658492922782898,1.0,1.0,1.0,curvature
450.9478771686554,0.772487998008728,1.0,1.0,1.0,curvature
450.9900071620941,0.7791786193847656,1.0,1.0,1.0,curvature
451.02824115753174,0.7921614050865173,1.0,1.0,1.0,curvature
451.0687925815582,0.8025367856025696,1.0,1.0,1.0,curvature
451.10831904411316,0.8065622448921204,1.0,1.0,1.0,curvature
451.1509735584259,0.8155604600906372,1.0,1.0,1.0,curvature
451.19089460372925,0.8199172616004944,1.0,1.0,1.0,curvature
451.23101687431335,0.831503689289093,1.0,1.0,1.0,curvature
451.27162170410156,0.836335301399231,1.0,1.0,1.0,curvature
451.31344866752625,0.8441847562789917,1.0,1.0,1.0,curvature
451.3514802455902,0.8489618301391602,1.0,1.0,1.0,curvature
451.39354848861694,0.8564653992652893,1.0,1.0,1.0,curvature
451.4325180053711,0.8677528500556946,1.0,1.0,1.0,curvature
451.47387051582336,0.8728855848312378,1.0,1.0,1.0,curvature
451.51383447647095,0.8772510290145874,1.0,1.0,1.0,curvature
451.55389881134033,0.875359296798706,1.0,1.0,0.9982789754867554,curvature
451.59681725502014,0.8709245920181274,1.0,1.0,0.9871049523353577,curvature
451.63493394851685,0.8721036314964294,1.0,1.0,0.9744304418563843,curvature
451.6778247356415,0.8780271410942078,1.0,1.0,0.9730260968208313,curvature
451.7171676158905,0.8833755254745483,1.0,1.0,0.9718736410140991,curvature
451.75772762298584,0.5734326839447021,0.4591163098812103,1.0,0.9709408283233643,preview
451.7979519367218,0.5626180768013,0.4591163098812103,1.0,0.9702830910682678,preview
451.8395743370056,0.5645374655723572,0.4591163098812103,1.0,0.9698060750961304,preview
451.880170583725,0.5624741911888123,0.4591163098812103,1.0,0.9701799750328064,preview
451.9202857017517,0.565412700176239,0.4591163098812103,1.0,0.9711345434188843,preview
451.9595386981964,0.5508500337600708,0.4591163098812103,1.0,0.9632694125175476,preview
452.0023148059845,0.5332267880439758,0.4591163098812103,1.0,0.956199586391449,preview
452.041140794754,0.553840160369873,0.4591163098812103,1.0,0.9530352354049683,preview
452.0826213359833,0.5688991546630859,0.4591163098812103,1.0,0.9568995237350464,preview
452.1219244003296,0.6255578994750977,0.4591163098812103,1.0,0.9611853361129761,preview
452.1635310649872,0.6558342576026917,0.4591163098812103,1.0,0.9659326672554016,preview
452.20431661605835,0.7350707650184631,0.4591163098812103,1.0,0.97073894739151,preview
452.243878364563,0.7980018258094788,0.4591163098812103,1.0,0.9808864593505859,preview
452.2853364944458,0.912807285785675,0.4591163098812103,1.0,0.9868956208229065,preview
452.3284738063812,0.9378823041915894,0.4591163098812103,1.0,0.9920094609260559,preview
452.36700963974,0.9187305569648743,0.4591163098812103,1.0,0.9919072389602661,preview
452.408739566803,0.897247314453125,0.4591163098812103,1.0,0.9916839599609375,preview
452.4487142562866,0.9976701140403748,0.4591163098812103,1.0,0.996539294719696,preview
452.4893329143524,0.9855876564979553,0.4591163098812103,1.0,1.0,preview
452.5288026332855,0.8666545748710632,0.4591163098812103,1.0,1.0,preview
452.5694658756256,0.8670514822006226,0.4591163098812103,1.0,1.0,preview
452.6109631061554,0.874709963798523,0.4591163098812103,1.0,1.0,preview
452.65185165405273,0.8257365822792053,0.4591163098812103,1.0,1.0,preview
452.69213819503784,0.8637181520462036,0.4591163098812103,1.0,1.0,preview
452.7329216003418,0.9070127010345459,0.4591163098812103,1.0,1.0,preview
452.7715790271759,0.8240261673927307,0.4591163098812103,1.0,1.0,preview
452.8139638900757,0.8318973183631897,0.4591163098812103,1.0,1.0,preview
452.85345220565796,0.7770247459411621,0.4591163098812103,1.0,1.0,preview
452.894859790802,0.791740894317627,0.4591163098812103,1.0,1.0,preview
452.93455362319946,0.8082249760627747,0.4591163098812103,1.0,1.0,preview
452.97580218315125,0.7957820892333984,0.4591163098812103,1.0,1.0,preview
453.0191020965576,0.8547083735466003,0.4591163098812103,1.0,1.0,preview
453.0550436973572,0.8563020825386047,0.4591163098812103,1.0,1.0,preview
453.0958957672119,0.8685981631278992,0.4591163098812103,1.0,1.0,preview
453.1377339363098,0.8801750540733337,0.4591163098812103,1.0,1.0,preview
453.1779990196228,0.8212449550628662,0.4591163098812103,1.0,1.0,preview
453.2186405658722,0.8311659693717957,0.4591163098812103,1.0,1.0,preview
453.25940990448,0.7956297993659973,0.4591163098812103,1.0,1.0,preview
453.29972767829895,0.8091741800308228,0.4591163098812103,1.0,1.0,preview
453.3393030166626,0.8243353366851807,0.4591163098812103,1.0,1.0,preview
453.380003452301,0.7893995642662048,0.4591163098812103,1.0,0.9829816222190857,preview
453.4230501651764,0.8702887892723083,0.4591163098812103,1.0,0.9834476709365845,preview
453.46172308921814,0.8500612378120422,0.4591163098812103,1.0,0.9902230501174927,preview
453.5037257671356,0.8608369827270508,0.4591163098812103,1.0,0.9965248703956604,preview
453.5421898365021,0.7660828232765198,0.4591163098812103,1.0,1.0,preview
453.5838739871979,0.7775663733482361,0.4591163098812103,1.0,1.0,preview
453.6250567436218,0.7939107418060303,0.4591163098812103,1.0,1.0,preview
453.66621446609497,0.7371212840080261,0.4591163098812103,1.0,1.0,preview
453.70672369003296,0.7499944567680359,0.4591163098812103,1.0,1.0,preview
453.74769735336304,0.6935040354728699,0.4591163098812103,1.0,1.0,preview
453.78676533699036,0.7103825211524963,0.4591163098812103,1.0,1.0,preview
453.8271689414978,0.730430543422699,0.4591163098812103,1.0,1.0,preview
453.86800813674927,0.7048417329788208,0.4591163098812103,1.0,1.0,preview
453.908652305603,0.7220366597175598,0.4591163098812103,1.0,1.0,preview
453.9491069316864,0.6859903335571289,0.4591163098812103,1.0,1.0,preview
453.99065256118774,0.7043373584747314,0.4591163098812103,1.0,1.0,preview
454.03127002716064,0.7258292436599731,0.4591163098812103,1.0,1.0,preview
454.06927728652954,0.7560568451881409,0.4591163098812103,1.0,1.0,preview
454.11078906059265,0.7608686089515686,0.7223355770111084,1.0,1.0,preview
454.1509928703308,0.7706932425498962,0.7223355770111084,1.0,1.0,preview
454.1946804523468,0.7877954244613647,0.7223355770111084,1.0,1.0,preview
454.2341275215149,0.7836716175079346,0.7223355770111084,1.0,1.0,preview
454.27278685569763,0.7913088202476501,0.7223355770111084,1.0,1.0,preview
454.31322169303894,0.7900003790855408,0.7223355770111084,1.0,1.0,preview
454.3541626930237,0.8059682846069336,0.7223355770111084,1.0,1.0,preview
454.39564967155457,0.8064072132110596,0.7223355770111084,1.0,1.0,preview
454.4361357688904,0.8073132634162903,0.7223355770111084,1.0,1.0,preview
454.4757192134857,0.8203474879264832,0.7223355770111084,1.0,1.0,preview
454.5167098045349,0.8202978372573853,0.7223355770111084,1.0,1.0,preview
454.55907440185547,0.8307047486305237,0.7223355770111084,1.0,1.0,preview
454.5998649597168,0.8299582004547119,0.7223355770111084,1.0,1.0,preview
454.638085603714,0.8401423096656799,0.7223355770111084,1.0,1.0,preview
454.6799051761627,0.848149836063385,0.7223355770111084,1.0,1.0,preview
454.7204613685608,0.8460408449172974,0.7223355770111084,1.0,1.0,preview
454.76086616516113,0.8681010007858276,0.8235018849372864,1.0,1.0,preview
454.8013298511505,0.8731913566589355,0.8235018849372864,1.0,1.0,preview
454.84135127067566,0.8991940021514893,1.0,1.0,1.0,curvature
454.88332962989807,0.9059444069862366,1.0,1.0,1.0,curvature
454.92396688461304,0.9099831581115723,1.0,1.0,1.0,curvature
454.96358013153076,0.9138723611831665,1.0,1.0,1.0,curvature
455.00423765182495,0.9178263545036316,1.0,1.0,1.0,curvature
455.04377484321594,0.9203019142150879,1.0,1.0,1.0,curvature
455.08485221862793,0.9262474179267883,1.0,1.0,1.0,curvature
455.12522864341736,0.927951455116272,1.0,1.0,1.0,curvature
455.1646375656128,0.9315697550773621,1.0,1.0,1.0,curvature
455.20603489875793,0.9331941604614258,1.0,1.0,1.0,curvature
455.2473793029785,0.9347777962684631,1.0,1.0,1.0,curvature
455.2880403995514,0.9476780891418457,1.0,1.0,1.0,curvature
455.3288061618805,0.9572019577026367,1.0,1.0,1.0,curvature
455.36802673339844,0.9679409265518188,1.0,1.0,1.0,curvature
455.40958857536316,0.9689453840255737,1.0,1.0,1.0,curvature
455.4509196281433,0.9697007536888123,1.0,1.0,1.0,curvature
455.4930884838104,0.9721084237098694,1.0,1.0,1.0,curvature
455.5328962802887,0.9728643894195557,1.0,1.0,1.0,curvature
455.57211470603943,0.9735581278800964,1.0,1.0,1.0,curvature
455.6126403808594,0.9742805361747742,1.0,1.0,1.0,curvature
455.65309286117554,0.9756672382354736,1.0,1.0,1.0,curvature
455.69397735595703,0.9771057963371277,1.0,1.0,1.0,curvature
455.7352685928345,0.9778125882148743,1.0,1.0,1.0,curvature
455.7752571105957,0.9790042042732239,1.0,1.0,1.0,curvature
455.81690859794617,0.9866490364074707,1.0,1.0,1.0,curvature
455.85725450515747,0.9942232966423035,1.0,1.0,1.0,curvature
455.8969237804413,0.9978469610214233,1.0,1.0,1.0,curvature
455.937340259552,0.9976552128791809,1.0,1.0,1.0,curvature
455.97709131240845,0.9977201819419861,1.0,1.0,1.0,curvature
456.0176727771759,0.9978108406066895,1.0,1.0,1.0,curvature
456.05998849868774,0.9980311989784241,1.0,1.0,1.0,curvature
456.1017942428589,0.9983454346656799,1.0,1.0,1.0,curvature
456.1395015716553,0.998587429523468,1.0,1.0,1.0,curvature
456.1798276901245,0.9986537098884583,1.0,1.0,1.0,curvature
456.2214560508728,0.9968843460083008,1.0,1.0,1.0,curvature
456.2602746486664,0.9951747059822083,1.0,1.0,1.0,curvature
456.3022413253784,0.993743360042572,1.0,1.0,1.0,curvature
456.3438422679901,0.9942160844802856,1.0,1.0,1.0,curvature
456.38304018974304,0.9945343136787415,1.0,1.0,1.0,curvature
456.4223668575287,0.9950689673423767,1.0,1.0,1.0,curvature
456.4637167453766,0.9953513741493225,1.0,1.0,1.0,curvature
456.50643849372864,0.9992104172706604,1.0,1.0,1.0,curvature
456.5471992492676,0.9948440194129944,1.0,1.0,1.0,curvature
456.5856430530548,0.9899335503578186,1.0,1.0,1.0,curvature
456.62683725357056,0.9901962876319885,1.0,1.0,1.0,curvature
456.66705870628357,0.9888725876808167,0.7833967208862305,1.0,1.0,preview
456.7071442604065,0.9896461963653564,0.6439212560653687,1.0,1.0,preview
456.7490303516388,0.9899090528488159,0.6439212560653687,1.0,1.0,preview
456.78997802734375,0.9878324866294861,0.6439212560653687,1.0,1.0,preview
456.83027958869934,0.9917463064193726,0.6439212560653687,1.0,1.0,preview
456.8711471557617,0.9963156580924988,0.6439212560653687,1.0,1.0,preview
456.9102325439453,0.9999841451644897,0.6439212560653687,1.0,1.0,preview
456.95198702812195,0.9997199773788452,0.6439212560653687,1.0,1.0,preview
456.9913127422333,0.9985761046409607,0.6439212560653687,1.0,1.0,preview
457.03287649154663,0.9986182451248169,0.6439212560653687,1.0,1.0,preview
457.0738558769226,0.9970026016235352,0.6439212560653687,1.0,1.0,preview
457.11343336105347,0.9792665839195251,0.6439212560653687,1.0,1.0,preview
457.1540184020996,0.9641619324684143,0.6439212560653687,1.0,1.0,preview
457.19444704055786,0.950654923915863,0.6439212560653687,1.0,1.0,preview
457.2367262840271,0.9518291354179382,0.6439212560653687,1.0,1.0,preview
457.2780623435974,0.9551849961280823,0.6439212560653687,1.0,1.0,preview
457.31604623794556,0.9609754681587219,0.6439212560653687,1.0,1.0,preview
457.3592760562897,0.9636234045028687,0.6439212560653687,1.0,1.0,preview
457.3983585834503,0.9665469527244568,0.6439212560653687,1.0,1.0,preview
457.4381482601166,0.9578598141670227,0.6439212560653687,1.0,1.0,preview
457.4779200553894,0.9488167762756348,0.6439212560653687,1.0,1.0,preview
457.519939661026,0.9438397288322449,0.6439212560653687,1.0,1.0,preview
457.56124353408813,0.9472968578338623,0.6439212560653687,1.0,1.0,preview
457.6009204387665,0.9513430595397949,0.6439212560653687,1.0,1.0,preview
457.6414988040924,0.9559345245361328,0.6439212560653687,1.0,1.0,preview
457.6839807033539,0.9595696926116943,0.6439212560653687,1.0,1.0,preview
457.7234675884247,0.973536491394043,0.6439212560653687,1.0,0.9909023642539978,preview
457.76370310783386,0.9827712774276733,0.6439212560653687,1.0,0.9942461252212524,preview
457.8030197620392,0.9915175437927246,0.6439212560653687,1.0,0.9977975487709045,preview
457.84363746643066,0.9968295693397522,0.6439212560653687,1.0,0.9593585729598999,preview
457.88327264785767,0.9979244470596313,0.6439212560653687,1.0,0.9646669030189514,preview
457.9262638092041,0.9646602869033813,0.6439212560653687,1.0,0.975663959980011,preview
457.9653959274292,0.9319313764572144,0.6439212560653687,1.0,0.9811729192733765,preview
458.0053200721741,0.9341018199920654,0.6439212560653687,1.0,0.9867284297943115,preview
458.04672265052795,0.9060645699501038,0.6439212560653687,1.0,0.9924831390380859,preview
458.08716344833374,0.9102460741996765,0.6439212560653687,1.0,0.998085081577301,preview
458.12993335723877,0.8830764293670654,0.6439212560653687,1.0,1.0,preview
458.16791009902954,0.8807053565979004,0.6439212560653687,1.0,1.0,preview
458.21069836616516,0.8523371815681458,0.6439212560653687,1.0,1.0,preview
458.2510952949524,0.8598997592926025,0.6439212560653687,1.0,1.0,preview
458.2927145957947,0.8436895608901978,0.6439212560653687,1.0,1.0,preview
458.332946062088,0.8396156430244446,0.6439212560653687,1.0,1.0,preview
458.3738169670105,0.8496567606925964,0.6439212560653687,1.0,1.0,preview
458.4137907028198,0.8596078753471375,0.6439212560653687,1.0,1.0,preview
458.45338463783264,0.84872967004776,0.6439212560653687,1.0,1.0,preview
458.4958801269531,0.8581556677818298,0.6439212560653687,1.0,1.0,preview
458.5342524051666,0.858426570892334,0.6439212560653687,1.0,1.0,preview
458.57549357414246,0.850280225276947,0.6439212560653687,1.0,1.0,preview
458.61639308929443,0.8598445057868958,0.6439212560653687,1.0,1.0,preview
458.6571226119995,0.8830957412719727,0.6439212560653687,1.0,1.0,preview
458.69775891304016,0.8897493481636047,0.6439212560653687,1.0,1.0,preview
458.737669467926,0.9065650701522827,0.6439212560653687,1.0,1.0,preview
458.7765038013458,0.9162867665290833,0.7821094989776611,1.0,1.0,preview
458.81917691230774,0.9290856719017029,1.0,1.0,1.0,curvature
458.859099149704,0.9302528500556946,1.0,1.0,1.0,curvature
458.8997757434845,0.931317150592804,1.0,1.0,1.0,curvature
458.93986654281616,0.9357770085334778,1.0,1.0,1.0,curvature
458.9805679321289,0.9372307658195496,1.0,1.0,1.0,curvature
459.023668050766,0.9419704675674438,1.0,1.0,1.0,curvature
459.0630593299866,0.9434658288955688,1.0,1.0,1.0,curvature
459.10315132141113,0.9448835849761963,1.0,1.0,1.0,curvature
459.1439051628113,0.9531943202018738,1.0,1.0,1.0,curvature
459.1842567920685,0.9577303528785706,1.0,1.0,1.0,curvature
459.22409200668335,0.9641739726066589,1.0,1.0,1.0,curvature
459.26401376724243,0.9643470048904419,1.0,1.0,1.0,curvature
459.3062961101532,0.9662342071533203,1.0,1.0,1.0,curvature
459.3457684516907,0.9661392569541931,1.0,1.0,1.0,curvature
459.3869092464447,0.9679158329963684,1.0,1.0,1.0,curvature
459.4273295402527,0.9679821133613586,1.0,1.0,1.0,curvature
459.4676592350006,0.9697031378746033,1.0,1.0,1.0,curvature
459.5088322162628,0.9698070287704468,1.0,1.0,1.0,curvature
459.5495882034302,0.971552848815918,1.0,1.0,1.0,curvature
459.588418006897,0.9717176556587219,1.0,1.0,1.0,curvature
459.63112902641296,0.9731884002685547,1.0,1.0,1.0,curvature
459.67127656936646,0.9820050001144409,1.0,1.0,1.0,curvature
459.71146035194397,0.991959273815155,1.0,1.0,1.0,curvature
459.7527279853821,0.9981637597084045,1.0,1.0,1.0,curvature
459.79038643836975,0.9985948204994202,1.0,1.0,1.0,curvature
459.8319158554077,0.9992213845252991,1.0,1.0,1.0,curvature
459.87372493743896,0.9992566108703613,1.0,1.0,1.0,curvature
459.9139754772186,0.9998676180839539,1.0,1.0,1.0,curvature
459.95636343955994,0.9995211958885193,1.0,1.0,1.0,curvature
459.99575185775757,0.9989280700683594,1.0,1.0,1.0,curvature
460.0387487411499,0.9989785552024841,1.0,1.0,1.0,curvature
460.0749773979187,0.9977779388427734,1.0,1.0,1.0,curvature
460.1189022064209,0.9965604543685913,1.0,1.0,1.0,curvature
460.15844798088074,0.9954826235771179,1.0,1.0,1.0,curvature
460.1985402107239,0.9956633448600769,1.0,1.0,1.0,curvature
460.2378933429718,0.995238721370697,1.0,1.0,1.0,curvature
460.278608083725,0.9948409199714661,1.0,1.0,1.0,curvature
460.3199315071106,0.9950830936431885,1.0,1.0,1.0,curvature
460.3611443042755,0.9949895739555359,1.0,1.0,1.0,curvature
460.40169763565063,0.9946463704109192,1.0,1.0,1.0,curvature
460.4420430660248,0.9943245053291321,1.0,1.0,1.0,curvature
460.48111271858215,0.9878224730491638,1.0,1.0,1.0,curvature
460.5241663455963,0.9815473556518555,1.0,1.0,1.0,curvature
460.5638358592987,0.9751676321029663,1.0,1.0,1.0,curvature
460.6048903465271,0.9752314686775208,1.0,1.0,1.0,curvature
460.6431818008423,0.9764251112937927,1.0,1.0,1.0,curvature
460.6859166622162,0.9769634008407593,1.0,1.0,1.0,curvature
460.727082490921,0.9774742722511292,1.0,1.0,1.0,curvature
460.76857256889343,0.9801128506660461,0.9925238490104675,1.0,1.0,curvature
460.8091266155243,0.9825088381767273,0.9925238490104675,1.0,1.0,curvature
460.8488759994507,0.9844813942909241,0.9925238490104675,1.0,1.0,curvature
460.88975834846497,0.9854142069816589,0.9925238490104675,1.0,1.0,curvature
460.93196845054626,0.9859758019447327,0.9925238490104675,1.0,1.0,curvature
460.97086811065674,0.9871561527252197,0.9925238490104675,1.0,1.0,curvature
461.0098683834076,0.9879163503646851,0.9925238490104675,1.0,1.0,curvature
461.0504820346832,0.9884587526321411,0.9925238490104675,1.0,1.0,curvature
461.094114780426,0.9884587526321411,0.9925238490104675,1.0,1.0,curvature
461.13203740119934,0.9884587526321411,0.9925238490104675,1.0,1.0,curvature
461.1710982322693,0.9884587526321411,0.9925238490104675,1.0,1.0,curvature
461.2159471511841,0.9884587526321411,0.9925238490104675,1.0,1.0,curvature
461.25530314445496,0.9884587526321411,0.9925238490104675,1.0,1.0,curvature
461.2953917980194,0.9884587526321411,0.9925238490104675,1.0,1.0,curvature
461.33552718162537,0.9884587526321411,0.9925238490104675,1.0,1.0,curvature
461.3780474662781,0.9884587526321411,0.9925238490104675,1.0,1.0,curvature
461.41748881340027,0.9884587526321411,0.9925238490104675,1.0,1.0,curvature
461.45802640914917,0.9884587526321411,0.9925238490104675,1.0,1.0,curvature
461.49835205078125,0.9884587526321411,0.9925238490104675,1.0,1.0,curvature
461.53860878944397,0.9884587526321411,0.9925238490104675,1.0,1.0,curvature
461.5793652534485,0.9884587526321411,0.9925238490104675,1.0,1.0,curvature
461.6195101737976,0.9884587526321411,0.9925238490104675,1.0,1.0,curvature
461.6605257987976,0.9884587526321411,0.9925238490104675,1.0,1.0,curvature
461.7003927230835,0.9884587526321411,0.9925238490104675,1.0,1.0,curvature
461.74335193634033,0.9884587526321411,0.9925238490104675,1.0,1.0,curvature
461.78125262260437,0.9884587526321411,0.9925238490104675,1.0,1.0,curvature
461.8246853351593,0.9884587526321411,0.9925238490104675,1.0,1.0,curvature
461.86280035972595,0.9884587526321411,0.9925238490104675,1.0,1.0,curvature
461.9029221534729,0.9884587526321411,0.9925238490104675,1.0,1.0,curvature
461.9454848766327,0.9884587526321411,0.9925238490104675,1.0,1.0,curvature
461.9869613647461,0.9884587526321411,0.9925238490104675,1.0,1.0,curvature
462.02728724479675,0.9884587526321411,0.9925238490104675,1.0,1.0,curvature
462.0678656101227,0.9884587526321411,0.9925238490104675,1.0,1.0,curvature
462.1079559326172,0.9884587526321411,0.9925238490104675,1.0,1.0,curvature
462.1490042209625,0.9884587526321411,0.9925238490104675,1.0,1.0,curvature
462.18907284736633,0.9884587526321411,0.9925238490104675,1.0,1.0,curvature
462.2285165786743,0.9884587526321411,0.9925238490104675,1.0,1.0,curvature
462.2716655731201,0.9884587526321411,0.9925238490104675,1.0,1.0,curvature
462.3108432292938,0.9884587526321411,0.9925238490104675,1.0,1.0,curvature
