method,scenario,trial,run_id,execution_mode,environment,timestamp_s,x_robot,y_robot,yaw_robot,x_reference,y_reference,yaw_reference,reference_index,cross_track_error,heading_error,linear_velocity_command,angular_velocity_command,distance_to_goal,saturated_v,saturated_omega
pure_pursuit_pt_2602_hotel,gazebo_map2_straight_tracking,1,1,ros_live,gazebo,1788401918.960013,-0.000000,-0.000000,0.000306,0.999000,0.020000,0.000000,20,0.019694,0.000306,0.437088,0.007284,0.999200,0,0
pure_pursuit_pt_2602_hotel,gazebo_map2_straight_tracking,1,1,ros_live,gazebo,1788401919.008776,0.001457,0.000000,0.000309,0.999000,0.020000,0.000000,20,0.019691,0.000309,0.437090,0.010934,0.997744,0,0
pure_pursuit_pt_2602_hotel,gazebo_map2_straight_tracking,1,1,ros_live,gazebo,1788401919.059231,0.004360,0.000001,0.000587,0.999000,0.020000,0.000000,20,0.019415,0.000587,0.437266,0.012679,0.994841,0,0
pure_pursuit_pt_2602_hotel,gazebo_map2_straight_tracking,1,1,ros_live,gazebo,1788401919.108786,0.014570,0.000007,0.001346,0.999000,0.020000,0.000000,20,0.018668,0.001346,0.437742,0.013345,0.984634,0,0
pure_pursuit_pt_2602_hotel,gazebo_map2_straight_tracking,1,1,ros_live,gazebo,1788401919.159204,0.021815,0.000014,0.001767,0.999000,0.020000,0.000000,20,0.018259,0.001767,0.438004,0.013574,0.977390,0,0
pure_pursuit_pt_2602_hotel,gazebo_map2_straight_tracking,1,1,ros_live,gazebo,1788401919.208714,0.040805,0.000037,0.002465,0.999000,0.020000,0.000000,20,0.017601,0.002465,0.438425,0.013562,0.958403,0,0
pure_pursuit_pt_2602_hotel,gazebo_map2_straight_tracking,1,1,ros_live,gazebo,1788401919.259270,0.052392,0.000070,0.003100,0.999000,0.020000,0.000000,20,0.016995,0.003100,0.438813,0.013399,0.946818,0,0
pure_pursuit_pt_2602_hotel,gazebo_map2_straight_tracking,1,1,ros_live,gazebo,1788401919.309131,0.065689,0.000105,0.003557,0.999000,0.020000,0.000000,20,0.016576,0.003557,0.439083,0.013237,0.933523,0,0
pure_pursuit_pt_2602_hotel,gazebo_map2_straight_tracking,1,1,ros_live,gazebo,1788401919.359351,0.090538,0.000192,0.004433,0.999000,0.020000,0.000000,20,0.015781,0.004433,0.439594,0.012996,0.908678,0,0
pure_pursuit_pt_2602_hotel,gazebo_map2_straight_tracking,1,1,ros_live,gazebo,1788401919.408926,0.106331,0.000255,0.004885,0.999000,0.020000,0.000000,20,0.015384,0.004885,0.439850,0.012811,0.892888,0,0
pure_pursuit_pt_2602_hotel,gazebo_map2_straight_tracking,1,1,ros_live,gazebo,1788401919.459079,0.136064,0.000399,0.005737,0.999000,0.020000,0.000000,20,0.014650,0.005737,0.440324,0.012596,0.863159,0,0
pure_pursuit_pt_2602_hotel,gazebo_map2_straight_tracking,1,1,ros_live,gazebo,1788401919.508996,0.151096,0.000483,0.006167,0.999000,0.020000,0.000000,20,0.014288,0.006167,0.440558,0.012427,0.848128,0,0
pure_pursuit_pt_2602_hotel,gazebo_map2_straight_tracking,1,1,ros_live,gazebo,1788401919.559033,0.180215,0.000666,0.006997,0.999000,0.020000,0.000000,20,0.013605,0.006997,0.441000,0.012222,0.819014,0,0
pure_pursuit_pt_2602_hotel,gazebo_map2_straight_tracking,1,1,ros_live,gazebo,1788401919.608894,0.195167,0.000769,0.007419,0.999000,0.020000,0.000000,20,0.013267,0.007419,0.441220,0.012060,0.804063,0,0
pure_pursuit_pt_2602_hotel,gazebo_map2_straight_tracking,1,1,ros_live,gazebo,1788401919.659374,0.224221,0.000989,0.008225,0.999000,0.020000,0.000000,20,0.012638,0.008225,0.441628,0.011867,0.775012,0,0
pure_pursuit_pt_2602_hotel,gazebo_map2_straight_tracking,1,1,ros_live,gazebo,1788401919.709484,0.239184,0.001112,0.008639,0.999000,0.020000,0.000000,20,0.012324,0.008639,0.441832,0.011714,0.760051,0,0
pure_pursuit_pt_2602_hotel,gazebo_map2_straight_tracking,1,1,ros_live,gazebo,1788401919.758712,0.268261,0.001368,0.009415,0.999000,0.020000,0.000000,20,0.011751,0.009415,0.442205,0.011539,0.730977,0,0
pure_pursuit_pt_2602_hotel,gazebo_map2_straight_tracking,1,1,ros_live,gazebo,1788401919.809198,0.283246,0.001509,0.009812,0.999000,0.020000,0.000000,20,0.011467,0.009812,0.442391,0.011402,0.715993,0,0
pure_pursuit_pt_2602_hotel,gazebo_map2_straight_tracking,1,1,ros_live,gazebo,1788401919.859131,0.312362,0.001800,0.010578,0.999000,0.020000,0.000000,20,0.010935,0.010578,0.442738,0.011241,0.686880,0,0
pure_pursuit_pt_2602_hotel,gazebo_map2_straight_tracking,1,1,ros_live,gazebo,1788401919.908990,0.327369,0.001959,0.010964,0.999000,0.020000,0.000000,20,0.010677,0.010964,0.442907,0.011117,0.671874,0,0
pure_pursuit_pt_2602_hotel,gazebo_map2_straight_tracking,1,1,ros_live,gazebo,1788401919.959322,0.356525,0.002284,0.011711,0.999000,0.020000,0.000000,20,0.010191,0.011711,0.443224,0.010974,0.642719,0,0
pure_pursuit_pt_2602_hotel,gazebo_map2_straight_tracking,1,1,ros_live,gazebo,1788401920.008889,0.371554,0.002460,0.012089,0.999000,0.020000,0.000000,20,0.009954,0.012089,0.443380,0.010863,0.627692,0,0
pure_pursuit_pt_2602_hotel,gazebo_map2_straight_tracking,1,1,ros_live,gazebo,1788401920.058757,0.400749,0.002818,0.012809,0.999000,0.020000,0.000000,20,0.009518,0.012809,0.443666,0.010742,0.598498,0,0
pure_pursuit_pt_2602_hotel,gazebo_map2_straight_tracking,1,1,ros_live,gazebo,1788401920.108821,0.415797,0.003011,0.013178,0.999000,0.020000,0.000000,20,0.009303,0.013178,0.443807,0.010649,0.583451,0,0
pure_pursuit_pt_2602_hotel,gazebo_map2_straight_tracking,1,1,ros_live,gazebo,1788401920.158755,0.445028,0.003401,0.013889,0.999000,0.020000,0.000000,20,0.008904,0.013889,0.444069,0.010546,0.554221,0,0
pure_pursuit_pt_2602_hotel,gazebo_map2_straight_tracking,1,1,ros_live,gazebo,1788401920.209001,0.460094,0.003610,0.014249,0.999000,0.020000,0.000000,20,0.008710,0.014249,0.444197,0.010470,0.539155,0,0
pure_pursuit_pt_2602_hotel,gazebo_map2_straight_tracking,1,1,ros_live,gazebo,1788401920.258950,0.489356,0.004032,0.014937,0.999000,0.020000,0.000000,20,0.008354,0.014937,0.444431,0.010391,0.509894,0,0
pure_pursuit_pt_2602_hotel,gazebo_map2_straight_tracking,1,1,ros_live,gazebo,1788401920.309434,0.504437,0.004257,0.015291,0.999000,0.020000,0.000000,20,0.008179,0.015291,0.444546,0.010334,0.494813,0,0
pure_pursuit_pt_2602_hotel,gazebo_map2_straight_tracking,1,1,ros_live,gazebo,1788401920.359143,0.533727,0.004710,0.015975,0.999000,0.020000,0.000000,20,0.007856,0.015975,0.444759,0.010276,0.465524,0,0
pure_pursuit_pt_2602_hotel,gazebo_map2_straight_tracking,1,1,ros_live,gazebo,1788401920.409357,0.548822,0.004951,0.016326,0.999000,0.020000,0.000000,20,0.007698,0.016326,0.444863,0.010236,0.450430,0,0
pure_pursuit_pt_2602_hotel,gazebo_map2_straight_tracking,1,1,ros_live,gazebo,1788401920.458776,0.578137,0.005435,0.017001,0.999000,0.020000,0.000000,20,0.007408,0.017001,0.445054,0.010202,0.421115,0,0
pure_pursuit_pt_2602_hotel,gazebo_map2_straight_tracking,1,1,ros_live,gazebo,1788401920.508879,0.593244,0.005692,0.017349,0.999000,0.020000,0.000000,20,0.007267,0.017349,0.445148,0.010182,0.406008,0,0
pure_pursuit_pt_2602_hotel,gazebo_map2_straight_tracking,1,1,ros_live,gazebo,1788401920.559012,0.620050,0.006086,0.017843,0.999000,0.020000,0.000000,20,0.007151,0.017843,0.445225,0.010259,0.379206,0,0
pure_pursuit_pt_2602_hotel,gazebo_map2_straight_tracking,1,1,ros_live,gazebo,1788401920.609422,0.637701,0.006478,0.018373,0.999000,0.020000,0.000000,20,0.006882,0.018373,0.445402,0.010216,0.361552,0,0
pure_pursuit_pt_2602_hotel,gazebo_map2_straight_tracking,1,1,ros_live,gazebo,1788401920.658969,0.652379,0.006748,0.018708,0.999000,0.020000,0.000000,20,0.006766,0.018708,0.445479,0.010204,0.346875,0,0
pure_pursuit_pt_2602_hotel,gazebo_map2_straight_tracking,1,1,ros_live,gazebo,1788401920.708918,0.681395,0.006499,0.019921,0.999000,0.020000,0.000000,20,0.007172,0.019921,0.445211,0.010703,0.317892,0,0
pure_pursuit_pt_2602_hotel,gazebo_map2_straight_tracking,1,1,ros_live,gazebo,1788401920.759109,0.695355,0.006055,0.020737,0.999000,0.020000,0.000000,20,0.007646,0.020737,0.444898,0.011428,0.303965,0,0
pure_pursuit_pt_2602_hotel,gazebo_map2_straight_tracking,1,1,ros_live,gazebo,1788401920.808991,0.724494,0.006000,0.021908,0.999000,0.020000,0.000000,20,0.007983,0.021908,0.444675,0.012303,0.274863,0,0
pure_pursuit_pt_2602_hotel,gazebo_map2_straight_tracking,1,1,ros_live,gazebo,1788401920.859410,0.739182,0.006322,0.022282,0.999000,0.020000,0.000000,20,0.007886,0.022282,0.444739,0.012790,0.260178,0,0
lqr_pt_2602_hotel,gazebo_map2_straight_tracking,1,1,ros_live,gazebo,1788402229.816190,-0.000000,-0.000000,0.000155,0.299000,0.020000,0.000000,6,-0.020000,0.000155,0.500000,0.058555,0.999200,1,0
lqr_pt_2602_hotel,gazebo_map2_straight_tracking,1,1,ros_live,gazebo,1788402229.866031,-0.000000,-0.000000,0.000155,0.299000,0.020000,0.000000,6,-0.020000,0.000155,0.500000,0.058555,0.999200,1,0
lqr_pt_2602_hotel,gazebo_map2_straight_tracking,1,1,ros_live,gazebo,1788402229.915817,0.002856,0.000001,0.001383,0.299000,0.020000,0.000000,6,-0.020000,0.001383,0.500000,0.055262,0.996345,1,0
lqr_pt_2602_hotel,gazebo_map2_straight_tracking,1,1,ros_live,gazebo,1788402229.965423,0.014359,0.000013,0.005188,0.299000,0.020000,0.000000,6,-0.019987,0.005188,0.500000,0.045033,0.984844,1,0
lqr_pt_2602_hotel,gazebo_map2_straight_tracking,1,1,ros_live,gazebo,1788402230.015525,0.022370,0.000035,0.006968,0.299000,0.020000,0.000000,6,-0.019965,0.006968,0.500000,0.040199,0.976834,1,0
lqr_pt_2602_hotel,gazebo_map2_straight_tracking,1,1,ros_live,gazebo,1788402230.065421,0.042731,0.000140,0.009937,0.299000,0.020000,0.000000,6,-0.019860,0.009937,0.500000,0.031934,0.956475,1,0
lqr_pt_2602_hotel,gazebo_map2_straight_tracking,1,1,ros_live,gazebo,1788402230.116108,0.055030,0.000233,0.011088,0.349000,0.020000,0.000000,7,-0.019768,0.011088,0.500000,0.028577,0.944177,1,0
lqr_pt_2602_hotel,gazebo_map2_straight_tracking,1,1,ros_live,gazebo,1788402230.166215,0.069081,0.000359,0.012172,0.349000,0.020000,0.000000,7,-0.019641,0.012172,0.500000,0.025300,0.930126,1,0
lqr_pt_2602_hotel,gazebo_map2_straight_tracking,1,1,ros_live,gazebo,1788402230.215935,0.101343,0.000714,0.014076,0.399000,0.020000,0.000000,8,-0.019286,0.014076,0.500000,0.019152,0.897864,1,0
lqr_pt_2602_hotel,gazebo_map2_straight_tracking,1,1,ros_live,gazebo,1788402230.265924,0.118451,0.000936,0.014951,0.399000,0.020000,0.000000,8,-0.019064,0.014951,0.500000,0.016153,0.880756,1,0
lqr_pt_2602_hotel,gazebo_map2_straight_tracking,1,1,ros_live,gazebo,1788402230.315704,0.151569,0.001422,0.016303,0.449000,0.020000,0.000000,9,-0.018579,0.016303,0.500000,0.011098,0.847635,1,0
lqr_pt_2602_hotel,gazebo_map2_straight_tracking,1,1,ros_live,gazebo,1788402230.366000,0.168520,0.001692,0.016864,0.449000,0.020000,0.000000,9,-0.018308,0.016864,0.500000,0.008798,0.830682,1,0
lqr_pt_2602_hotel,gazebo_map2_straight_tracking,1,1,ros_live,gazebo,1788402230.415828,0.201675,0.002250,0.017674,0.499000,0.020000,0.000000,10,-0.017750,0.017674,0.500000,0.004983,0.797523,1,0
lqr_pt_2602_hotel,gazebo_map2_straight_tracking,1,1,ros_live,gazebo,1788402230.465731,0.218670,0.002548,0.017983,0.499000,0.020000,0.000000,10,-0.017452,0.017983,0.500000,0.003276,0.780525,1,0
lqr_pt_2602_hotel,gazebo_map2_straight_tracking,1,1,ros_live,gazebo,1788402230.515610,0.251690,0.003144,0.018408,0.549000,0.020000,0.000000,11,-0.016856,0.018408,0.500000,0.000415,0.747500,1,0
lqr_pt_2602_hotel,gazebo_map2_straight_tracking,1,1,ros_live,gazebo,1788402230.567053,0.268638,0.003455,0.018473,0.549000,0.020000,0.000000,11,-0.016545,0.018473,0.500000,-0.000450,0.730550,1,0
lqr_pt_2602_hotel,gazebo_map2_straight_tracking,1,1,ros_live,gazebo,1788402230.616273,0.301643,0.004064,0.018518,0.599000,0.020000,0.000000,12,-0.015936,0.018518,0.500000,-0.001923,0.697539,1,0
lqr_pt_2602_hotel,gazebo_map2_straight_tracking,1,1,ros_live,gazebo,1788402230.665317,0.318640,0.004379,0.018495,0.599000,0.020000,0.000000,12,-0.015622,0.018495,0.500000,-0.002563,0.680539,1,0
lqr_pt_2602_hotel,gazebo_map2_straight_tracking,1,1,ros_live,gazebo,1788402230.715721,0.351592,0.004987,0.018378,0.649000,0.020000,0.000000,13,-0.015013,0.018378,0.500000,-0.003606,0.647582,1,0
lqr_pt_2602_hotel,gazebo_map2_straight_tracking,1,1,ros_live,gazebo,1788402230.766911,0.368540,0.005298,0.018287,0.649000,0.020000,0.000000,13,-0.014702,0.018287,0.500000,-0.004060,0.630631,1,0
lqr_pt_2602_hotel,gazebo_map2_straight_tracking,1,1,ros_live,gazebo,1788402230.815823,0.401536,0.005900,0.018057,0.699000,0.020000,0.000000,14,-0.014101,0.018057,0.500000,-0.004800,0.597631,1,0
lqr_pt_2602_hotel,gazebo_map2_straight_tracking,1,1,ros_live,gazebo,1788402230.866085,0.418532,0.006206,0.017915,0.699000,0.020000,0.000000,14,-0.013794,0.017915,0.500000,-0.005115,0.580632,1,0
lqr_pt_2602_hotel,gazebo_map2_straight_tracking,1,1,ros_live,gazebo,1788402230.916151,0.451528,0.006795,0.017613,0.749000,0.020000,0.000000,15,-0.013205,0.017613,0.500000,-0.005650,0.547632,1,0
lqr_pt_2602_hotel,gazebo_map2_straight_tracking,1,1,ros_live,gazebo,1788402230.966162,0.468525,0.007094,0.017440,0.749000,0.020000,0.000000,15,-0.012906,0.017440,0.500000,-0.005874,0.530633,1,0
lqr_pt_2602_hotel,gazebo_map2_straight_tracking,1,1,ros_live,gazebo,1788402231.016274,0.501520,0.007667,0.017072,0.799000,0.020000,0.000000,16,-0.012333,0.017072,0.500000,-0.006220,0.497633,1,0
lqr_pt_2602_hotel,gazebo_map2_straight_tracking,1,1,ros_live,gazebo,1788402231.065733,0.518517,0.007957,0.016873,0.799000,0.020000,0.000000,16,-0.012043,0.016873,0.500000,-0.006367,0.480634,1,0
lqr_pt_2602_hotel,gazebo_map2_straight_tracking,1,1,ros_live,gazebo,1788402231.116513,0.551513,0.008510,0.016467,0.849000,0.020000,0.000000,17,-0.011490,0.016467,0.500000,-0.006592,0.447635,1,0
lqr_pt_2602_hotel,gazebo_map2_straight_tracking,1,1,ros_live,gazebo,1788402231.165771,0.568510,0.008790,0.016252,0.849000,0.020000,0.000000,17,-0.011210,0.016252,0.500000,-0.006690,0.430636,1,0
lqr_pt_2602_hotel,gazebo_map2_straight_tracking,1,1,ros_live,gazebo,1788402231.215341,0.601506,0.009323,0.015818,0.899000,0.020000,0.000000,18,-0.010677,0.015818,0.500000,-0.006830,0.397638,1,0
lqr_pt_2602_hotel,gazebo_map2_straight_tracking,1,1,ros_live,gazebo,1788402231.265428,0.618504,0.009592,0.015589,0.899000,0.020000,0.000000,18,-0.010408,0.015589,0.500000,-0.006887,0.380639,1,0
lqr_pt_2602_hotel,gazebo_map2_straight_tracking,1,1,ros_live,gazebo,1788402231.315640,0.651499,0.010102,0.015133,0.949000,0.020000,0.000000,19,-0.009898,0.015133,0.500000,-0.006975,0.347642,1,0
lqr_pt_2602_hotel,gazebo_map2_straight_tracking,1,1,ros_live,gazebo,1788402231.365979,0.668497,0.010360,0.014902,0.949000,0.020000,0.000000,19,-0.009640,0.014902,0.500000,-0.007035,0.330643,1,0
lqr_pt_2602_hotel,gazebo_map2_straight_tracking,1,1,ros_live,gazebo,1788402231.416130,0.684996,0.010606,0.014673,0.949000,0.020000,0.000000,19,-0.009395,0.014673,0.475518,-0.007091,0.314145,0,0
lqr_pt_2602_hotel,gazebo_map2_straight_tracking,1,1,ros_live,gazebo,1788402231.466442,0.716574,0.010593,0.014614,0.999000,0.020000,0.000000,20,-0.009408,0.014614,0.476610,-0.006741,0.282583,0,0
lqr_pt_2602_hotel,gazebo_map2_straight_tracking,1,1,ros_live,gazebo,1788402231.516390,0.731210,0.010355,0.014781,0.999000,0.020000,0.000000,20,-0.009646,0.014781,0.451926,-0.006399,0.267964,0,0
lqr_pt_2602_hotel,gazebo_map2_straight_tracking,1,1,ros_live,gazebo,1788402231.562650,0.762692,0.010378,0.014729,0.999000,0.020000,0.000000,20,0.000000,0.014729,0.000000,0.000000,0.236504,0,0
lqr_pt_2602_hotel,gazebo_map2_straight_tracking,1,1,ros_live,gazebo,1788402231.612610,0.778950,0.010617,0.014518,0.999000,0.020000,0.000000,20,0.000000,0.014518,0.000000,0.000000,0.220250,0,0
lqr_pt_2602_hotel,gazebo_map2_straight_tracking,1,1,ros_live,gazebo,1788402231.662732,0.809945,0.011067,0.014463,0.999000,0.020000,0.000000,20,0.000000,0.014463,0.000000,0.000000,0.189266,0,0
lqr_pt_2602_hotel,gazebo_map2_straight_tracking,1,1,ros_live,gazebo,1788402231.712482,0.822684,0.011250,0.014455,0.999000,0.020000,0.000000,20,0.000000,0.014455,0.000000,0.000000,0.176533,0,0
lqr_pt_2602_hotel,gazebo_map2_straight_tracking,1,1,ros_live,gazebo,1788402231.762569,0.843619,0.011550,0.014441,0.999000,0.020000,0.000000,20,0.000000,0.014441,0.000000,0.000000,0.155611,0,0
lqr_pt_2602_hotel,gazebo_map2_straight_tracking,1,1,ros_live,gazebo,1788402231.812561,0.851400,0.011661,0.014436,0.999000,0.020000,0.000000,20,0.000000,0.014436,0.000000,0.000000,0.147835,0,0
lqr_pt_2602_hotel,gazebo_map2_straight_tracking,1,1,ros_live,gazebo,1788402231.862795,0.862359,0.011818,0.014434,0.999000,0.020000,0.000000,20,0.000000,0.014434,0.000000,0.000000,0.136886,0,0
lqr_pt_2602_hotel,gazebo_map2_straight_tracking,1,1,ros_live,gazebo,1788402231.912827,0.865308,0.011860,0.014433,0.999000,0.020000,0.000000,20,0.000000,0.014433,0.000000,0.000000,0.133940,0,0
lqr_pt_2602_hotel,gazebo_map2_straight_tracking,1,1,ros_live,gazebo,1788402231.962502,0.866840,0.011881,0.014429,0.999000,0.020000,0.000000,20,0.000000,0.014429,0.000000,0.000000,0.132409,0,0
lqr_pt_2602_hotel,gazebo_map2_straight_tracking,1,1,ros_live,gazebo,1788402232.012846,0.866792,0.011880,0.014429,0.999000,0.020000,0.000000,20,0.000000,0.014429,0.000000,0.000000,0.132457,0,0
lqr_pt_2602_hotel,gazebo_map2_straight_tracking,1,1,ros_live,gazebo,1788402232.062505,0.872604,0.008516,0.010361,0.999000,0.020000,0.000000,20,0.000000,0.010361,0.000000,0.000000,0.126917,0,0
lqr_pt_2602_hotel,gazebo_map2_straight_tracking,1,1,ros_live,gazebo,1788402232.112506,0.878197,0.005250,0.006416,0.999000,0.020000,0.000000,20,0.000000,0.006416,0.000000,0.000000,0.121701,0,0
lqr_pt_2602_hotel,gazebo_map2_straight_tracking,1,1,ros_live,gazebo,1788402232.162458,0.883803,0.001984,0.002472,0.999000,0.020000,0.000000,20,0.000000,0.002472,0.000000,0.000000,0.116598,0,0
lqr_pt_2602_hotel,gazebo_map2_straight_tracking,1,1,ros_live,gazebo,1788402232.212831,0.883795,0.001984,0.002470,0.999000,0.020000,0.000000,20,0.000000,0.002470,0.000000,0.000000,0.116606,0,0
lqr_pt_2602_hotel,gazebo_map2_straight_tracking,1,1,ros_live,gazebo,1788402232.262589,0.883798,0.001984,0.002472,0.999000,0.020000,0.000000,20,0.000000,0.002472,0.000000,0.000000,0.116603,0,0
lqr_pt_2602_hotel,gazebo_map2_straight_tracking,1,1,ros_live,gazebo,1788402232.312611,0.883795,0.001984,0.002473,0.999000,0.020000,0.000000,20,0.000000,0.002473,0.000000,0.000000,0.116606,0,0
lqr_pt_2602_hotel,gazebo_map2_straight_tracking,1,1,ros_live,gazebo,1788402232.362697,0.883796,0.001984,0.002474,0.999000,0.020000,0.000000,20,0.000000,0.002474,0.000000,0.000000,0.116604,0,0
lqr_pt_2602_hotel,gazebo_map2_straight_tracking,1,1,ros_live,gazebo,1788402232.412664,0.883795,0.001984,0.002474,0.999000,0.020000,0.000000,20,0.000000,0.002474,0.000000,0.000000,0.116606,0,0
lqr_pt_2602_hotel,gazebo_map2_straight_tracking,1,1,ros_live,gazebo,1788402232.462479,0.883795,0.001984,0.002473,0.999000,0.020000,0.000000,20,0.000000,0.002473,0.000000,0.000000,0.116605,0,0
lqr_pt_2602_hotel,gazebo_map2_straight_tracking,1,1,ros_live,gazebo,1788402232.512508,0.883795,0.001984,0.002473,0.999000,0.020000,0.000000,20,0.000000,0.002473,0.000000,0.000000,0.116606,0,0
lqr_pt_2602_hotel,gazebo_map2_straight_tracking,1,1,ros_live,gazebo,1788402232.562469,0.883795,0.001984,0.002470,0.999000,0.020000,0.000000,20,0.000000,0.002470,0.000000,0.000000,0.116606,0,0
lqr_pt_2602_hotel,gazebo_map2_straight_tracking,1,1,ros_live,gazebo,1788402232.612865,0.883795,0.001984,0.002470,0.999000,0.020000,0.000000,20,0.000000,0.002470,0.000000,0.000000,0.116606,0,0
lqr_pt_2602_hotel,gazebo_map2_straight_tracking,1,1,ros_live,gazebo,1788402232.662652,0.882210,0.004093,0.008098,0.999000,0.020000,0.000000,20,0.000000,0.008098,0.000000,0.000000,0.117868,0,0
lqr_pt_2602_hotel,gazebo_map2_straight_tracking,1,1,ros_live,gazebo,1788402232.712587,0.880646,0.006140,0.013558,0.999000,0.020000,0.000000,20,0.000000,0.013558,0.000000,0.000000,0.119163,0,0
lqr_pt_2602_hotel,gazebo_map2_straight_tracking,1,1,ros_live,gazebo,1788402232.762574,0.879056,0.008187,0.019023,0.999000,0.020000,0.000000,20,0.000000,0.019023,0.000000,0.000000,0.120524,0,0
lqr_pt_2602_hotel,gazebo_map2_straight_tracking,1,1,ros_live,gazebo,1788402232.812825,0.879056,0.008187,0.019027,0.999000,0.020000,0.000000,20,0.000000,0.019027,0.000000,0.000000,0.120524,0,0
lqr_pt_2602_hotel,gazebo_map2_straight_tracking,1,1,ros_live,gazebo,1788402232.862512,0.879056,0.008187,0.019029,0.999000,0.020000,0.000000,20,0.000000,0.019029,0.000000,0.000000,0.120524,0,0
lqr_pt_2602_hotel,gazebo_map2_straight_tracking,1,1,ros_live,gazebo,1788402232.912719,0.879056,0.008187,0.019028,0.999000,0.020000,0.000000,20,0.000000,0.019028,0.000000,0.000000,0.120524,0,0
lqr_pt_2602_hotel,gazebo_map2_straight_tracking,1,1,ros_live,gazebo,1788402232.962575,0.879056,0.008187,0.019026,0.999000,0.020000,0.000000,20,0.000000,0.019026,0.000000,0.000000,0.120524,0,0
lqr_pt_2602_hotel,gazebo_map2_straight_tracking,1,1,ros_live,gazebo,1788402233.012638,0.879056,0.008187,0.019032,0.999000,0.020000,0.000000,20,0.000000,0.019032,0.000000,0.000000,0.120524,0,0
lqr_pt_2602_hotel,gazebo_map2_straight_tracking,1,1,ros_live,gazebo,1788402233.062590,0.879057,0.008187,0.019028,0.999000,0.020000,0.000000,20,0.000000,0.019028,0.000000,0.000000,0.120524,0,0
lqr_pt_2602_hotel,gazebo_map2_straight_tracking,1,1,ros_live,gazebo,1788402233.112742,0.879057,0.008187,0.019026,0.999000,0.020000,0.000000,20,0.000000,0.019026,0.000000,0.000000,0.120524,0,0
lqr_pt_2602_hotel,gazebo_map2_straight_tracking,1,1,ros_live,gazebo,1788402233.162490,0.879057,0.008187,0.019026,0.999000,0.020000,0.000000,20,0.000000,0.019026,0.000000,0.000000,0.120524,0,0
lqr_pt_2602_hotel,gazebo_map2_straight_tracking,1,1,ros_live,gazebo,1788402233.212451,0.879057,0.008187,0.019024,0.999000,0.020000,0.000000,20,0.000000,0.019024,0.000000,0.000000,0.120524,0,0
lqr_pt_2602_hotel,gazebo_map2_straight_tracking,1,1,ros_live,gazebo,1788402233.262882,0.879057,0.008187,0.019023,0.999000,0.020000,0.000000,20,0.000000,0.019023,0.000000,0.000000,0.120524,0,0
lqr_pt_2602_hotel,gazebo_map2_straight_tracking,1,1,ros_live,gazebo,1788402233.312432,0.879057,0.008187,0.019016,0.999000,0.020000,0.000000,20,0.000000,0.019016,0.000000,0.000000,0.120524,0,0
lqr_pt_2602_hotel,gazebo_map2_straight_tracking,1,1,ros_live,gazebo,1788402233.362555,0.879057,0.008187,0.019014,0.999000,0.020000,0.000000,20,0.000000,0.019014,0.000000,0.000000,0.120524,0,0
lqr_pt_2602_hotel,gazebo_map2_straight_tracking,1,1,ros_live,gazebo,1788402233.412368,0.879057,0.008187,0.019004,0.999000,0.020000,0.000000,20,0.000000,0.019004,0.000000,0.000000,0.120524,0,0
lqr_pt_2602_hotel,gazebo_map2_straight_tracking,1,1,ros_live,gazebo,1788402233.462599,0.879057,0.008187,0.019002,0.999000,0.020000,0.000000,20,0.000000,0.019002,0.000000,0.000000,0.120524,0,0
lqr_pt_2602_hotel,gazebo_map2_straight_tracking,1,1,ros_live,gazebo,1788402233.512593,0.879057,0.008187,0.019012,0.999000,0.020000,0.000000,20,0.000000,0.019012,0.000000,0.000000,0.120524,0,0
lqr_pt_2602_hotel,gazebo_map2_straight_tracking,1,1,ros_live,gazebo,1788402233.562494,0.879057,0.008187,0.019012,0.999000,0.020000,0.000000,20,0.000000,0.019012,0.000000,0.000000,0.120524,0,0
lqr_pt_2602_hotel,gazebo_map2_straight_tracking,1,1,ros_live,gazebo,1788402233.612687,0.879057,0.008187,0.019011,0.999000,0.020000,0.000000,20,0.000000,0.019011,0.000000,0.000000,0.120524,0,0
lqr_pt_2602_hotel,gazebo_map2_straight_tracking,1,1,ros_live,gazebo,1788402233.662550,0.879057,0.008187,0.019010,0.999000,0.020000,0.000000,20,0.000000,0.019010,0.000000,0.000000,0.120524,0,0
lqr_pt_2602_hotel,gazebo_map2_straight_tracking,1,1,ros_live,gazebo,1788402233.712661,0.879057,0.008187,0.019008,0.999000,0.020000,0.000000,20,0.000000,0.019008,0.000000,0.000000,0.120524,0,0
lqr_pt_2602_hotel,gazebo_map2_straight_tracking,1,1,ros_live,gazebo,1788402233.762634,0.879057,0.008187,0.019006,0.999000,0.020000,0.000000,20,0.000000,0.019006,0.000000,0.000000,0.120524,0,0
lqr_pt_2602_hotel,gazebo_map2_straight_tracking,1,1,ros_live,gazebo,1788402233.812359,0.879057,0.008187,0.019003,0.999000,0.020000,0.000000,20,0.000000,0.019003,0.000000,0.000000,0.120524,0,0
lqr_pt_2602_hotel,gazebo_map2_straight_tracking,1,1,ros_live,gazebo,1788402233.862617,0.879057,0.008187,0.019007,0.999000,0.020000,0.000000,20,0.000000,0.019007,0.000000,0.000000,0.120524,0,0
lqr_pt_2602_hotel,gazebo_map2_straight_tracking,1,1,ros_live,gazebo,1788402233.912347,0.879057,0.008187,0.019004,0.999000,0.020000,0.000000,20,0.000000,0.019004,0.000000,0.000000,0.120524,0,0
lqr_pt_2602_hotel,gazebo_map2_straight_tracking,1,1,ros_live,gazebo,1788402233.962838,0.879057,0.008187,0.019002,0.999000,0.020000,0.000000,20,0.000000,0.019002,0.000000,0.000000,0.120524,0,0
lqr_pt_2602_hotel,gazebo_map2_straight_tracking,1,1,ros_live,gazebo,1788402234.012889,0.879057,0.008187,0.019002,0.999000,0.020000,0.000000,20,0.000000,0.019002,0.000000,0.000000,0.120524,0,0
lqr_pt_2602_hotel,gazebo_map2_straight_tracking,1,1,ros_live,gazebo,1788402234.062488,0.879057,0.008187,0.018998,0.999000,0.020000,0.000000,20,0.000000,0.018998,0.000000,0.000000,0.120524,0,0
lqr_pt_2602_hotel,gazebo_map2_straight_tracking,1,1,ros_live,gazebo,1788402234.112493,0.879057,0.008187,0.018996,0.999000,0.020000,0.000000,20,0.000000,0.018996,0.000000,0.000000,0.120524,0,0
lqr_pt_2602_hotel,gazebo_map2_straight_tracking,1,1,ros_live,gazebo,1788402234.162529,0.879057,0.008187,0.018993,0.999000,0.020000,0.000000,20,0.000000,0.018993,0.000000,0.000000,0.120524,0,0
lqr_pt_2602_hotel,gazebo_map2_straight_tracking,1,1,ros_live,gazebo,1788402234.212816,0.879057,0.008187,0.018996,0.999000,0.020000,0.000000,20,0.000000,0.018996,0.000000,0.000000,0.120524,0,0
lqr_pt_2602_hotel,gazebo_map2_straight_tracking,1,1,ros_live,gazebo,1788402234.262474,0.879057,0.008187,0.019000,0.999000,0.020000,0.000000,20,0.000000,0.019000,0.000000,0.000000,0.120524,0,0
lqr_pt_2602_hotel,gazebo_map2_straight_tracking,1,1,ros_live,gazebo,1788402234.312759,0.879057,0.008187,0.019000,0.999000,0.020000,0.000000,20,0.000000,0.019000,0.000000,0.000000,0.120524,0,0
lqr_pt_2602_hotel,gazebo_map2_straight_tracking,1,1,ros_live,gazebo,1788402234.362536,0.879057,0.008187,0.018996,0.999000,0.020000,0.000000,20,0.000000,0.018996,0.000000,0.000000,0.120524,0,0
lqr_pt_2602_hotel,gazebo_map2_straight_tracking,1,1,ros_live,gazebo,1788402234.412657,0.879057,0.008187,0.018994,0.999000,0.020000,0.000000,20,0.000000,0.018994,0.000000,0.000000,0.120524,0,0
lqr_pt_2602_hotel,gazebo_map2_straight_tracking,1,1,ros_live,gazebo,1788402234.462570,0.879057,0.008187,0.018994,0.999000,0.020000,0.000000,20,0.000000,0.018994,0.000000,0.000000,0.120524,0,0
lqr_pt_2602_hotel,gazebo_map2_straight_tracking,1,1,ros_live,gazebo,1788402234.512547,0.879057,0.008187,0.018996,0.999000,0.020000,0.000000,20,0.000000,0.018996,0.000000,0.000000,0.120524,0,0
lqr_pt_2602_hotel,gazebo_map2_straight_tracking,1,1,ros_live,gazebo,1788402234.562598,0.879057,0.008187,0.018995,0.999000,0.020000,0.000000,20,0.000000,0.018995,0.000000,0.000000,0.120524,0,0
lqr_pt_2602_hotel,gazebo_map2_straight_tracking,1,1,ros_live,gazebo,1788402234.612780,0.879057,0.008187,0.018994,0.999000,0.020000,0.000000,20,0.000000,0.018994,0.000000,0.000000,0.120524,0,0
lqr_pt_2602_hotel,gazebo_map2_straight_tracking,1,1,ros_live,gazebo,1788402234.662499,0.879057,0.008187,0.018993,0.999000,0.020000,0.000000,20,0.000000,0.018993,0.000000,0.000000,0.120524,0,0
lqr_pt_2602_hotel,gazebo_map2_straight_tracking,1,1,ros_live,gazebo,1788402234.712865,0.879057,0.008187,0.018992,0.999000,0.020000,0.000000,20,0.000000,0.018992,0.000000,0.000000,0.120524,0,0
lqr_pt_2602_hotel,gazebo_map2_straight_tracking,1,1,ros_live,gazebo,1788402234.762722,0.879057,0.008187,0.018994,0.999000,0.020000,0.000000,20,0.000000,0.018994,0.000000,0.000000,0.120524,0,0
lqr_pt_2602_hotel,gazebo_map2_straight_tracking,1,1,ros_live,gazebo,1788402234.812725,0.879057,0.008187,0.018992,0.999000,0.020000,0.000000,20,0.000000,0.018992,0.000000,0.000000,0.120524,0,0
lqr_pt_2602_hotel,gazebo_map2_straight_tracking,1,1,ros_live,gazebo,1788402234.862576,0.879057,0.008187,0.018988,0.999000,0.020000,0.000000,20,0.000000,0.018988,0.000000,0.000000,0.120524,0,0
lqr_pt_2602_hotel,gazebo_map2_straight_tracking,1,1,ros_live,gazebo,1788402234.912869,0.879057,0.008187,0.018986,0.999000,0.020000,0.000000,20,0.000000,0.018986,0.000000,0.000000,0.120524,0,0
lqr_pt_2602_hotel,gazebo_map2_straight_tracking,1,1,ros_live,gazebo,1788402234.962510,0.879057,0.008187,0.018986,0.999000,0.020000,0.000000,20,0.000000,0.018986,0.000000,0.000000,0.120524,0,0
lqr_pt_2602_hotel,gazebo_map2_straight_tracking,1,1,ros_live,gazebo,1788402235.012553,0.879057,0.008187,0.018984,0.999000,0.020000,0.000000,20,0.000000,0.018984,0.000000,0.000000,0.120524,0,0
lqr_pt_2602_hotel,gazebo_map2_straight_tracking,1,1,ros_live,gazebo,1788402235.062351,0.879057,0.008187,0.018983,0.999000,0.020000,0.000000,20,0.000000,0.018983,0.000000,0.000000,0.120524,0,0
lqr_pt_2602_hotel,gazebo_map2_straight_tracking,1,1,ros_live,gazebo,1788402235.112579,0.879057,0.008187,0.018985,0.999000,0.020000,0.000000,20,0.000000,0.018985,0.000000,0.000000,0.120524,0,0
lqr_pt_2602_hotel,gazebo_map2_straight_tracking,1,1,ros_live,gazebo,1788402235.162513,0.879057,0.008187,0.018984,0.999000,0.020000,0.000000,20,0.000000,0.018984,0.000000,0.000000,0.120524,0,0
lqr_pt_2602_hotel,gazebo_map2_straight_tracking,1,1,ros_live,gazebo,1788402235.212642,0.879057,0.008187,0.018983,0.999000,0.020000,0.000000,20,0.000000,0.018983,0.000000,0.000000,0.120524,0,0
lqr_pt_2602_hotel,gazebo_map2_straight_tracking,1,1,ros_live,gazebo,1788402235.262831,0.879057,0.008187,0.018980,0.999000,0.020000,0.000000,20,0.000000,0.018980,0.000000,0.000000,0.120524,0,0
lqr_pt_2602_hotel,gazebo_map2_straight_tracking,1,1,ros_live,gazebo,1788402235.312756,0.879057,0.008187,0.018979,0.999000,0.020000,0.000000,20,0.000000,0.018979,0.000000,0.000000,0.120524,0,0
lqr_pt_2602_hotel,gazebo_map2_straight_tracking,1,1,ros_live,gazebo,1788402235.362934,0.879057,0.008187,0.018983,0.999000,0.020000,0.000000,20,0.000000,0.018983,0.000000,0.000000,0.120524,0,0
lqr_pt_2602_hotel,gazebo_map2_straight_tracking,1,1,ros_live,gazebo,1788402235.412361,0.879057,0.008187,0.018987,0.999000,0.020000,0.000000,20,0.000000,0.018987,0.000000,0.000000,0.120524,0,0
lqr_pt_2602_hotel,gazebo_map2_straight_tracking,1,1,ros_live,gazebo,1788402235.463094,0.879057,0.008187,0.018988,0.999000,0.020000,0.000000,20,0.000000,0.018988,0.000000,0.000000,0.120524,0,0
lqr_pt_2602_hotel,gazebo_map2_straight_tracking,1,1,ros_live,gazebo,1788402235.512574,0.879057,0.008187,0.018984,0.999000,0.020000,0.000000,20,0.000000,0.018984,0.000000,0.000000,0.120524,0,0
lqr_pt_2602_hotel,gazebo_map2_straight_tracking,1,1,ros_live,gazebo,1788402235.562505,0.879057,0.008187,0.018985,0.999000,0.020000,0.000000,20,0.000000,0.018985,0.000000,0.000000,0.120524,0,0
lqr_pt_2602_hotel,gazebo_map2_straight_tracking,1,1,ros_live,gazebo,1788402235.612599,0.879057,0.008187,0.018992,0.999000,0.020000,0.000000,20,0.000000,0.018992,0.000000,0.000000,0.120524,0,0
lqr_pt_2602_hotel,gazebo_map2_straight_tracking,1,1,ros_live,gazebo,1788402235.662587,0.879057,0.008187,0.018995,0.999000,0.020000,0.000000,20,0.000000,0.018995,0.000000,0.000000,0.120524,0,0
lqr_pt_2602_hotel,gazebo_map2_straight_tracking,1,1,ros_live,gazebo,1788402235.713259,0.879057,0.008187,0.018996,0.999000,0.020000,0.000000,20,0.000000,0.018996,0.000000,0.000000,0.120524,0,0
lqr_pt_2602_hotel,gazebo_map2_straight_tracking,1,1,ros_live,gazebo,1788402235.762594,0.879057,0.008187,0.018994,0.999000,0.020000,0.000000,20,0.000000,0.018994,0.000000,0.000000,0.120524,0,0
lqr_pt_2602_hotel,gazebo_map2_straight_tracking,1,1,ros_live,gazebo,1788402235.812868,0.879057,0.008187,0.018991,0.999000,0.020000,0.000000,20,0.000000,0.018991,0.000000,0.000000,0.120524,0,0
lqr_pt_2602_hotel,gazebo_map2_straight_tracking,1,1,ros_live,gazebo,1788402235.862470,0.879057,0.008187,0.018988,0.999000,0.020000,0.000000,20,0.000000,0.018988,0.000000,0.000000,0.120524,0,0
lqr_pt_2602_hotel,gazebo_map2_straight_tracking,1,1,ros_live,gazebo,1788402235.912539,0.879057,0.008187,0.018987,0.999000,0.020000,0.000000,20,0.000000,0.018987,0.000000,0.000000,0.120524,0,0
lqr_pt_2602_hotel,gazebo_map2_straight_tracking,1,1,ros_live,gazebo,1788402235.962464,0.879057,0.008187,0.018984,0.999000,0.020000,0.000000,20,0.000000,0.018984,0.000000,0.000000,0.120524,0,0
lqr_pt_2602_hotel,gazebo_map2_straight_tracking,1,1,ros_live,gazebo,1788402236.012427,0.879057,0.008187,0.018981,0.999000,0.020000,0.000000,20,0.000000,0.018981,0.000000,0.000000,0.120524,0,0
lqr_pt_2602_hotel,gazebo_map2_straight_tracking,1,1,ros_live,gazebo,1788402236.062788,0.879057,0.008187,0.018981,0.999000,0.020000,0.000000,20,0.000000,0.018981,0.000000,0.000000,0.120524,0,0
lqr_pt_2602_hotel,gazebo_map2_straight_tracking,1,1,ros_live,gazebo,1788402236.112570,0.879057,0.008187,0.018972,0.999000,0.020000,0.000000,20,0.000000,0.018972,0.000000,0.000000,0.120524,0,0
lqr_pt_2602_hotel,gazebo_map2_straight_tracking,1,1,ros_live,gazebo,1788402236.162984,0.879057,0.008187,0.018973,0.999000,0.020000,0.000000,20,0.000000,0.018973,0.000000,0.000000,0.120524,0,0
lqr_pt_2602_hotel,gazebo_map2_straight_tracking,1,1,ros_live,gazebo,1788402236.212463,0.879057,0.008187,0.018972,0.999000,0.020000,0.000000,20,0.000000,0.018972,0.000000,0.000000,0.120524,0,0
lqr_pt_2602_hotel,gazebo_map2_straight_tracking,1,1,ros_live,gazebo,1788402236.262831,0.879057,0.008187,0.018972,0.999000,0.020000,0.000000,20,0.000000,0.018972,0.000000,0.000000,0.120524,0,0
lqr_pt_2602_hotel,gazebo_map2_straight_tracking,1,1,ros_live,gazebo,1788402236.312470,0.879057,0.008187,0.018970,0.999000,0.020000,0.000000,20,0.000000,0.018970,0.000000,0.000000,0.120524,0,0
lqr_pt_2602_hotel,gazebo_map2_straight_tracking,1,1,ros_live,gazebo,1788402236.362512,0.879057,0.008187,0.018971,0.999000,0.020000,0.000000,20,0.000000,0.018971,0.000000,0.000000,0.120524,0,0
lqr_pt_2602_hotel,gazebo_map2_straight_tracking,1,1,ros_live,gazebo,1788402236.412387,0.879057,0.008187,0.018976,0.999000,0.020000,0.000000,20,0.000000,0.018976,0.000000,0.000000,0.120524,0,0
lqr_pt_2602_hotel,gazebo_map2_straight_tracking,1,1,ros_live,gazebo,1788402236.462687,0.879057,0.008187,0.018972,0.999000,0.020000,0.000000,20,0.000000,0.018972,0.000000,0.000000,0.120524,0,0
lqr_pt_2602_hotel,gazebo_map2_straight_tracking,1,1,ros_live,gazebo,1788402236.512604,0.879057,0.008187,0.018969,0.999000,0.020000,0.000000,20,0.000000,0.018969,0.000000,0.000000,0.120524,0,0
lqr_pt_2602_hotel,gazebo_map2_straight_tracking,1,1,ros_live,gazebo,1788402236.562578,0.879057,0.008187,0.018968,0.999000,0.020000,0.000000,20,0.000000,0.018968,0.000000,0.000000,0.120524,0,0
lqr_pt_2602_hotel,gazebo_map2_straight_tracking,1,1,ros_live,gazebo,1788402236.612518,0.879057,0.008187,0.018971,0.999000,0.020000,0.000000,20,0.000000,0.018971,0.000000,0.000000,0.120524,0,0
lqr_pt_2602_hotel,gazebo_map2_straight_tracking,1,1,ros_live,gazebo,1788402236.662750,0.879057,0.008187,0.018974,0.999000,0.020000,0.000000,20,0.000000,0.018974,0.000000,0.000000,0.120524,0,0
lqr_pt_2602_hotel,gazebo_map2_straight_tracking,1,1,ros_live,gazebo,1788402236.712487,0.879057,0.008187,0.018975,0.999000,0.020000,0.000000,20,0.000000,0.018975,0.000000,0.000000,0.120524,0,0
lqr_pt_2602_hotel,gazebo_map2_straight_tracking,1,1,ros_live,gazebo,1788402236.762756,0.879057,0.008187,0.018980,0.999000,0.020000,0.000000,20,0.000000,0.018980,0.000000,0.000000,0.120524,0,0
lqr_pt_2602_hotel,gazebo_map2_straight_tracking,1,1,ros_live,gazebo,1788402236.812850,0.879057,0.008187,0.018982,0.999000,0.020000,0.000000,20,0.000000,0.018982,0.000000,0.000000,0.120524,0,0
lqr_pt_2602_hotel,gazebo_map2_straight_tracking,1,1,ros_live,gazebo,1788402236.862594,0.879057,0.008187,0.018987,0.999000,0.020000,0.000000,20,0.000000,0.018987,0.000000,0.000000,0.120524,0,0
lqr_pt_2602_hotel,gazebo_map2_straight_tracking,1,1,ros_live,gazebo,1788402236.912840,0.879057,0.008187,0.018982,0.999000,0.020000,0.000000,20,0.000000,0.018982,0.000000,0.000000,0.120524,0,0
lqr_pt_2602_hotel,gazebo_map2_straight_tracking,1,1,ros_live,gazebo,1788402236.962773,0.879057,0.008187,0.018982,0.999000,0.020000,0.000000,20,0.000000,0.018982,0.000000,0.000000,0.120524,0,0
lqr_pt_2602_hotel,gazebo_map2_straight_tracking,1,1,ros_live,gazebo,1788402237.012707,0.879057,0.008187,0.018985,0.999000,0.020000,0.000000,20,0.000000,0.018985,0.000000,0.000000,0.120524,0,0
lqr_pt_2602_hotel,gazebo_map2_straight_tracking,1,1,ros_live,gazebo,1788402237.062677,0.879057,0.008187,0.018986,0.999000,0.020000,0.000000,20,0.000000,0.018986,0.000000,0.000000,0.120524,0,0
lqr_pt_2602_hotel,gazebo_map2_straight_tracking,1,1,ros_live,gazebo,1788402237.112493,0.879057,0.008187,0.018990,0.999000,0.020000,0.000000,20,0.000000,0.018990,0.000000,0.000000,0.120524,0,0
lqr_pt_2602_hotel,gazebo_map2_straight_tracking,1,1,ros_live,gazebo,1788402237.162476,0.879057,0.008187,0.018989,0.999000,0.020000,0.000000,20,0.000000,0.018989,0.000000,0.000000,0.120524,0,0
lqr_pt_2602_hotel,gazebo_map2_straight_tracking,1,1,ros_live,gazebo,1788402237.213124,0.879057,0.008187,0.018989,0.999000,0.020000,0.000000,20,0.000000,0.018989,0.000000,0.000000,0.120524,0,0
lqr_pt_2602_hotel,gazebo_map2_straight_tracking,1,1,ros_live,gazebo,1788402237.262480,0.879057,0.008187,0.018992,0.999000,0.020000,0.000000,20,0.000000,0.018992,0.000000,0.000000,0.120524,0,0
lqr_pt_2602_hotel,gazebo_map2_straight_tracking,1,1,ros_live,gazebo,1788402237.312575,0.879057,0.008187,0.018991,0.999000,0.020000,0.000000,20,0.000000,0.018991,0.000000,0.000000,0.120524,0,0
lqr_pt_2602_hotel,gazebo_map2_straight_tracking,1,1,ros_live,gazebo,1788402237.362564,0.879057,0.008187,0.018986,0.999000,0.020000,0.000000,20,0.000000,0.018986,0.000000,0.000000,0.120524,0,0
lqr_pt_2602_hotel,gazebo_map2_straight_tracking,1,1,ros_live,gazebo,1788402237.412571,0.879057,0.008187,0.018988,0.999000,0.020000,0.000000,20,0.000000,0.018988,0.000000,0.000000,0.120524,0,0
lqr_pt_2602_hotel,gazebo_map2_straight_tracking,1,1,ros_live,gazebo,1788402237.462493,0.879057,0.008187,0.018987,0.999000,0.020000,0.000000,20,0.000000,0.018987,0.000000,0.000000,0.120524,0,0
lqr_pt_2602_hotel,gazebo_map2_straight_tracking,1,1,ros_live,gazebo,1788402237.512593,0.879057,0.008187,0.018988,0.999000,0.020000,0.000000,20,0.000000,0.018988,0.000000,0.000000,0.120524,0,0
lqr_pt_2602_hotel,gazebo_map2_straight_tracking,1,1,ros_live,gazebo,1788402237.562441,0.879057,0.008187,0.018985,0.999000,0.020000,0.000000,20,0.000000,0.018985,0.000000,0.000000,0.120524,0,0
lqr_pt_2602_hotel,gazebo_map2_straight_tracking,1,1,ros_live,gazebo,1788402237.612765,0.879057,0.008187,0.018986,0.999000,0.020000,0.000000,20,0.000000,0.018986,0.000000,0.000000,0.120524,0,0
lqr_pt_2602_hotel,gazebo_map2_straight_tracking,1,1,ros_live,gazebo,1788402237.662683,0.879057,0.008187,0.018982,0.999000,0.020000,0.000000,20,0.000000,0.018982,0.000000,0.000000,0.120524,0,0
lqr_pt_2602_hotel,gazebo_map2_straight_tracking,1,1,ros_live,gazebo,1788402237.712783,0.879057,0.008187,0.018983,0.999000,0.020000,0.000000,20,0.000000,0.018983,0.000000,0.000000,0.120524,0,0
lqr_pt_2602_hotel,gazebo_map2_straight_tracking,1,1,ros_live,gazebo,1788402237.762367,0.879057,0.008187,0.018981,0.999000,0.020000,0.000000,20,0.000000,0.018981,0.000000,0.000000,0.120524,0,0
lqr_pt_2602_hotel,gazebo_map2_straight_tracking,1,1,ros_live,gazebo,1788402237.812871,0.879057,0.008187,0.018983,0.999000,0.020000,0.000000,20,0.000000,0.018983,0.000000,0.000000,0.120524,0,0
lqr_pt_2602_hotel,gazebo_map2_straight_tracking,1,1,ros_live,gazebo,1788402237.862487,0.879057,0.008187,0.018982,0.999000,0.020000,0.000000,20,0.000000,0.018982,0.000000,0.000000,0.120524,0,0
lqr_pt_2602_hotel,gazebo_map2_straight_tracking,1,1,ros_live,gazebo,1788402237.912596,0.879057,0.008187,0.018986,0.999000,0.020000,0.000000,20,0.000000,0.018986,0.000000,0.000000,0.120524,0,0
lqr_pt_2602_hotel,gazebo_map2_straight_tracking,1,1,ros_live,gazebo,1788402237.962539,0.879057,0.008187,0.018984,0.999000,0.020000,0.000000,20,0.000000,0.018984,0.000000,0.000000,0.120524,0,0
lqr_pt_2602_hotel,gazebo_map2_straight_tracking,1,1,ros_live,gazebo,1788402238.012580,0.879057,0.008187,0.018977,0.999000,0.020000,0.000000,20,0.000000,0.018977,0.000000,0.000000,0.120524,0,0
lqr_pt_2602_hotel,gazebo_map2_straight_tracking,1,1,ros_live,gazebo,1788402238.062567,0.879057,0.008187,0.018977,0.999000,0.020000,0.000000,20,0.000000,0.018977,0.000000,0.000000,0.120524,0,0
lqr_pt_2602_hotel,gazebo_map2_straight_tracking,1,1,ros_live,gazebo,1788402238.112554,0.879057,0.008187,0.018979,0.999000,0.020000,0.000000,20,0.000000,0.018979,0.000000,0.000000,0.120524,0,0
lqr_pt_2602_hotel,gazebo_map2_straight_tracking,1,1,ros_live,gazebo,1788402238.162491,0.879057,0.008187,0.018980,0.999000,0.020000,0.000000,20,0.000000,0.018980,0.000000,0.000000,0.120524,0,0
lqr_pt_2602_hotel,gazebo_map2_straight_tracking,1,1,ros_live,gazebo,1788402238.212763,0.879057,0.008187,0.018979,0.999000,0.020000,0.000000,20,0.000000,0.018979,0.000000,0.000000,0.120524,0,0
lqr_pt_2602_hotel,gazebo_map2_straight_tracking,1,1,ros_live,gazebo,1788402238.262867,0.879057,0.008187,0.018982,0.999000,0.020000,0.000000,20,0.000000,0.018982,0.000000,0.000000,0.120524,0,0
lqr_pt_2602_hotel,gazebo_map2_straight_tracking,1,1,ros_live,gazebo,1788402238.312420,0.879057,0.008187,0.018981,0.999000,0.020000,0.000000,20,0.000000,0.018981,0.000000,0.000000,0.120524,0,0
lqr_pt_2602_hotel,gazebo_map2_straight_tracking,1,1,ros_live,gazebo,1788402238.362496,0.879057,0.008187,0.018981,0.999000,0.020000,0.000000,20,0.000000,0.018981,0.000000,0.000000,0.120524,0,0
lqr_pt_2602_hotel,gazebo_map2_straight_tracking,1,1,ros_live,gazebo,1788402238.412596,0.879057,0.008187,0.018980,0.999000,0.020000,0.000000,20,0.000000,0.018980,0.000000,0.000000,0.120524,0,0
lqr_pt_2602_hotel,gazebo_map2_straight_tracking,1,1,ros_live,gazebo,1788402238.462617,0.879057,0.008187,0.018975,0.999000,0.020000,0.000000,20,0.000000,0.018975,0.000000,0.000000,0.120524,0,0
lqr_pt_2602_hotel,gazebo_map2_straight_tracking,1,1,ros_live,gazebo,1788402238.512475,0.879057,0.008187,0.018978,0.999000,0.020000,0.000000,20,0.000000,0.018978,0.000000,0.000000,0.120524,0,0
lqr_pt_2602_hotel,gazebo_map2_straight_tracking,1,1,ros_live,gazebo,1788402238.562759,0.879057,0.008187,0.018977,0.999000,0.020000,0.000000,20,0.000000,0.018977,0.000000,0.000000,0.120524,0,0
lqr_pt_2602_hotel,gazebo_map2_straight_tracking,1,1,ros_live,gazebo,1788402238.612431,0.879057,0.008187,0.018980,0.999000,0.020000,0.000000,20,0.000000,0.018980,0.000000,0.000000,0.120524,0,0
lqr_pt_2602_hotel,gazebo_map2_straight_tracking,1,1,ros_live,gazebo,1788402238.662488,0.879057,0.008187,0.018984,0.999000,0.020000,0.000000,20,0.000000,0.018984,0.000000,0.000000,0.120524,0,0
lqr_pt_2602_hotel,gazebo_map2_straight_tracking,1,1,ros_live,gazebo,1788402238.712522,0.879057,0.008187,0.018989,0.999000,0.020000,0.000000,20,0.000000,0.018989,0.000000,0.000000,0.120524,0,0
lqr_pt_2602_hotel,gazebo_map2_straight_tracking,1,1,ros_live,gazebo,1788402238.762592,0.879057,0.008187,0.018986,0.999000,0.020000,0.000000,20,0.000000,0.018986,0.000000,0.000000,0.120524,0,0
lqr_pt_2602_hotel,gazebo_map2_straight_tracking,1,1,ros_live,gazebo,1788402238.813173,0.879057,0.008187,0.018990,0.999000,0.020000,0.000000,20,0.000000,0.018990,0.000000,0.000000,0.120524,0,0
lqr_pt_2602_hotel,gazebo_map2_straight_tracking,1,1,ros_live,gazebo,1788402238.862599,0.879057,0.008187,0.018989,0.999000,0.020000,0.000000,20,0.000000,0.018989,0.000000,0.000000,0.120524,0,0
lqr_pt_2602_hotel,gazebo_map2_straight_tracking,1,1,ros_live,gazebo,1788402238.912486,0.879057,0.008187,0.018990,0.999000,0.020000,0.000000,20,0.000000,0.018990,0.000000,0.000000,0.120524,0,0
lqr_pt_2602_hotel,gazebo_map2_straight_tracking,1,1,ros_live,gazebo,1788402238.962496,0.879057,0.008187,0.018991,0.999000,0.020000,0.000000,20,0.000000,0.018991,0.000000,0.000000,0.120524,0,0
lqr_pt_2602_hotel,gazebo_map2_straight_tracking,1,1,ros_live,gazebo,1788402239.012444,0.879057,0.008187,0.018993,0.999000,0.020000,0.000000,20,0.000000,0.018993,0.000000,0.000000,0.120524,0,0
lqr_pt_2602_hotel,gazebo_map2_straight_tracking,1,1,ros_live,gazebo,1788402239.062459,0.879057,0.008187,0.018992,0.999000,0.020000,0.000000,20,0.000000,0.018992,0.000000,0.000000,0.120524,0,0
lqr_pt_2602_hotel,gazebo_map2_straight_tracking,1,1,ros_live,gazebo,1788402239.112436,0.879057,0.008187,0.018991,0.999000,0.020000,0.000000,20,0.000000,0.018991,0.000000,0.000000,0.120524,0,0
lqr_pt_2602_hotel,gazebo_map2_straight_tracking,1,1,ros_live,gazebo,1788402239.162741,0.879057,0.008187,0.018995,0.999000,0.020000,0.000000,20,0.000000,0.018995,0.000000,0.000000,0.120524,0,0
lqr_pt_2602_hotel,gazebo_map2_straight_tracking,1,1,ros_live,gazebo,1788402239.212521,0.879057,0.008187,0.018998,0.999000,0.020000,0.000000,20,0.000000,0.018998,0.000000,0.000000,0.120524,0,0
lqr_pt_2602_hotel,gazebo_map2_straight_tracking,1,1,ros_live,gazebo,1788402239.262584,0.879057,0.008187,0.018995,0.999000,0.020000,0.000000,20,0.000000,0.018995,0.000000,0.000000,0.120524,0,0
lqr_pt_2602_hotel,gazebo_map2_straight_tracking,1,1,ros_live,gazebo,1788402239.312584,0.879057,0.008187,0.018993,0.999000,0.020000,0.000000,20,0.000000,0.018993,0.000000,0.000000,0.120524,0,0
lqr_pt_2602_hotel,gazebo_map2_straight_tracking,1,1,ros_live,gazebo,1788402239.362634,0.879057,0.008187,0.018995,0.999000,0.020000,0.000000,20,0.000000,0.018995,0.000000,0.000000,0.120524,0,0
lqr_pt_2602_hotel,gazebo_map2_straight_tracking,1,1,ros_live,gazebo,1788402239.412837,0.879057,0.008187,0.018995,0.999000,0.020000,0.000000,20,0.000000,0.018995,0.000000,0.000000,0.120524,0,0
lqr_pt_2602_hotel,gazebo_map2_straight_tracking,1,1,ros_live,gazebo,1788402239.462672,0.879057,0.008187,0.018992,0.999000,0.020000,0.000000,20,0.000000,0.018992,0.000000,0.000000,0.120524,0,0
lqr_pt_2602_hotel,gazebo_map2_straight_tracking,1,1,ros_live,gazebo,1788402239.512700,0.879057,0.008187,0.018996,0.999000,0.020000,0.000000,20,0.000000,0.018996,0.000000,0.000000,0.120524,0,0
lqr_pt_2602_hotel,gazebo_map2_straight_tracking,1,1,ros_live,gazebo,1788402239.562404,0.879057,0.008187,0.018996,0.999000,0.020000,0.000000,20,0.000000,0.018996,0.000000,0.000000,0.120524,0,0
lqr_pt_2602_hotel,gazebo_map2_straight_tracking,1,1,ros_live,gazebo,1788402239.612340,0.879057,0.008187,0.018997,0.999000,0.020000,0.000000,20,0.000000,0.018997,0.000000,0.000000,0.120524,0,0
lqr_pt_2602_hotel,gazebo_map2_straight_tracking,1,1,ros_live,gazebo,1788402239.662564,0.879057,0.008187,0.018999,0.999000,0.020000,0.000000,20,0.000000,0.018999,0.000000,0.000000,0.120524,0,0
lqr_pt_2602_hotel,gazebo_map2_straight_tracking,1,1,ros_live,gazebo,1788402239.712594,0.879057,0.008187,0.019000,0.999000,0.020000,0.000000,20,0.000000,0.019000,0.000000,0.000000,0.120524,0,0
lqr_pt_2602_hotel,gazebo_map2_straight_tracking,1,1,ros_live,gazebo,1788402239.762763,0.879057,0.008187,0.019006,0.999000,0.020000,0.000000,20,0.000000,0.019006,0.000000,0.000000,0.120524,0,0
lqr_pt_2602_hotel,gazebo_map2_straight_tracking,1,1,ros_live,gazebo,1788402239.812802,0.879057,0.008187,0.018999,0.999000,0.020000,0.000000,20,0.000000,0.018999,0.000000,0.000000,0.120524,0,0
lqr_pt_2602_hotel,gazebo_map2_straight_tracking,1,1,ros_live,gazebo,1788402239.863249,0.879057,0.008187,0.018992,0.999000,0.020000,0.000000,20,0.000000,0.018992,0.000000,0.000000,0.120524,0,0
lqr_pt_2602_hotel,gazebo_map2_straight_tracking,1,1,ros_live,gazebo,1788402239.912878,0.879057,0.008187,0.018990,0.999000,0.020000,0.000000,20,0.000000,0.018990,0.000000,0.000000,0.120524,0,0
lqr_pt_2602_hotel,gazebo_map2_straight_tracking,1,1,ros_live,gazebo,1788402239.962474,0.879057,0.008187,0.018988,0.999000,0.020000,0.000000,20,0.000000,0.018988,0.000000,0.000000,0.120524,0,0
lqr_pt_2602_hotel,gazebo_map2_straight_tracking,1,1,ros_live,gazebo,1788402240.012756,0.879057,0.008187,0.018986,0.999000,0.020000,0.000000,20,0.000000,0.018986,0.000000,0.000000,0.120524,0,0
lqr_pt_2602_hotel,gazebo_map2_straight_tracking,1,1,ros_live,gazebo,1788402240.062477,0.879057,0.008187,0.018988,0.999000,0.020000,0.000000,20,0.000000,0.018988,0.000000,0.000000,0.120524,0,0
lqr_pt_2602_hotel,gazebo_map2_straight_tracking,1,1,ros_live,gazebo,1788402240.112786,0.879057,0.008187,0.018992,0.999000,0.020000,0.000000,20,0.000000,0.018992,0.000000,0.000000,0.120524,0,0
lqr_pt_2602_hotel,gazebo_map2_straight_tracking,1,1,ros_live,gazebo,1788402240.162636,0.879057,0.008187,0.018992,0.999000,0.020000,0.000000,20,0.000000,0.018992,0.000000,0.000000,0.120524,0,0
lqr_pt_2602_hotel,gazebo_map2_straight_tracking,1,1,ros_live,gazebo,1788402240.213172,0.879057,0.008187,0.018994,0.999000,0.020000,0.000000,20,0.000000,0.018994,0.000000,0.000000,0.120524,0,0
lqr_pt_2602_hotel,gazebo_map2_straight_tracking,1,1,ros_live,gazebo,1788402240.262434,0.879057,0.008187,0.018986,0.999000,0.020000,0.000000,20,0.000000,0.018986,0.000000,0.000000,0.120524,0,0
lqr_pt_2602_hotel,gazebo_map2_straight_tracking,1,1,ros_live,gazebo,1788402240.312493,0.879057,0.008187,0.018984,0.999000,0.020000,0.000000,20,0.000000,0.018984,0.000000,0.000000,0.120524,0,0
lqr_pt_2602_hotel,gazebo_map2_straight_tracking,1,1,ros_live,gazebo,1788402240.362682,0.879057,0.008187,0.018993,0.999000,0.020000,0.000000,20,0.000000,0.018993,0.000000,0.000000,0.120524,0,0
lqr_pt_2602_hotel,gazebo_map2_straight_tracking,1,1,ros_live,gazebo,1788402240.412486,0.879057,0.008187,0.018994,0.999000,0.020000,0.000000,20,0.000000,0.018994,0.000000,0.000000,0.120524,0,0
lqr_pt_2602_hotel,gazebo_map2_straight_tracking,1,1,ros_live,gazebo,1788402240.462579,0.879057,0.008187,0.018997,0.999000,0.020000,0.000000,20,0.000000,0.018997,0.000000,0.000000,0.120524,0,0
lqr_pt_2602_hotel,gazebo_map2_straight_tracking,1,1,ros_live,gazebo,1788402240.512473,0.879057,0.008187,0.018997,0.999000,0.020000,0.000000,20,0.000000,0.018997,0.000000,0.000000,0.120524,0,0
lqr_pt_2602_hotel,gazebo_map2_straight_tracking,1,1,ros_live,gazebo,1788402240.562743,0.879057,0.008187,0.018998,0.999000,0.020000,0.000000,20,0.000000,0.018998,0.000000,0.000000,0.120524,0,0
lqr_pt_2602_hotel,gazebo_map2_straight_tracking,1,1,ros_live,gazebo,1788402240.612863,0.879057,0.008187,0.019003,0.999000,0.020000,0.000000,20,0.000000,0.019003,0.000000,0.000000,0.120524,0,0
lqr_pt_2602_hotel,gazebo_map2_straight_tracking,1,1,ros_live,gazebo,1788402240.662620,0.879057,0.008187,0.019003,0.999000,0.020000,0.000000,20,0.000000,0.019003,0.000000,0.000000,0.120524,0,0
lqr_pt_2602_hotel,gazebo_map2_straight_tracking,1,1,ros_live,gazebo,1788402240.712845,0.879057,0.008187,0.019005,0.999000,0.020000,0.000000,20,0.000000,0.019005,0.000000,0.000000,0.120524,0,0
lqr_pt_2602_hotel,gazebo_map2_straight_tracking,1,1,ros_live,gazebo,1788402240.762588,0.879057,0.008187,0.019000,0.999000,0.020000,0.000000,20,0.000000,0.019000,0.000000,0.000000,0.120524,0,0
lqr_pt_2602_hotel,gazebo_map2_straight_tracking,1,1,ros_live,gazebo,1788402240.812847,0.879057,0.008187,0.018998,0.999000,0.020000,0.000000,20,0.000000,0.018998,0.000000,0.000000,0.120524,0,0
lqr_pt_2602_hotel,gazebo_map2_straight_tracking,1,1,ros_live,gazebo,1788402240.862401,0.879057,0.008187,0.018996,0.999000,0.020000,0.000000,20,0.000000,0.018996,0.000000,0.000000,0.120524,0,0
lqr_pt_2602_hotel,gazebo_map2_straight_tracking,1,1,ros_live,gazebo,1788402240.912890,0.879057,0.008187,0.018997,0.999000,0.020000,0.000000,20,0.000000,0.018997,0.000000,0.000000,0.120524,0,0
lqr_pt_2602_hotel,gazebo_map2_straight_tracking,1,1,ros_live,gazebo,1788402240.962891,0.879057,0.008187,0.019000,0.999000,0.020000,0.000000,20,0.000000,0.019000,0.000000,0.000000,0.120524,0,0
lqr_pt_2602_hotel,gazebo_map2_straight_tracking,1,1,ros_live,gazebo,1788402241.012509,0.879057,0.008187,0.019002,0.999000,0.020000,0.000000,20,0.000000,0.019002,0.000000,0.000000,0.120524,0,0
lqr_pt_2602_hotel,gazebo_map2_straight_tracking,1,1,ros_live,gazebo,1788402241.062584,0.879057,0.008187,0.018998,0.999000,0.020000,0.000000,20,0.000000,0.018998,0.000000,0.000000,0.120524,0,0
lqr_pt_2602_hotel,gazebo_map2_straight_tracking,1,1,ros_live,gazebo,1788402241.112468,0.879057,0.008187,0.018994,0.999000,0.020000,0.000000,20,0.000000,0.018994,0.000000,0.000000,0.120524,0,0
lqr_pt_2602_hotel,gazebo_map2_straight_tracking,1,1,ros_live,gazebo,1788402241.162750,0.879057,0.008187,0.018993,0.999000,0.020000,0.000000,20,0.000000,0.018993,0.000000,0.000000,0.120524,0,0
lqr_pt_2602_hotel,gazebo_map2_straight_tracking,1,1,ros_live,gazebo,1788402241.212456,0.879057,0.008187,0.018992,0.999000,0.020000,0.000000,20,0.000000,0.018992,0.000000,0.000000,0.120524,0,0
lqr_pt_2602_hotel,gazebo_map2_straight_tracking,1,1,ros_live,gazebo,1788402241.262583,0.879057,0.008187,0.018991,0.999000,0.020000,0.000000,20,0.000000,0.018991,0.000000,0.000000,0.120524,0,0
lqr_pt_2602_hotel,gazebo_map2_straight_tracking,1,1,ros_live,gazebo,1788402241.312555,0.879057,0.008187,0.018994,0.999000,0.020000,0.000000,20,0.000000,0.018994,0.000000,0.000000,0.120524,0,0
lqr_pt_2602_hotel,gazebo_map2_straight_tracking,1,1,ros_live,gazebo,1788402241.362493,0.879057,0.008187,0.018994,0.999000,0.020000,0.000000,20,0.000000,0.018994,0.000000,0.000000,0.120524,0,0
lqr_pt_2602_hotel,gazebo_map2_straight_tracking,1,1,ros_live,gazebo,1788402241.412495,0.879057,0.008187,0.018988,0.999000,0.020000,0.000000,20,0.000000,0.018988,0.000000,0.000000,0.120524,0,0
lqr_pt_2602_hotel,gazebo_map2_straight_tracking,1,1,ros_live,gazebo,1788402241.462428,0.879057,0.008187,0.018992,0.999000,0.020000,0.000000,20,0.000000,0.018992,0.000000,0.000000,0.120524,0,0
lqr_pt_2602_hotel,gazebo_map2_straight_tracking,1,1,ros_live,gazebo,1788402241.512501,0.879057,0.008187,0.018983,0.999000,0.020000,0.000000,20,0.000000,0.018983,0.000000,0.000000,0.120524,0,0
lqr_pt_2602_hotel,gazebo_map2_straight_tracking,1,1,ros_live,gazebo,1788402241.562395,0.879057,0.008187,0.018981,0.999000,0.020000,0.000000,20,0.000000,0.018981,0.000000,0.000000,0.120524,0,0
lqr_pt_2602_hotel,gazebo_map2_straight_tracking,1,1,ros_live,gazebo,1788402241.612350,0.879057,0.008187,0.018982,0.999000,0.020000,0.000000,20,0.000000,0.018982,0.000000,0.000000,0.120524,0,0
lqr_pt_2602_hotel,gazebo_map2_straight_tracking,1,1,ros_live,gazebo,1788402241.662516,0.879057,0.008187,0.018985,0.999000,0.020000,0.000000,20,0.000000,0.018985,0.000000,0.000000,0.120524,0,0
lqr_pt_2602_hotel,gazebo_map2_straight_tracking,1,1,ros_live,gazebo,1788402241.712507,0.879057,0.008187,0.018985,0.999000,0.020000,0.000000,20,0.000000,0.018985,0.000000,0.000000,0.120524,0,0
lqr_pt_2602_hotel,gazebo_map2_straight_tracking,1,1,ros_live,gazebo,1788402241.762548,0.879057,0.008187,0.018984,0.999000,0.020000,0.000000,20,0.000000,0.018984,0.000000,0.000000,0.120524,0,0
lqr_pt_2602_hotel,gazebo_map2_straight_tracking,1,1,ros_live,gazebo,1788402241.812487,0.879057,0.008187,0.018981,0.999000,0.020000,0.000000,20,0.000000,0.018981,0.000000,0.000000,0.120524,0,0
lqr_pt_2602_hotel,gazebo_map2_straight_tracking,1,1,ros_live,gazebo,1788402241.862816,0.879057,0.008187,0.018985,0.999000,0.020000,0.000000,20,0.000000,0.018985,0.000000,0.000000,0.120524,0,0
lqr_pt_2602_hotel,gazebo_map2_straight_tracking,1,1,ros_live,gazebo,1788402241.912585,0.879057,0.008187,0.018981,0.999000,0.020000,0.000000,20,0.000000,0.018981,0.000000,0.000000,0.120524,0,0
lqr_pt_2602_hotel,gazebo_map2_straight_tracking,1,1,ros_live,gazebo,1788402241.962423,0.879057,0.008187,0.018979,0.999000,0.020000,0.000000,20,0.000000,0.018979,0.000000,0.000000,0.120524,0,0
lqr_pt_2602_hotel,gazebo_map2_straight_tracking,1,1,ros_live,gazebo,1788402242.012898,0.879057,0.008187,0.018981,0.999000,0.020000,0.000000,20,0.000000,0.018981,0.000000,0.000000,0.120524,0,0
lqr_pt_2602_hotel,gazebo_map2_straight_tracking,1,1,ros_live,gazebo,1788402242.062694,0.879057,0.008187,0.018982,0.999000,0.020000,0.000000,20,0.000000,0.018982,0.000000,0.000000,0.120524,0,0
lqr_pt_2602_hotel,gazebo_map2_straight_tracking,1,1,ros_live,gazebo,1788402242.112793,0.879057,0.008187,0.018980,0.999000,0.020000,0.000000,20,0.000000,0.018980,0.000000,0.000000,0.120524,0,0
lqr_pt_2602_hotel,gazebo_map2_straight_tracking,1,1,ros_live,gazebo,1788402242.162724,0.879057,0.008187,0.018977,0.999000,0.020000,0.000000,20,0.000000,0.018977,0.000000,0.000000,0.120524,0,0
lqr_pt_2602_hotel,gazebo_map2_straight_tracking,1,1,ros_live,gazebo,1788402242.212520,0.879057,0.008187,0.018979,0.999000,0.020000,0.000000,20,0.000000,0.018979,0.000000,0.000000,0.120524,0,0
lqr_pt_2602_hotel,gazebo_map2_straight_tracking,1,1,ros_live,gazebo,1788402242.262457,0.879057,0.008187,0.018979,0.999000,0.020000,0.000000,20,0.000000,0.018979,0.000000,0.000000,0.120524,0,0
lqr_pt_2602_hotel,gazebo_map2_straight_tracking,1,1,ros_live,gazebo,1788402242.312597,0.879057,0.008187,0.018980,0.999000,0.020000,0.000000,20,0.000000,0.018980,0.000000,0.000000,0.120524,0,0
lqr_pt_2602_hotel,gazebo_map2_straight_tracking,1,1,ros_live,gazebo,1788402242.362546,0.879057,0.008187,0.018987,0.999000,0.020000,0.000000,20,0.000000,0.018987,0.000000,0.000000,0.120524,0,0
lqr_pt_2602_hotel,gazebo_map2_straight_tracking,1,1,ros_live,gazebo,1788402242.412551,0.879057,0.008187,0.018991,0.999000,0.020000,0.000000,20,0.000000,0.018991,0.000000,0.000000,0.120524,0,0
lqr_pt_2602_hotel,gazebo_map2_straight_tracking,1,1,ros_live,gazebo,1788402242.462697,0.879057,0.008187,0.018993,0.999000,0.020000,0.000000,20,0.000000,0.018993,0.000000,0.000000,0.120524,0,0
lqr_pt_2602_hotel,gazebo_map2_straight_tracking,1,1,ros_live,gazebo,1788402242.512631,0.879057,0.008187,0.018992,0.999000,0.020000,0.000000,20,0.000000,0.018992,0.000000,0.000000,0.120524,0,0
lqr_pt_2602_hotel,gazebo_map2_straight_tracking,1,1,ros_live,gazebo,1788402242.562632,0.879057,0.008187,0.018990,0.999000,0.020000,0.000000,20,0.000000,0.018990,0.000000,0.000000,0.120524,0,0
lqr_pt_2602_hotel,gazebo_map2_straight_tracking,1,1,ros_live,gazebo,1788402242.612887,0.879057,0.008187,0.018990,0.999000,0.020000,0.000000,20,0.000000,0.018990,0.000000,0.000000,0.120524,0,0
lqr_pt_2602_hotel,gazebo_map2_straight_tracking,1,1,ros_live,gazebo,1788402242.662384,0.879057,0.008187,0.018986,0.999000,0.020000,0.000000,20,0.000000,0.018986,0.000000,0.000000,0.120524,0,0
lqr_pt_2602_hotel,gazebo_map2_straight_tracking,1,1,ros_live,gazebo,1788402242.712930,0.879057,0.008187,0.018990,0.999000,0.020000,0.000000,20,0.000000,0.018990,0.000000,0.000000,0.120524,0,0
lqr_pt_2602_hotel,gazebo_map2_straight_tracking,1,1,ros_live,gazebo,1788402242.762421,0.879057,0.008187,0.018990,0.999000,0.020000,0.000000,20,0.000000,0.018990,0.000000,0.000000,0.120524,0,0
lqr_pt_2602_hotel,gazebo_map2_straight_tracking,1,1,ros_live,gazebo,1788402242.812760,0.879057,0.008187,0.018990,0.999000,0.020000,0.000000,20,0.000000,0.018990,0.000000,0.000000,0.120524,0,0
lqr_pt_2602_hotel,gazebo_map2_straight_tracking,1,1,ros_live,gazebo,1788402242.862564,0.879057,0.008187,0.018994,0.999000,0.020000,0.000000,20,0.000000,0.018994,0.000000,0.000000,0.120524,0,0
lqr_pt_2602_hotel,gazebo_map2_straight_tracking,1,1,ros_live,gazebo,1788402242.912547,0.879057,0.008187,0.018989,0.999000,0.020000,0.000000,20,0.000000,0.018989,0.000000,0.000000,0.120524,0,0
lqr_pt_2602_hotel,gazebo_map2_straight_tracking,1,1,ros_live,gazebo,1788402242.962797,0.879057,0.008187,0.018989,0.999000,0.020000,0.000000,20,0.000000,0.018989,0.000000,0.000000,0.120524,0,0
lqr_pt_2602_hotel,gazebo_map2_straight_tracking,1,1,ros_live,gazebo,1788402243.012502,0.879057,0.008187,0.018992,0.999000,0.020000,0.000000,20,0.000000,0.018992,0.000000,0.000000,0.120524,0,0
lqr_pt_2602_hotel,gazebo_map2_straight_tracking,1,1,ros_live,gazebo,1788402243.062487,0.879057,0.008187,0.018993,0.999000,0.020000,0.000000,20,0.000000,0.018993,0.000000,0.000000,0.120524,0,0
lqr_pt_2602_hotel,gazebo_map2_straight_tracking,1,1,ros_live,gazebo,1788402243.112574,0.879057,0.008187,0.018992,0.999000,0.020000,0.000000,20,0.000000,0.018992,0.000000,0.000000,0.120524,0,0
lqr_pt_2602_hotel,gazebo_map2_straight_tracking,1,1,ros_live,gazebo,1788402243.162559,0.879057,0.008187,0.018994,0.999000,0.020000,0.000000,20,0.000000,0.018994,0.000000,0.000000,0.120524,0,0
lqr_pt_2602_hotel,gazebo_map2_straight_tracking,1,1,ros_live,gazebo,1788402243.212716,0.879057,0.008187,0.018999,0.999000,0.020000,0.000000,20,0.000000,0.018999,0.000000,0.000000,0.120524,0,0
lqr_pt_2602_hotel,gazebo_map2_straight_tracking,1,1,ros_live,gazebo,1788402243.262589,0.879057,0.008187,0.019004,0.999000,0.020000,0.000000,20,0.000000,0.019004,0.000000,0.000000,0.120524,0,0
lqr_pt_2602_hotel,gazebo_map2_straight_tracking,1,1,ros_live,gazebo,1788402243.312745,0.879057,0.008187,0.019000,0.999000,0.020000,0.000000,20,0.000000,0.019000,0.000000,0.000000,0.120524,0,0
lqr_pt_2602_hotel,gazebo_map2_straight_tracking,1,1,ros_live,gazebo,1788402243.362751,0.879057,0.008187,0.018999,0.999000,0.020000,0.000000,20,0.000000,0.018999,0.000000,0.000000,0.120524,0,0
lqr_pt_2602_hotel,gazebo_map2_straight_tracking,1,1,ros_live,gazebo,1788402243.412636,0.879057,0.008187,0.018999,0.999000,0.020000,0.000000,20,0.000000,0.018999,0.000000,0.000000,0.120524,0,0
lqr_pt_2602_hotel,gazebo_map2_straight_tracking,1,1,ros_live,gazebo,1788402243.462485,0.879057,0.008187,0.018997,0.999000,0.020000,0.000000,20,0.000000,0.018997,0.000000,0.000000,0.120524,0,0
lqr_pt_2602_hotel,gazebo_map2_straight_tracking,1,1,ros_live,gazebo,1788402243.512482,0.879057,0.008187,0.018993,0.999000,0.020000,0.000000,20,0.000000,0.018993,0.000000,0.000000,0.120524,0,0
lqr_pt_2602_hotel,gazebo_map2_straight_tracking,1,1,ros_live,gazebo,1788402243.562668,0.879057,0.008187,0.018993,0.999000,0.020000,0.000000,20,0.000000,0.018993,0.000000,0.000000,0.120524,0,0
lqr_pt_2602_hotel,gazebo_map2_straight_tracking,1,1,ros_live,gazebo,1788402243.612569,0.879057,0.008187,0.018993,0.999000,0.020000,0.000000,20,0.000000,0.018993,0.000000,0.000000,0.120524,0,0
lqr_pt_2602_hotel,gazebo_map2_straight_tracking,1,1,ros_live,gazebo,1788402243.662601,0.879057,0.008187,0.018996,0.999000,0.020000,0.000000,20,0.000000,0.018996,0.000000,0.000000,0.120524,0,0
lqr_pt_2602_hotel,gazebo_map2_straight_tracking,1,1,ros_live,gazebo,1788402243.712383,0.879057,0.008187,0.018994,0.999000,0.020000,0.000000,20,0.000000,0.018994,0.000000,0.000000,0.120524,0,0
lqr_pt_2602_hotel,gazebo_map2_straight_tracking,1,1,ros_live,gazebo,1788402243.762578,0.879057,0.008187,0.018993,0.999000,0.020000,0.000000,20,0.000000,0.018993,0.000000,0.000000,0.120524,0,0
lqr_pt_2602_hotel,gazebo_map2_straight_tracking,1,1,ros_live,gazebo,1788402243.812505,0.879057,0.008187,0.018991,0.999000,0.020000,0.000000,20,0.000000,0.018991,0.000000,0.000000,0.120524,0,0
lqr_pt_2602_hotel,gazebo_map2_straight_tracking,1,1,ros_live,gazebo,1788402243.862502,0.879057,0.008187,0.018989,0.999000,0.020000,0.000000,20,0.000000,0.018989,0.000000,0.000000,0.120524,0,0
lqr_pt_2602_hotel,gazebo_map2_straight_tracking,1,1,ros_live,gazebo,1788402243.912483,0.879057,0.008187,0.018988,0.999000,0.020000,0.000000,20,0.000000,0.018988,0.000000,0.000000,0.120524,0,0
lqr_pt_2602_hotel,gazebo_map2_straight_tracking,1,1,ros_live,gazebo,1788402243.962845,0.879057,0.008187,0.018990,0.999000,0.020000,0.000000,20,0.000000,0.018990,0.000000,0.000000,0.120524,0,0
lqr_pt_2602_hotel,gazebo_map2_straight_tracking,1,1,ros_live,gazebo,1788402244.012349,0.879057,0.008187,0.018992,0.999000,0.020000,0.000000,20,0.000000,0.018992,0.000000,0.000000,0.120524,0,0
lqr_pt_2602_hotel,gazebo_map2_straight_tracking,1,1,ros_live,gazebo,1788402244.062561,0.879057,0.008187,0.018993,0.999000,0.020000,0.000000,20,0.000000,0.018993,0.000000,0.000000,0.120524,0,0
lqr_pt_2602_hotel,gazebo_map2_straight_tracking,1,1,ros_live,gazebo,1788402244.112491,0.879057,0.008187,0.018991,0.999000,0.020000,0.000000,20,0.000000,0.018991,0.000000,0.000000,0.120524,0,0
lqr_pt_2602_hotel,gazebo_map2_straight_tracking,1,1,ros_live,gazebo,1788402244.162573,0.879057,0.008187,0.018989,0.999000,0.020000,0.000000,20,0.000000,0.018989,0.000000,0.000000,0.120524,0,0
lqr_pt_2602_hotel,gazebo_map2_straight_tracking,1,1,ros_live,gazebo,1788402244.212445,0.879057,0.008187,0.018990,0.999000,0.020000,0.000000,20,0.000000,0.018990,0.000000,0.000000,0.120524,0,0
lqr_pt_2602_hotel,gazebo_map2_straight_tracking,1,1,ros_live,gazebo,1788402244.262854,0.879057,0.008187,0.018985,0.999000,0.020000,0.000000,20,0.000000,0.018985,0.000000,0.000000,0.120524,0,0
lqr_pt_2602_hotel,gazebo_map2_straight_tracking,1,1,ros_live,gazebo,1788402244.312439,0.879057,0.008187,0.018990,0.999000,0.020000,0.000000,20,0.000000,0.018990,0.000000,0.000000,0.120524,0,0
lqr_pt_2602_hotel,gazebo_map2_straight_tracking,1,1,ros_live,gazebo,1788402244.362487,0.879057,0.008187,0.018986,0.999000,0.020000,0.000000,20,0.000000,0.018986,0.000000,0.000000,0.120524,0,0
lqr_pt_2602_hotel,gazebo_map2_straight_tracking,1,1,ros_live,gazebo,1788402244.412484,0.879057,0.008187,0.018987,0.999000,0.020000,0.000000,20,0.000000,0.018987,0.000000,0.000000,0.120524,0,0
lqr_pt_2602_hotel,gazebo_map2_straight_tracking,1,1,ros_live,gazebo,1788402244.462763,0.879057,0.008187,0.018989,0.999000,0.020000,0.000000,20,0.000000,0.018989,0.000000,0.000000,0.120524,0,0
lqr_pt_2602_hotel,gazebo_map2_straight_tracking,1,1,ros_live,gazebo,1788402244.512502,0.879057,0.008187,0.018989,0.999000,0.020000,0.000000,20,0.000000,0.018989,0.000000,0.000000,0.120524,0,0
lqr_pt_2602_hotel,gazebo_map2_straight_tracking,1,1,ros_live,gazebo,1788402244.562747,0.879057,0.008187,0.018987,0.999000,0.020000,0.000000,20,0.000000,0.018987,0.000000,0.000000,0.120524,0,0
lqr_pt_2602_hotel,gazebo_map2_straight_tracking,1,1,ros_live,gazebo,1788402244.612477,0.879057,0.008187,0.018988,0.999000,0.020000,0.000000,20,0.000000,0.018988,0.000000,0.000000,0.120524,0,0
lqr_pt_2602_hotel,gazebo_map2_straight_tracking,1,1,ros_live,gazebo,1788402244.662637,0.879057,0.008187,0.018993,0.999000,0.020000,0.000000,20,0.000000,0.018993,0.000000,0.000000,0.120524,0,0
lqr_pt_2602_hotel,gazebo_map2_straight_tracking,1,1,ros_live,gazebo,1788402244.712466,0.879057,0.008187,0.018988,0.999000,0.020000,0.000000,20,0.000000,0.018988,0.000000,0.000000,0.120524,0,0
lqr_pt_2602_hotel,gazebo_map2_straight_tracking,1,1,ros_live,gazebo,1788402244.762580,0.879057,0.008187,0.018995,0.999000,0.020000,0.000000,20,0.000000,0.018995,0.000000,0.000000,0.120524,0,0
lqr_pt_2602_hotel,gazebo_map2_straight_tracking,1,1,ros_live,gazebo,1788402244.812575,0.879057,0.008187,0.018996,0.999000,0.020000,0.000000,20,0.000000,0.018996,0.000000,0.000000,0.120524,0,0
lqr_pt_2602_hotel,gazebo_map2_straight_tracking,1,1,ros_live,gazebo,1788402244.862553,0.879057,0.008187,0.018998,0.999000,0.020000,0.000000,20,0.000000,0.018998,0.000000,0.000000,0.120524,0,0
lqr_pt_2602_hotel,gazebo_map2_straight_tracking,1,1,ros_live,gazebo,1788402244.912459,0.879057,0.008187,0.018992,0.999000,0.020000,0.000000,20,0.000000,0.018992,0.000000,0.000000,0.120524,0,0
lqr_pt_2602_hotel,gazebo_map2_straight_tracking,1,1,ros_live,gazebo,1788402244.962757,0.879057,0.008187,0.018996,0.999000,0.020000,0.000000,20,0.000000,0.018996,0.000000,0.000000,0.120524,0,0
lqr_pt_2602_hotel,gazebo_map2_straight_tracking,1,1,ros_live,gazebo,1788402245.012824,0.879057,0.008187,0.018993,0.999000,0.020000,0.000000,20,0.000000,0.018993,0.000000,0.000000,0.120524,0,0
lqr_pt_2602_hotel,gazebo_map2_straight_tracking,1,1,ros_live,gazebo,1788402245.062463,0.879057,0.008187,0.018995,0.999000,0.020000,0.000000,20,0.000000,0.018995,0.000000,0.000000,0.120524,0,0
lqr_pt_2602_hotel,gazebo_map2_straight_tracking,1,1,ros_live,gazebo,1788402245.112503,0.879057,0.008187,0.018998,0.999000,0.020000,0.000000,20,0.000000,0.018998,0.000000,0.000000,0.120524,0,0
lqr_pt_2602_hotel,gazebo_map2_straight_tracking,1,1,ros_live,gazebo,1788402245.162763,0.879057,0.008187,0.018996,0.999000,0.020000,0.000000,20,0.000000,0.018996,0.000000,0.000000,0.120524,0,0
lqr_pt_2602_hotel,gazebo_map2_straight_tracking,1,1,ros_live,gazebo,1788402245.212414,0.879057,0.008187,0.018992,0.999000,0.020000,0.000000,20,0.000000,0.018992,0.000000,0.000000,0.120524,0,0
lqr_pt_2602_hotel,gazebo_map2_straight_tracking,1,1,ros_live,gazebo,1788402245.262345,0.879057,0.008187,0.018985,0.999000,0.020000,0.000000,20,0.000000,0.018985,0.000000,0.000000,0.120524,0,0
lqr_pt_2602_hotel,gazebo_map2_straight_tracking,1,1,ros_live,gazebo,1788402245.312503,0.879057,0.008187,0.018985,0.999000,0.020000,0.000000,20,0.000000,0.018985,0.000000,0.000000,0.120524,0,0
lqr_pt_2602_hotel,gazebo_map2_straight_tracking,1,1,ros_live,gazebo,1788402245.362404,0.879057,0.008187,0.018982,0.999000,0.020000,0.000000,20,0.000000,0.018982,0.000000,0.000000,0.120524,0,0
lqr_pt_2602_hotel,gazebo_map2_straight_tracking,1,1,ros_live,gazebo,1788402245.412379,0.879057,0.008187,0.018986,0.999000,0.020000,0.000000,20,0.000000,0.018986,0.000000,0.000000,0.120524,0,0
lqr_pt_2602_hotel,gazebo_map2_straight_tracking,1,1,ros_live,gazebo,1788402245.463017,0.879057,0.008187,0.018985,0.999000,0.020000,0.000000,20,0.000000,0.018985,0.000000,0.000000,0.120524,0,0
lqr_pt_2602_hotel,gazebo_map2_straight_tracking,1,1,ros_live,gazebo,1788402245.512416,0.879057,0.008187,0.018986,0.999000,0.020000,0.000000,20,0.000000,0.018986,0.000000,0.000000,0.120524,0,0
lqr_pt_2602_hotel,gazebo_map2_straight_tracking,1,1,ros_live,gazebo,1788402245.562910,0.879057,0.008187,0.018982,0.999000,0.020000,0.000000,20,0.000000,0.018982,0.000000,0.000000,0.120524,0,0
lqr_pt_2602_hotel,gazebo_map2_straight_tracking,1,1,ros_live,gazebo,1788402245.612609,0.879057,0.008187,0.018986,0.999000,0.020000,0.000000,20,0.000000,0.018986,0.000000,0.000000,0.120524,0,0
lqr_pt_2602_hotel,gazebo_map2_straight_tracking,1,1,ros_live,gazebo,1788402245.662636,0.879057,0.008187,0.018986,0.999000,0.020000,0.000000,20,0.000000,0.018986,0.000000,0.000000,0.120524,0,0
lqr_pt_2602_hotel,gazebo_map2_straight_tracking,1,1,ros_live,gazebo,1788402245.712391,0.879057,0.008187,0.018987,0.999000,0.020000,0.000000,20,0.000000,0.018987,0.000000,0.000000,0.120524,0,0
lqr_pt_2602_hotel,gazebo_map2_straight_tracking,1,1,ros_live,gazebo,1788402245.762842,0.879057,0.008187,0.018989,0.999000,0.020000,0.000000,20,0.000000,0.018989,0.000000,0.000000,0.120524,0,0
lqr_pt_2602_hotel,gazebo_map2_straight_tracking,1,1,ros_live,gazebo,1788402245.812400,0.879057,0.008187,0.018985,0.999000,0.020000,0.000000,20,0.000000,0.018985,0.000000,0.000000,0.120524,0,0
lqr_pt_2602_hotel,gazebo_map2_straight_tracking,1,1,ros_live,gazebo,1788402245.862570,0.879057,0.008187,0.018983,0.999000,0.020000,0.000000,20,0.000000,0.018983,0.000000,0.000000,0.120524,0,0
lqr_pt_2602_hotel,gazebo_map2_straight_tracking,1,1,ros_live,gazebo,1788402245.912584,0.879057,0.008187,0.018978,0.999000,0.020000,0.000000,20,0.000000,0.018978,0.000000,0.000000,0.120524,0,0
lqr_pt_2602_hotel,gazebo_map2_straight_tracking,1,1,ros_live,gazebo,1788402245.962825,0.879057,0.008187,0.018975,0.999000,0.020000,0.000000,20,0.000000,0.018975,0.000000,0.000000,0.120524,0,0
lqr_pt_2602_hotel,gazebo_map2_straight_tracking,1,1,ros_live,gazebo,1788402246.012486,0.879057,0.008187,0.018982,0.999000,0.020000,0.000000,20,0.000000,0.018982,0.000000,0.000000,0.120524,0,0
lqr_pt_2602_hotel,gazebo_map2_straight_tracking,1,1,ros_live,gazebo,1788402246.062476,0.879057,0.008187,0.018984,0.999000,0.020000,0.000000,20,0.000000,0.018984,0.000000,0.000000,0.120524,0,0
lqr_pt_2602_hotel,gazebo_map2_straight_tracking,1,1,ros_live,gazebo,1788402246.112477,0.879057,0.008187,0.018982,0.999000,0.020000,0.000000,20,0.000000,0.018982,0.000000,0.000000,0.120524,0,0
lqr_pt_2602_hotel,gazebo_map2_straight_tracking,1,1,ros_live,gazebo,1788402246.162576,0.879057,0.008187,0.018978,0.999000,0.020000,0.000000,20,0.000000,0.018978,0.000000,0.000000,0.120524,0,0
lqr_pt_2602_hotel,gazebo_map2_straight_tracking,1,1,ros_live,gazebo,1788402246.212526,0.879057,0.008187,0.018985,0.999000,0.020000,0.000000,20,0.000000,0.018985,0.000000,0.000000,0.120524,0,0
lqr_pt_2602_hotel,gazebo_map2_straight_tracking,1,1,ros_live,gazebo,1788402246.262507,0.879057,0.008187,0.018984,0.999000,0.020000,0.000000,20,0.000000,0.018984,0.000000,0.000000,0.120524,0,0
lqr_pt_2602_hotel,gazebo_map2_straight_tracking,1,1,ros_live,gazebo,1788402246.312369,0.879057,0.008187,0.018986,0.999000,0.020000,0.000000,20,0.000000,0.018986,0.000000,0.000000,0.120524,0,0
lqr_pt_2602_hotel,gazebo_map2_straight_tracking,1,1,ros_live,gazebo,1788402246.362730,0.879057,0.008187,0.018983,0.999000,0.020000,0.000000,20,0.000000,0.018983,0.000000,0.000000,0.120524,0,0
lqr_pt_2602_hotel,gazebo_map2_straight_tracking,1,1,ros_live,gazebo,1788402246.412358,0.879057,0.008187,0.018982,0.999000,0.020000,0.000000,20,0.000000,0.018982,0.000000,0.000000,0.120524,0,0
lqr_pt_2602_hotel,gazebo_map2_straight_tracking,1,1,ros_live,gazebo,1788402246.462521,0.879057,0.008187,0.018978,0.999000,0.020000,0.000000,20,0.000000,0.018978,0.000000,0.000000,0.120524,0,0
lqr_pt_2602_hotel,gazebo_map2_straight_tracking,1,1,ros_live,gazebo,1788402246.512421,0.879057,0.008187,0.018977,0.999000,0.020000,0.000000,20,0.000000,0.018977,0.000000,0.000000,0.120524,0,0
lqr_pt_2602_hotel,gazebo_map2_straight_tracking,1,1,ros_live,gazebo,1788402246.562715,0.879057,0.008187,0.018978,0.999000,0.020000,0.000000,20,0.000000,0.018978,0.000000,0.000000,0.120524,0,0
lqr_pt_2602_hotel,gazebo_map2_straight_tracking,1,1,ros_live,gazebo,1788402246.612381,0.879057,0.008187,0.018981,0.999000,0.020000,0.000000,20,0.000000,0.018981,0.000000,0.000000,0.120524,0,0
lqr_pt_2602_hotel,gazebo_map2_straight_tracking,1,1,ros_live,gazebo,1788402246.662787,0.879057,0.008187,0.018985,0.999000,0.020000,0.000000,20,0.000000,0.018985,0.000000,0.000000,0.120524,0,0
lqr_pt_2602_hotel,gazebo_map2_straight_tracking,1,1,ros_live,gazebo,1788402246.712368,0.879057,0.008187,0.018983,0.999000,0.020000,0.000000,20,0.000000,0.018983,0.000000,0.000000,0.120524,0,0
lqr_pt_2602_hotel,gazebo_map2_straight_tracking,1,1,ros_live,gazebo,1788402246.762852,0.879057,0.008187,0.018985,0.999000,0.020000,0.000000,20,0.000000,0.018985,0.000000,0.000000,0.120524,0,0
lqr_pt_2602_hotel,gazebo_map2_straight_tracking,1,1,ros_live,gazebo,1788402246.812753,0.879057,0.008187,0.018987,0.999000,0.020000,0.000000,20,0.000000,0.018987,0.000000,0.000000,0.120524,0,0
lqr_pt_2602_hotel,gazebo_map2_straight_tracking,1,1,ros_live,gazebo,1788402246.863078,0.879057,0.008187,0.018987,0.999000,0.020000,0.000000,20,0.000000,0.018987,0.000000,0.000000,0.120524,0,0
lqr_pt_2602_hotel,gazebo_map2_straight_tracking,1,1,ros_live,gazebo,1788402246.912476,0.879057,0.008187,0.018988,0.999000,0.020000,0.000000,20,0.000000,0.018988,0.000000,0.000000,0.120524,0,0
lqr_pt_2602_hotel,gazebo_map2_straight_tracking,1,1,ros_live,gazebo,1788402246.962585,0.879057,0.008187,0.018984,0.999000,0.020000,0.000000,20,0.000000,0.018984,0.000000,0.000000,0.120524,0,0
lqr_pt_2602_hotel,gazebo_map2_straight_tracking,1,1,ros_live,gazebo,1788402247.012715,0.879057,0.008187,0.018980,0.999000,0.020000,0.000000,20,0.000000,0.018980,0.000000,0.000000,0.120524,0,0
lqr_pt_2602_hotel,gazebo_map2_straight_tracking,1,1,ros_live,gazebo,1788402247.062517,0.879057,0.008187,0.018974,0.999000,0.020000,0.000000,20,0.000000,0.018974,0.000000,0.000000,0.120524,0,0
lqr_pt_2602_hotel,gazebo_map2_straight_tracking,1,1,ros_live,gazebo,1788402247.112507,0.879057,0.008187,0.018979,0.999000,0.020000,0.000000,20,0.000000,0.018979,0.000000,0.000000,0.120524,0,0
lqr_pt_2602_hotel,gazebo_map2_straight_tracking,1,1,ros_live,gazebo,1788402247.162714,0.879057,0.008187,0.018979,0.999000,0.020000,0.000000,20,0.000000,0.018979,0.000000,0.000000,0.120524,0,0
lqr_pt_2602_hotel,gazebo_map2_straight_tracking,1,1,ros_live,gazebo,1788402247.212564,0.879057,0.008187,0.018979,0.999000,0.020000,0.000000,20,0.000000,0.018979,0.000000,0.000000,0.120524,0,0
lqr_pt_2602_hotel,gazebo_map2_straight_tracking,1,1,ros_live,gazebo,1788402247.262447,0.879057,0.008187,0.018981,0.999000,0.020000,0.000000,20,0.000000,0.018981,0.000000,0.000000,0.120524,0,0
lqr_pt_2602_hotel,gazebo_map2_straight_tracking,1,1,ros_live,gazebo,1788402247.312566,0.879057,0.008187,0.018982,0.999000,0.020000,0.000000,20,0.000000,0.018982,0.000000,0.000000,0.120524,0,0
lqr_pt_2602_hotel,gazebo_map2_straight_tracking,1,1,ros_live,gazebo,1788402247.362525,0.879057,0.008187,0.018977,0.999000,0.020000,0.000000,20,0.000000,0.018977,0.000000,0.000000,0.120524,0,0
lqr_pt_2602_hotel,gazebo_map2_straight_tracking,1,1,ros_live,gazebo,1788402247.412673,0.879057,0.008187,0.018976,0.999000,0.020000,0.000000,20,0.000000,0.018976,0.000000,0.000000,0.120524,0,0
lqr_pt_2602_hotel,gazebo_map2_straight_tracking,1,1,ros_live,gazebo,1788402247.462492,0.879057,0.008187,0.018981,0.999000,0.020000,0.000000,20,0.000000,0.018981,0.000000,0.000000,0.120524,0,0
lqr_pt_2602_hotel,gazebo_map2_straight_tracking,1,1,ros_live,gazebo,1788402247.512786,0.879057,0.008187,0.018980,0.999000,0.020000,0.000000,20,0.000000,0.018980,0.000000,0.000000,0.120524,0,0
lqr_pt_2602_hotel,gazebo_map2_straight_tracking,1,1,ros_live,gazebo,1788402247.562376,0.879057,0.008187,0.018975,0.999000,0.020000,0.000000,20,0.000000,0.018975,0.000000,0.000000,0.120524,0,0
lqr_pt_2602_hotel,gazebo_map2_straight_tracking,1,1,ros_live,gazebo,1788402247.612545,0.879057,0.008187,0.018968,0.999000,0.020000,0.000000,20,0.000000,0.018968,0.000000,0.000000,0.120524,0,0
lqr_pt_2602_hotel,gazebo_map2_straight_tracking,1,1,ros_live,gazebo,1788402247.662543,0.879057,0.008187,0.018968,0.999000,0.020000,0.000000,20,0.000000,0.018968,0.000000,0.000000,0.120524,0,0
lqr_pt_2602_hotel,gazebo_map2_straight_tracking,1,1,ros_live,gazebo,1788402247.712594,0.879057,0.008187,0.018965,0.999000,0.020000,0.000000,20,0.000000,0.018965,0.000000,0.000000,0.120524,0,0
lqr_pt_2602_hotel,gazebo_map2_straight_tracking,1,1,ros_live,gazebo,1788402247.762446,0.879057,0.008187,0.018967,0.999000,0.020000,0.000000,20,0.000000,0.018967,0.000000,0.000000,0.120524,0,0
lqr_pt_2602_hotel,gazebo_map2_straight_tracking,1,1,ros_live,gazebo,1788402247.812448,0.879057,0.008187,0.018964,0.999000,0.020000,0.000000,20,0.000000,0.018964,0.000000,0.000000,0.120524,0,0
lqr_pt_2602_hotel,gazebo_map2_straight_tracking,1,1,ros_live,gazebo,1788402247.862367,0.879057,0.008187,0.018966,0.999000,0.020000,0.000000,20,0.000000,0.018966,0.000000,0.000000,0.120524,0,0
lqr_pt_2602_hotel,gazebo_map2_straight_tracking,1,1,ros_live,gazebo,1788402247.913174,0.879057,0.008187,0.018965,0.999000,0.020000,0.000000,20,0.000000,0.018965,0.000000,0.000000,0.120524,0,0
lqr_pt_2602_hotel,gazebo_map2_straight_tracking,1,1,ros_live,gazebo,1788402247.962562,0.879057,0.008187,0.018966,0.999000,0.020000,0.000000,20,0.000000,0.018966,0.000000,0.000000,0.120524,0,0
lqr_pt_2602_hotel,gazebo_map2_straight_tracking,1,1,ros_live,gazebo,1788402248.012700,0.879057,0.008187,0.018961,0.999000,0.020000,0.000000,20,0.000000,0.018961,0.000000,0.000000,0.120524,0,0
lqr_pt_2602_hotel,gazebo_map2_straight_tracking,1,1,ros_live,gazebo,1788402248.062567,0.879057,0.008187,0.018965,0.999000,0.020000,0.000000,20,0.000000,0.018965,0.000000,0.000000,0.120524,0,0
lqr_pt_2602_hotel,gazebo_map2_straight_tracking,1,1,ros_live,gazebo,1788402248.112849,0.879057,0.008187,0.018966,0.999000,0.020000,0.000000,20,0.000000,0.018966,0.000000,0.000000,0.120524,0,0
lqr_pt_2602_hotel,gazebo_map2_straight_tracking,1,1,ros_live,gazebo,1788402248.162457,0.879057,0.008187,0.018967,0.999000,0.020000,0.000000,20,0.000000,0.018967,0.000000,0.000000,0.120524,0,0
lqr_pt_2602_hotel,gazebo_map2_straight_tracking,1,1,ros_live,gazebo,1788402248.212572,0.879057,0.008187,0.018973,0.999000,0.020000,0.000000,20,0.000000,0.018973,0.000000,0.000000,0.120524,0,0
lqr_pt_2602_hotel,gazebo_map2_straight_tracking,1,1,ros_live,gazebo,1788402248.262646,0.879057,0.008187,0.018971,0.999000,0.020000,0.000000,20,0.000000,0.018971,0.000000,0.000000,0.120524,0,0
lqr_pt_2602_hotel,gazebo_map2_straight_tracking,1,1,ros_live,gazebo,1788402248.312548,0.879057,0.008187,0.018965,0.999000,0.020000,0.000000,20,0.000000,0.018965,0.000000,0.000000,0.120524,0,0
lqr_pt_2602_hotel,gazebo_map2_straight_tracking,1,1,ros_live,gazebo,1788402248.362466,0.879057,0.008187,0.018965,0.999000,0.020000,0.000000,20,0.000000,0.018965,0.000000,0.000000,0.120524,0,0
lqr_pt_2602_hotel,gazebo_map2_straight_tracking,1,1,ros_live,gazebo,1788402248.412656,0.879057,0.008187,0.018967,0.999000,0.020000,0.000000,20,0.000000,0.018967,0.000000,0.000000,0.120524,0,0
lqr_pt_2602_hotel,gazebo_map2_straight_tracking,1,1,ros_live,gazebo,1788402248.462509,0.879057,0.008187,0.018967,0.999000,0.020000,0.000000,20,0.000000,0.018967,0.000000,0.000000,0.120524,0,0
lqr_pt_2602_hotel,gazebo_map2_straight_tracking,1,1,ros_live,gazebo,1788402248.512712,0.879057,0.008187,0.018968,0.999000,0.020000,0.000000,20,0.000000,0.018968,0.000000,0.000000,0.120524,0,0
lqr_pt_2602_hotel,gazebo_map2_straight_tracking,1,1,ros_live,gazebo,1788402248.562518,0.879057,0.008187,0.018968,0.999000,0.020000,0.000000,20,0.000000,0.018968,0.000000,0.000000,0.120524,0,0
lqr_pt_2602_hotel,gazebo_map2_straight_tracking,1,1,ros_live,gazebo,1788402248.612457,0.879057,0.008187,0.018970,0.999000,0.020000,0.000000,20,0.000000,0.018970,0.000000,0.000000,0.120524,0,0
lqr_pt_2602_hotel,gazebo_map2_straight_tracking,1,1,ros_live,gazebo,1788402248.662536,0.879057,0.008187,0.018970,0.999000,0.020000,0.000000,20,0.000000,0.018970,0.000000,0.000000,0.120524,0,0
lqr_pt_2602_hotel,gazebo_map2_straight_tracking,1,1,ros_live,gazebo,1788402248.712511,0.879057,0.008187,0.018969,0.999000,0.020000,0.000000,20,0.000000,0.018969,0.000000,0.000000,0.120524,0,0
lqr_pt_2602_hotel,gazebo_map2_straight_tracking,1,1,ros_live,gazebo,1788402248.762454,0.879057,0.008187,0.018968,0.999000,0.020000,0.000000,20,0.000000,0.018968,0.000000,0.000000,0.120524,0,0
lqr_pt_2602_hotel,gazebo_map2_straight_tracking,1,1,ros_live,gazebo,1788402248.812514,0.879057,0.008187,0.018963,0.999000,0.020000,0.000000,20,0.000000,0.018963,0.000000,0.000000,0.120524,0,0
lqr_pt_2602_hotel,gazebo_map2_straight_tracking,1,1,ros_live,gazebo,1788402248.862438,0.879057,0.008187,0.018963,0.999000,0.020000,0.000000,20,0.000000,0.018963,0.000000,0.000000,0.120524,0,0
lqr_pt_2602_hotel,gazebo_map2_straight_tracking,1,1,ros_live,gazebo,1788402248.912519,0.879057,0.008187,0.018959,0.999000,0.020000,0.000000,20,0.000000,0.018959,0.000000,0.000000,0.120524,0,0
lqr_pt_2602_hotel,gazebo_map2_straight_tracking,1,1,ros_live,gazebo,1788402248.962475,0.879057,0.008187,0.018963,0.999000,0.020000,0.000000,20,0.000000,0.018963,0.000000,0.000000,0.120524,0,0
lqr_pt_2602_hotel,gazebo_map2_straight_tracking,1,1,ros_live,gazebo,1788402249.012647,0.879057,0.008187,0.018960,0.999000,0.020000,0.000000,20,0.000000,0.018960,0.000000,0.000000,0.120524,0,0
lqr_pt_2602_hotel,gazebo_map2_straight_tracking,1,1,ros_live,gazebo,1788402249.062506,0.879057,0.008187,0.018961,0.999000,0.020000,0.000000,20,0.000000,0.018961,0.000000,0.000000,0.120524,0,0
lqr_pt_2602_hotel,gazebo_map2_straight_tracking,1,1,ros_live,gazebo,1788402249.112351,0.879057,0.008187,0.018959,0.999000,0.020000,0.000000,20,0.000000,0.018959,0.000000,0.000000,0.120524,0,0
lqr_pt_2602_hotel,gazebo_map2_straight_tracking,1,1,ros_live,gazebo,1788402249.162786,0.879057,0.008187,0.018961,0.999000,0.020000,0.000000,20,0.000000,0.018961,0.000000,0.000000,0.120524,0,0
lqr_pt_2602_hotel,gazebo_map2_straight_tracking,1,1,ros_live,gazebo,1788402249.212348,0.879057,0.008187,0.018961,0.999000,0.020000,0.000000,20,0.000000,0.018961,0.000000,0.000000,0.120524,0,0
lqr_pt_2602_hotel,gazebo_map2_straight_tracking,1,1,ros_live,gazebo,1788402249.262725,0.879057,0.008187,0.018955,0.999000,0.020000,0.000000,20,0.000000,0.018955,0.000000,0.000000,0.120524,0,0
lqr_pt_2602_hotel,gazebo_map2_straight_tracking,1,1,ros_live,gazebo,1788402249.312753,0.879057,0.008187,0.018956,0.999000,0.020000,0.000000,20,0.000000,0.018956,0.000000,0.000000,0.120524,0,0
lqr_pt_2602_hotel,gazebo_map2_straight_tracking,1,1,ros_live,gazebo,1788402249.362671,0.879057,0.008187,0.018959,0.999000,0.020000,0.000000,20,0.000000,0.018959,0.000000,0.000000,0.120524,0,0
lqr_pt_2602_hotel,gazebo_map2_straight_tracking,1,1,ros_live,gazebo,1788402249.412470,0.879057,0.008187,0.018958,0.999000,0.020000,0.000000,20,0.000000,0.018958,0.000000,0.000000,0.120524,0,0
lqr_pt_2602_hotel,gazebo_map2_straight_tracking,1,1,ros_live,gazebo,1788402249.462548,0.879057,0.008187,0.018952,0.999000,0.020000,0.000000,20,0.000000,0.018952,0.000000,0.000000,0.120524,0,0
lqr_pt_2602_hotel,gazebo_map2_straight_tracking,1,1,ros_live,gazebo,1788402249.512744,0.879057,0.008187,0.018954,0.999000,0.020000,0.000000,20,0.000000,0.018954,0.000000,0.000000,0.120524,0,0
lqr_pt_2602_hotel,gazebo_map2_straight_tracking,1,1,ros_live,gazebo,1788402249.562577,0.879057,0.008187,0.018950,0.999000,0.020000,0.000000,20,0.000000,0.018950,0.000000,0.000000,0.120524,0,0
lqr_pt_2602_hotel,gazebo_map2_straight_tracking,1,1,ros_live,gazebo,1788402249.612669,0.879057,0.008187,0.018948,0.999000,0.020000,0.000000,20,0.000000,0.018948,0.000000,0.000000,0.120524,0,0
lqr_pt_2602_hotel,gazebo_map2_straight_tracking,1,1,ros_live,gazebo,1788402249.662753,0.879057,0.008187,0.018949,0.999000,0.020000,0.000000,20,0.000000,0.018949,0.000000,0.000000,0.120524,0,0
lqr_pt_2602_hotel,gazebo_map2_straight_tracking,1,1,ros_live,gazebo,1788402249.712870,0.879057,0.008187,0.018947,0.999000,0.020000,0.000000,20,0.000000,0.018947,0.000000,0.000000,0.120524,0,0
lqr_pt_2602_hotel,gazebo_map2_straight_tracking,1,1,ros_live,gazebo,1788402249.762762,0.879057,0.008187,0.018944,0.999000,0.020000,0.000000,20,0.000000,0.018944,0.000000,0.000000,0.120524,0,0
lqr_pt_2602_hotel,gazebo_map2_straight_tracking,1,1,ros_live,gazebo,1788402249.812482,0.879057,0.008187,0.018948,0.999000,0.020000,0.000000,20,0.000000,0.018948,0.000000,0.000000,0.120524,0,0
lqr_pt_2602_hotel,gazebo_map2_straight_tracking,1,1,ros_live,gazebo,1788402249.862787,0.879057,0.008187,0.018945,0.999000,0.020000,0.000000,20,0.000000,0.018945,0.000000,0.000000,0.120524,0,0
lqr_pt_2602_hotel,gazebo_map2_straight_tracking,1,1,ros_live,gazebo,1788402249.912790,0.879057,0.008187,0.018944,0.999000,0.020000,0.000000,20,0.000000,0.018944,0.000000,0.000000,0.120524,0,0
lqr_pt_2602_hotel,gazebo_map2_straight_tracking,1,1,ros_live,gazebo,1788402249.962806,0.879057,0.008187,0.018950,0.999000,0.020000,0.000000,20,0.000000,0.018950,0.000000,0.000000,0.120524,0,0
lqr_pt_2602_hotel,gazebo_map2_straight_tracking,1,1,ros_live,gazebo,1788402250.012897,0.879057,0.008187,0.018952,0.999000,0.020000,0.000000,20,0.000000,0.018952,0.000000,0.000000,0.120524,0,0
lqr_pt_2602_hotel,gazebo_map2_straight_tracking,1,1,ros_live,gazebo,1788402250.062470,0.879057,0.008187,0.018950,0.999000,0.020000,0.000000,20,0.000000,0.018950,0.000000,0.000000,0.120524,0,0
lqr_pt_2602_hotel,gazebo_map2_straight_tracking,1,1,ros_live,gazebo,1788402250.112502,0.879057,0.008187,0.018951,0.999000,0.020000,0.000000,20,0.000000,0.018951,0.000000,0.000000,0.120524,0,0
lqr_pt_2602_hotel,gazebo_map2_straight_tracking,1,1,ros_live,gazebo,1788402250.162662,0.879057,0.008187,0.018950,0.999000,0.020000,0.000000,20,0.000000,0.018950,0.000000,0.000000,0.120524,0,0
lqr_pt_2602_hotel,gazebo_map2_straight_tracking,1,1,ros_live,gazebo,1788402250.212855,0.879057,0.008187,0.018955,0.999000,0.020000,0.000000,20,0.000000,0.018955,0.000000,0.000000,0.120524,0,0
lqr_pt_2602_hotel,gazebo_map2_straight_tracking,1,1,ros_live,gazebo,1788402250.262384,0.879057,0.008187,0.018957,0.999000,0.020000,0.000000,20,0.000000,0.018957,0.000000,0.000000,0.120524,0,0
lqr_pt_2602_hotel,gazebo_map2_straight_tracking,1,1,ros_live,gazebo,1788402250.312550,0.879057,0.008187,0.018958,0.999000,0.020000,0.000000,20,0.000000,0.018958,0.000000,0.000000,0.120524,0,0
lqr_pt_2602_hotel,gazebo_map2_straight_tracking,1,1,ros_live,gazebo,1788402250.362446,0.879057,0.008187,0.018958,0.999000,0.020000,0.000000,20,0.000000,0.018958,0.000000,0.000000,0.120524,0,0
lqr_pt_2602_hotel,gazebo_map2_straight_tracking,1,1,ros_live,gazebo,1788402250.412894,0.879057,0.008187,0.018960,0.999000,0.020000,0.000000,20,0.000000,0.018960,0.000000,0.000000,0.120524,0,0
lqr_pt_2602_hotel,gazebo_map2_straight_tracking,1,1,ros_live,gazebo,1788402250.462441,0.879057,0.008187,0.018955,0.999000,0.020000,0.000000,20,0.000000,0.018955,0.000000,0.000000,0.120524,0,0
lqr_pt_2602_hotel,gazebo_map2_straight_tracking,1,1,ros_live,gazebo,1788402250.512711,0.879057,0.008187,0.018953,0.999000,0.020000,0.000000,20,0.000000,0.018953,0.000000,0.000000,0.120524,0,0
lqr_pt_2602_hotel,gazebo_map2_straight_tracking,1,1,ros_live,gazebo,1788402250.562380,0.879057,0.008187,0.018952,0.999000,0.020000,0.000000,20,0.000000,0.018952,0.000000,0.000000,0.120524,0,0
lqr_pt_2602_hotel,gazebo_map2_straight_tracking,1,1,ros_live,gazebo,1788402250.612562,0.879057,0.008187,0.018951,0.999000,0.020000,0.000000,20,0.000000,0.018951,0.000000,0.000000,0.120524,0,0
lqr_pt_2602_hotel,gazebo_map2_straight_tracking,1,1,ros_live,gazebo,1788402250.662960,0.879057,0.008187,0.018952,0.999000,0.020000,0.000000,20,0.000000,0.018952,0.000000,0.000000,0.120524,0,0
lqr_pt_2602_hotel,gazebo_map2_straight_tracking,1,1,ros_live,gazebo,1788402250.712471,0.879057,0.008187,0.018951,0.999000,0.020000,0.000000,20,0.000000,0.018951,0.000000,0.000000,0.120524,0,0
lqr_pt_2602_hotel,gazebo_map2_straight_tracking,1,1,ros_live,gazebo,1788402250.762679,0.879057,0.008187,0.018953,0.999000,0.020000,0.000000,20,0.000000,0.018953,0.000000,0.000000,0.120524,0,0
lqr_pt_2602_hotel,gazebo_map2_straight_tracking,1,1,ros_live,gazebo,1788402250.812630,0.879057,0.008187,0.018948,0.999000,0.020000,0.000000,20,0.000000,0.018948,0.000000,0.000000,0.120524,0,0
lqr_pt_2602_hotel,gazebo_map2_straight_tracking,1,1,ros_live,gazebo,1788402250.862785,0.879057,0.008187,0.018947,0.999000,0.020000,0.000000,20,0.000000,0.018947,0.000000,0.000000,0.120524,0,0
lqr_pt_2602_hotel,gazebo_map2_straight_tracking,1,1,ros_live,gazebo,1788402250.913037,0.879057,0.008187,0.018944,0.999000,0.020000,0.000000,20,0.000000,0.018944,0.000000,0.000000,0.120524,0,0
lqr_pt_2602_hotel,gazebo_map2_straight_tracking,1,1,ros_live,gazebo,1788402250.962800,0.879057,0.008187,0.018943,0.999000,0.020000,0.000000,20,0.000000,0.018943,0.000000,0.000000,0.120524,0,0
lqr_pt_2602_hotel,gazebo_map2_straight_tracking,1,1,ros_live,gazebo,1788402251.012501,0.879057,0.008187,0.018940,0.999000,0.020000,0.000000,20,0.000000,0.018940,0.000000,0.000000,0.120524,0,0
lqr_pt_2602_hotel,gazebo_map2_straight_tracking,1,1,ros_live,gazebo,1788402251.062867,0.879057,0.008187,0.018939,0.999000,0.020000,0.000000,20,0.000000,0.018939,0.000000,0.000000,0.120524,0,0
lqr_pt_2602_hotel,gazebo_map2_straight_tracking,1,1,ros_live,gazebo,1788402251.112664,0.879057,0.008187,0.018943,0.999000,0.020000,0.000000,20,0.000000,0.018943,0.000000,0.000000,0.120524,0,0
lqr_pt_2602_hotel,gazebo_map2_straight_tracking,1,1,ros_live,gazebo,1788402251.162614,0.879057,0.008187,0.018944,0.999000,0.020000,0.000000,20,0.000000,0.018944,0.000000,0.000000,0.120524,0,0
lqr_pt_2602_hotel,gazebo_map2_straight_tracking,1,1,ros_live,gazebo,1788402251.212500,0.879057,0.008187,0.018947,0.999000,0.020000,0.000000,20,0.000000,0.018947,0.000000,0.000000,0.120524,0,0
lqr_pt_2602_hotel,gazebo_map2_straight_tracking,1,1,ros_live,gazebo,1788402251.262479,0.879057,0.008187,0.018950,0.999000,0.020000,0.000000,20,0.000000,0.018950,0.000000,0.000000,0.120524,0,0
lqr_pt_2602_hotel,gazebo_map2_straight_tracking,1,1,ros_live,gazebo,1788402251.312425,0.879057,0.008187,0.018948,0.999000,0.020000,0.000000,20,0.000000,0.018948,0.000000,0.000000,0.120524,0,0
lqr_pt_2602_hotel,gazebo_map2_straight_tracking,1,1,ros_live,gazebo,1788402251.362772,0.879057,0.008187,0.018946,0.999000,0.020000,0.000000,20,0.000000,0.018946,0.000000,0.000000,0.120524,0,0
lqr_pt_2602_hotel,gazebo_map2_straight_tracking,1,1,ros_live,gazebo,1788402251.412787,0.879057,0.008187,0.018945,0.999000,0.020000,0.000000,20,0.000000,0.018945,0.000000,0.000000,0.120524,0,0
lqr_pt_2602_hotel,gazebo_map2_straight_tracking,1,1,ros_live,gazebo,1788402251.462870,0.879057,0.008187,0.018948,0.999000,0.020000,0.000000,20,0.000000,0.018948,0.000000,0.000000,0.120524,0,0
lqr_pt_2602_hotel,gazebo_map2_straight_tracking,1,1,ros_live,gazebo,1788402251.512827,0.879057,0.008187,0.018945,0.999000,0.020000,0.000000,20,0.000000,0.018945,0.000000,0.000000,0.120524,0,0
lqr_pt_2602_hotel,gazebo_map2_straight_tracking,1,1,ros_live,gazebo,1788402251.562534,0.879057,0.008187,0.018949,0.999000,0.020000,0.000000,20,0.000000,0.018949,0.000000,0.000000,0.120524,0,0
lqr_pt_2602_hotel,gazebo_map2_straight_tracking,1,1,ros_live,gazebo,1788402251.612479,0.879057,0.008187,0.018950,0.999000,0.020000,0.000000,20,0.000000,0.018950,0.000000,0.000000,0.120524,0,0
lqr_pt_2602_hotel,gazebo_map2_straight_tracking,1,1,ros_live,gazebo,1788402251.663312,0.879057,0.008187,0.018946,0.999000,0.020000,0.000000,20,0.000000,0.018946,0.000000,0.000000,0.120524,0,0
lqr_pt_2602_hotel,gazebo_map2_straight_tracking,1,1,ros_live,gazebo,1788402251.712705,0.879057,0.008187,0.018948,0.999000,0.020000,0.000000,20,0.000000,0.018948,0.000000,0.000000,0.120524,0,0
lqr_pt_2602_hotel,gazebo_map2_straight_tracking,1,1,ros_live,gazebo,1788402251.762765,0.879057,0.008187,0.018947,0.999000,0.020000,0.000000,20,0.000000,0.018947,0.000000,0.000000,0.120524,0,0
lqr_pt_2602_hotel,gazebo_map2_straight_tracking,1,1,ros_live,gazebo,1788402251.812443,0.879057,0.008187,0.018948,0.999000,0.020000,0.000000,20,0.000000,0.018948,0.000000,0.000000,0.120524,0,0
lqr_pt_2602_hotel,gazebo_map2_straight_tracking,1,1,ros_live,gazebo,1788402251.862552,0.879057,0.008187,0.018947,0.999000,0.020000,0.000000,20,0.000000,0.018947,0.000000,0.000000,0.120524,0,0
lqr_pt_2602_hotel,gazebo_map2_straight_tracking,1,1,ros_live,gazebo,1788402251.912825,0.879057,0.008187,0.018943,0.999000,0.020000,0.000000,20,0.000000,0.018943,0.000000,0.000000,0.120524,0,0
lqr_pt_2602_hotel,gazebo_map2_straight_tracking,1,1,ros_live,gazebo,1788402251.962585,0.879057,0.008187,0.018945,0.999000,0.020000,0.000000,20,0.000000,0.018945,0.000000,0.000000,0.120524,0,0
lqr_pt_2602_hotel,gazebo_map2_straight_tracking,1,1,ros_live,gazebo,1788402252.012526,0.879057,0.008187,0.018944,0.999000,0.020000,0.000000,20,0.000000,0.018944,0.000000,0.000000,0.120524,0,0
lqr_pt_2602_hotel,gazebo_map2_straight_tracking,1,1,ros_live,gazebo,1788402252.062575,0.879057,0.008187,0.018941,0.999000,0.020000,0.000000,20,0.000000,0.018941,0.000000,0.000000,0.120524,0,0
lqr_pt_2602_hotel,gazebo_map2_straight_tracking,1,1,ros_live,gazebo,1788402252.112848,0.879057,0.008187,0.018946,0.999000,0.020000,0.000000,20,0.000000,0.018946,0.000000,0.000000,0.120524,0,0
lqr_pt_2602_hotel,gazebo_map2_straight_tracking,1,1,ros_live,gazebo,1788402252.162507,0.879057,0.008187,0.018946,0.999000,0.020000,0.000000,20,0.000000,0.018946,0.000000,0.000000,0.120524,0,0
lqr_pt_2602_hotel,gazebo_map2_straight_tracking,1,1,ros_live,gazebo,1788402252.212607,0.879057,0.008187,0.018942,0.999000,0.020000,0.000000,20,0.000000,0.018942,0.000000,0.000000,0.120524,0,0
lqr_pt_2602_hotel,gazebo_map2_straight_tracking,1,1,ros_live,gazebo,1788402252.262719,0.879057,0.008187,0.018940,0.999000,0.020000,0.000000,20,0.000000,0.018940,0.000000,0.000000,0.120524,0,0
lqr_pt_2602_hotel,gazebo_map2_straight_tracking,1,1,ros_live,gazebo,1788402252.312552,0.879057,0.008187,0.018938,0.999000,0.020000,0.000000,20,0.000000,0.018938,0.000000,0.000000,0.120524,0,0
lqr_pt_2602_hotel,gazebo_map2_straight_tracking,1,1,ros_live,gazebo,1788402252.362613,0.879057,0.008187,0.018939,0.999000,0.020000,0.000000,20,0.000000,0.018939,0.000000,0.000000,0.120524,0,0
lqr_pt_2602_hotel,gazebo_map2_straight_tracking,1,1,ros_live,gazebo,1788402252.412731,0.879057,0.008187,0.018938,0.999000,0.020000,0.000000,20,0.000000,0.018938,0.000000,0.000000,0.120524,0,0
lqr_pt_2602_hotel,gazebo_map2_straight_tracking,1,1,ros_live,gazebo,1788402252.462635,0.879057,0.008187,0.018939,0.999000,0.020000,0.000000,20,0.000000,0.018939,0.000000,0.000000,0.120524,0,0
lqr_pt_2602_hotel,gazebo_map2_straight_tracking,1,1,ros_live,gazebo,1788402252.512402,0.879057,0.008187,0.018937,0.999000,0.020000,0.000000,20,0.000000,0.018937,0.000000,0.000000,0.120524,0,0
lqr_pt_2602_hotel,gazebo_map2_straight_tracking,1,1,ros_live,gazebo,1788402252.562391,0.879057,0.008187,0.018937,0.999000,0.020000,0.000000,20,0.000000,0.018937,0.000000,0.000000,0.120524,0,0
lqr_pt_2602_hotel,gazebo_map2_straight_tracking,1,1,ros_live,gazebo,1788402252.612705,0.879057,0.008187,0.018935,0.999000,0.020000,0.000000,20,0.000000,0.018935,0.000000,0.000000,0.120524,0,0
lqr_pt_2602_hotel,gazebo_map2_straight_tracking,1,1,ros_live,gazebo,1788402252.662536,0.879057,0.008187,0.018940,0.999000,0.020000,0.000000,20,0.000000,0.018940,0.000000,0.000000,0.120524,0,0
lqr_pt_2602_hotel,gazebo_map2_straight_tracking,1,1,ros_live,gazebo,1788402252.712636,0.879057,0.008187,0.018938,0.999000,0.020000,0.000000,20,0.000000,0.018938,0.000000,0.000000,0.120524,0,0
lqr_pt_2602_hotel,gazebo_map2_straight_tracking,1,1,ros_live,gazebo,1788402252.762435,0.879057,0.008187,0.018938,0.999000,0.020000,0.000000,20,0.000000,0.018938,0.000000,0.000000,0.120524,0,0
lqr_pt_2602_hotel,gazebo_map2_straight_tracking,1,1,ros_live,gazebo,1788402252.812437,0.879057,0.008187,0.018938,0.999000,0.020000,0.000000,20,0.000000,0.018938,0.000000,0.000000,0.120524,0,0
lqr_pt_2602_hotel,gazebo_map2_straight_tracking,1,1,ros_live,gazebo,1788402252.862697,0.879057,0.008187,0.018939,0.999000,0.020000,0.000000,20,0.000000,0.018939,0.000000,0.000000,0.120524,0,0
lqr_pt_2602_hotel,gazebo_map2_straight_tracking,1,1,ros_live,gazebo,1788402252.912477,0.879057,0.008187,0.018935,0.999000,0.020000,0.000000,20,0.000000,0.018935,0.000000,0.000000,0.120524,0,0
lqr_pt_2602_hotel,gazebo_map2_straight_tracking,1,1,ros_live,gazebo,1788402252.962859,0.879057,0.008187,0.018933,0.999000,0.020000,0.000000,20,0.000000,0.018933,0.000000,0.000000,0.120524,0,0
lqr_pt_2602_hotel,gazebo_map2_straight_tracking,1,1,ros_live,gazebo,1788402253.012451,0.879057,0.008187,0.018928,0.999000,0.020000,0.000000,20,0.000000,0.018928,0.000000,0.000000,0.120524,0,0
lqr_pt_2602_hotel,gazebo_map2_straight_tracking,1,1,ros_live,gazebo,1788402253.062529,0.879057,0.008187,0.018929,0.999000,0.020000,0.000000,20,0.000000,0.018929,0.000000,0.000000,0.120524,0,0
lqr_pt_2602_hotel,gazebo_map2_straight_tracking,1,1,ros_live,gazebo,1788402253.112723,0.879057,0.008187,0.018933,0.999000,0.020000,0.000000,20,0.000000,0.018933,0.000000,0.000000,0.120524,0,0
lqr_pt_2602_hotel,gazebo_map2_straight_tracking,1,1,ros_live,gazebo,1788402253.162779,0.879057,0.008187,0.018934,0.999000,0.020000,0.000000,20,0.000000,0.018934,0.000000,0.000000,0.120524,0,0
lqr_pt_2602_hotel,gazebo_map2_straight_tracking,1,1,ros_live,gazebo,1788402253.212430,0.879057,0.008187,0.018934,0.999000,0.020000,0.000000,20,0.000000,0.018934,0.000000,0.000000,0.120524,0,0
lqr_pt_2602_hotel,gazebo_map2_straight_tracking,1,1,ros_live,gazebo,1788402253.262578,0.879057,0.008187,0.018934,0.999000,0.020000,0.000000,20,0.000000,0.018934,0.000000,0.000000,0.120524,0,0
lqr_pt_2602_hotel,gazebo_map2_straight_tracking,1,1,ros_live,gazebo,1788402253.312673,0.879057,0.008187,0.018930,0.999000,0.020000,0.000000,20,0.000000,0.018930,0.000000,0.000000,0.120524,0,0
lqr_pt_2602_hotel,gazebo_map2_straight_tracking,1,1,ros_live,gazebo,1788402253.362784,0.879057,0.008187,0.018935,0.999000,0.020000,0.000000,20,0.000000,0.018935,0.000000,0.000000,0.120524,0,0
lqr_pt_2602_hotel,gazebo_map2_straight_tracking,1,1,ros_live,gazebo,1788402253.412384,0.879057,0.008187,0.018935,0.999000,0.020000,0.000000,20,0.000000,0.018935,0.000000,0.000000,0.120524,0,0
lqr_pt_2602_hotel,gazebo_map2_straight_tracking,1,1,ros_live,gazebo,1788402253.462755,0.879057,0.008187,0.018935,0.999000,0.020000,0.000000,20,0.000000,0.018935,0.000000,0.000000,0.120524,0,0
lqr_pt_2602_hotel,gazebo_map2_straight_tracking,1,1,ros_live,gazebo,1788402253.512700,0.879057,0.008187,0.018941,0.999000,0.020000,0.000000,20,0.000000,0.018941,0.000000,0.000000,0.120524,0,0
lqr_pt_2602_hotel,gazebo_map2_straight_tracking,1,1,ros_live,gazebo,1788402253.562834,0.879057,0.008187,0.018943,0.999000,0.020000,0.000000,20,0.000000,0.018943,0.000000,0.000000,0.120524,0,0
lqr_pt_2602_hotel,gazebo_map2_straight_tracking,1,1,ros_live,gazebo,1788402253.612490,0.879057,0.008187,0.018942,0.999000,0.020000,0.000000,20,0.000000,0.018942,0.000000,0.000000,0.120524,0,0
lqr_pt_2602_hotel,gazebo_map2_straight_tracking,1,1,ros_live,gazebo,1788402253.662733,0.879057,0.008187,0.018941,0.999000,0.020000,0.000000,20,0.000000,0.018941,0.000000,0.000000,0.120524,0,0
lqr_pt_2602_hotel,gazebo_map2_straight_tracking,1,1,ros_live,gazebo,1788402253.712545,0.879057,0.008187,0.018938,0.999000,0.020000,0.000000,20,0.000000,0.018938,0.000000,0.000000,0.120524,0,0
lqr_pt_2602_hotel,gazebo_map2_straight_tracking,1,1,ros_live,gazebo,1788402253.762842,0.879057,0.008187,0.018939,0.999000,0.020000,0.000000,20,0.000000,0.018939,0.000000,0.000000,0.120524,0,0
lqr_pt_2602_hotel,gazebo_map2_straight_tracking,1,1,ros_live,gazebo,1788402253.812441,0.879057,0.008187,0.018945,0.999000,0.020000,0.000000,20,0.000000,0.018945,0.000000,0.000000,0.120524,0,0
lqr_pt_2602_hotel,gazebo_map2_straight_tracking,1,1,ros_live,gazebo,1788402253.862856,0.879057,0.008187,0.018949,0.999000,0.020000,0.000000,20,0.000000,0.018949,0.000000,0.000000,0.120524,0,0
lqr_pt_2602_hotel,gazebo_map2_straight_tracking,1,1,ros_live,gazebo,1788402253.912521,0.879057,0.008187,0.018947,0.999000,0.020000,0.000000,20,0.000000,0.018947,0.000000,0.000000,0.120524,0,0
lqr_pt_2602_hotel,gazebo_map2_straight_tracking,1,1,ros_live,gazebo,1788402253.962738,0.879057,0.008187,0.018945,0.999000,0.020000,0.000000,20,0.000000,0.018945,0.000000,0.000000,0.120524,0,0
lqr_pt_2602_hotel,gazebo_map2_straight_tracking,1,1,ros_live,gazebo,1788402254.012746,0.879057,0.008187,0.018944,0.999000,0.020000,0.000000,20,0.000000,0.018944,0.000000,0.000000,0.120524,0,0
lqr_pt_2602_hotel,gazebo_map2_straight_tracking,1,1,ros_live,gazebo,1788402254.062839,0.879057,0.008187,0.018946,0.999000,0.020000,0.000000,20,0.000000,0.018946,0.000000,0.000000,0.120524,0,0
lqr_pt_2602_hotel,gazebo_map2_straight_tracking,1,1,ros_live,gazebo,1788402254.112515,0.879057,0.008187,0.018944,0.999000,0.020000,0.000000,20,0.000000,0.018944,0.000000,0.000000,0.120524,0,0
lqr_pt_2602_hotel,gazebo_map2_straight_tracking,1,1,ros_live,gazebo,1788402254.162532,0.879057,0.008187,0.018943,0.999000,0.020000,0.000000,20,0.000000,0.018943,0.000000,0.000000,0.120524,0,0
lqr_pt_2602_hotel,gazebo_map2_straight_tracking,1,1,ros_live,gazebo,1788402254.212671,0.879057,0.008187,0.018941,0.999000,0.020000,0.000000,20,0.000000,0.018941,0.000000,0.000000,0.120524,0,0
lqr_pt_2602_hotel,gazebo_map2_straight_tracking,1,1,ros_live,gazebo,1788402254.262756,0.879057,0.008187,0.018939,0.999000,0.020000,0.000000,20,0.000000,0.018939,0.000000,0.000000,0.120524,0,0
lqr_pt_2602_hotel,gazebo_map2_straight_tracking,1,1,ros_live,gazebo,1788402254.312767,0.879057,0.008187,0.018941,0.999000,0.020000,0.000000,20,0.000000,0.018941,0.000000,0.000000,0.120524,0,0
lqr_pt_2602_hotel,gazebo_map2_straight_tracking,1,1,ros_live,gazebo,1788402254.362366,0.879057,0.008187,0.018936,0.999000,0.020000,0.000000,20,0.000000,0.018936,0.000000,0.000000,0.120524,0,0
lqr_pt_2602_hotel,gazebo_map2_straight_tracking,1,1,ros_live,gazebo,1788402254.412492,0.879057,0.008187,0.018940,0.999000,0.020000,0.000000,20,0.000000,0.018940,0.000000,0.000000,0.120524,0,0
lqr_pt_2602_hotel,gazebo_map2_straight_tracking,1,1,ros_live,gazebo,1788402254.462617,0.879057,0.008187,0.018941,0.999000,0.020000,0.000000,20,0.000000,0.018941,0.000000,0.000000,0.120524,0,0
lqr_pt_2602_hotel,gazebo_map2_straight_tracking,1,1,ros_live,gazebo,1788402254.512519,0.879057,0.008187,0.018941,0.999000,0.020000,0.000000,20,0.000000,0.018941,0.000000,0.000000,0.120524,0,0
lqr_pt_2602_hotel,gazebo_map2_straight_tracking,1,1,ros_live,gazebo,1788402254.562636,0.879057,0.008187,0.018950,0.999000,0.020000,0.000000,20,0.000000,0.018950,0.000000,0.000000,0.120524,0,0
lqr_pt_2602_hotel,gazebo_map2_straight_tracking,1,1,ros_live,gazebo,1788402254.612652,0.879057,0.008187,0.018954,0.999000,0.020000,0.000000,20,0.000000,0.018954,0.000000,0.000000,0.120524,0,0
lqr_pt_2602_hotel,gazebo_map2_straight_tracking,1,1,ros_live,gazebo,1788402254.662724,0.879057,0.008187,0.018953,0.999000,0.020000,0.000000,20,0.000000,0.018953,0.000000,0.000000,0.120524,0,0
lqr_pt_2602_hotel,gazebo_map2_straight_tracking,1,1,ros_live,gazebo,1788402254.713002,0.879057,0.008187,0.018952,0.999000,0.020000,0.000000,20,0.000000,0.018952,0.000000,0.000000,0.120524,0,0
lqr_pt_2602_hotel,gazebo_map2_straight_tracking,1,1,ros_live,gazebo,1788402254.762601,0.879057,0.008187,0.018953,0.999000,0.020000,0.000000,20,0.000000,0.018953,0.000000,0.000000,0.120524,0,0
lqr_pt_2602_hotel,gazebo_map2_straight_tracking,1,1,ros_live,gazebo,1788402254.812577,0.879057,0.008187,0.018953,0.999000,0.020000,0.000000,20,0.000000,0.018953,0.000000,0.000000,0.120524,0,0
lqr_pt_2602_hotel,gazebo_map2_straight_tracking,1,1,ros_live,gazebo,1788402254.862607,0.879057,0.008187,0.018953,0.999000,0.020000,0.000000,20,0.000000,0.018953,0.000000,0.000000,0.120524,0,0
lqr_pt_2602_hotel,gazebo_map2_straight_tracking,1,1,ros_live,gazebo,1788402254.913142,0.879057,0.008187,0.018952,0.999000,0.020000,0.000000,20,0.000000,0.018952,0.000000,0.000000,0.120524,0,0
lqr_pt_2602_hotel,gazebo_map2_straight_tracking,1,1,ros_live,gazebo,1788402254.962638,0.879057,0.008187,0.018950,0.999000,0.020000,0.000000,20,0.000000,0.018950,0.000000,0.000000,0.120524,0,0
lqr_pt_2602_hotel,gazebo_map2_straight_tracking,1,1,ros_live,gazebo,1788402255.012556,0.879057,0.008187,0.018951,0.999000,0.020000,0.000000,20,0.000000,0.018951,0.000000,0.000000,0.120524,0,0
lqr_pt_2602_hotel,gazebo_map2_straight_tracking,1,1,ros_live,gazebo,1788402255.062466,0.879057,0.008187,0.018951,0.999000,0.020000,0.000000,20,0.000000,0.018951,0.000000,0.000000,0.120524,0,0
lqr_pt_2602_hotel,gazebo_map2_straight_tracking,1,1,ros_live,gazebo,1788402255.113212,0.879057,0.008187,0.018956,0.999000,0.020000,0.000000,20,0.000000,0.018956,0.000000,0.000000,0.120524,0,0
lqr_pt_2602_hotel,gazebo_map2_straight_tracking,1,1,ros_live,gazebo,1788402255.162535,0.879057,0.008187,0.018949,0.999000,0.020000,0.000000,20,0.000000,0.018949,0.000000,0.000000,0.120524,0,0
lqr_pt_2602_hotel,gazebo_map2_straight_tracking,1,1,ros_live,gazebo,1788402255.212501,0.879057,0.008187,0.018948,0.999000,0.020000,0.000000,20,0.000000,0.018948,0.000000,0.000000,0.120524,0,0
lqr_pt_2602_hotel,gazebo_map2_straight_tracking,1,1,ros_live,gazebo,1788402255.262346,0.879057,0.008187,0.018946,0.999000,0.020000,0.000000,20,0.000000,0.018946,0.000000,0.000000,0.120524,0,0
lqr_pt_2602_hotel,gazebo_map2_straight_tracking,1,1,ros_live,gazebo,1788402255.312497,0.879057,0.008187,0.018946,0.999000,0.020000,0.000000,20,0.000000,0.018946,0.000000,0.000000,0.120524,0,0
lqr_pt_2602_hotel,gazebo_map2_straight_tracking,1,1,ros_live,gazebo,1788402255.362720,0.879057,0.008187,0.018948,0.999000,0.020000,0.000000,20,0.000000,0.018948,0.000000,0.000000,0.120524,0,0
lqr_pt_2602_hotel,gazebo_map2_straight_tracking,1,1,ros_live,gazebo,1788402255.412987,0.879057,0.008187,0.018952,0.999000,0.020000,0.000000,20,0.000000,0.018952,0.000000,0.000000,0.120524,0,0
lqr_pt_2602_hotel,gazebo_map2_straight_tracking,1,1,ros_live,gazebo,1788402255.462600,0.879057,0.008187,0.018954,0.999000,0.020000,0.000000,20,0.000000,0.018954,0.000000,0.000000,0.120524,0,0
lqr_pt_2602_hotel,gazebo_map2_straight_tracking,1,1,ros_live,gazebo,1788402255.512887,0.879057,0.008187,0.018953,0.999000,0.020000,0.000000,20,0.000000,0.018953,0.000000,0.000000,0.120524,0,0
lqr_pt_2602_hotel,gazebo_map2_straight_tracking,1,1,ros_live,gazebo,1788402255.562846,0.879057,0.008187,0.018954,0.999000,0.020000,0.000000,20,0.000000,0.018954,0.000000,0.000000,0.120524,0,0
lqr_pt_2602_hotel,gazebo_map2_straight_tracking,1,1,ros_live,gazebo,1788402255.612490,0.879057,0.008187,0.018957,0.999000,0.020000,0.000000,20,0.000000,0.018957,0.000000,0.000000,0.120524,0,0
lqr_pt_2602_hotel,gazebo_map2_straight_tracking,1,1,ros_live,gazebo,1788402255.662806,0.879057,0.008187,0.018956,0.999000,0.020000,0.000000,20,0.000000,0.018956,0.000000,0.000000,0.120524,0,0
lqr_pt_2602_hotel,gazebo_map2_straight_tracking,1,1,ros_live,gazebo,1788402255.712543,0.879057,0.008187,0.018957,0.999000,0.020000,0.000000,20,0.000000,0.018957,0.000000,0.000000,0.120524,0,0
lqr_pt_2602_hotel,gazebo_map2_straight_tracking,1,1,ros_live,gazebo,1788402255.762500,0.879057,0.008187,0.018957,0.999000,0.020000,0.000000,20,0.000000,0.018957,0.000000,0.000000,0.120524,0,0
lqr_pt_2602_hotel,gazebo_map2_straight_tracking,1,1,ros_live,gazebo,1788402255.812426,0.879057,0.008187,0.018959,0.999000,0.020000,0.000000,20,0.000000,0.018959,0.000000,0.000000,0.120524,0,0
lqr_pt_2602_hotel,gazebo_map2_straight_tracking,1,1,ros_live,gazebo,1788402255.862842,0.879057,0.008187,0.018956,0.999000,0.020000,0.000000,20,0.000000,0.018956,0.000000,0.000000,0.120524,0,0
lqr_pt_2602_hotel,gazebo_map2_straight_tracking,1,1,ros_live,gazebo,1788402255.912509,0.879057,0.008187,0.018957,0.999000,0.020000,0.000000,20,0.000000,0.018957,0.000000,0.000000,0.120524,0,0
lqr_pt_2602_hotel,gazebo_map2_straight_tracking,1,1,ros_live,gazebo,1788402255.962587,0.879057,0.008187,0.018958,0.999000,0.020000,0.000000,20,0.000000,0.018958,0.000000,0.000000,0.120524,0,0
lqr_pt_2602_hotel,gazebo_map2_straight_tracking,1,1,ros_live,gazebo,1788402256.012757,0.879057,0.008187,0.018964,0.999000,0.020000,0.000000,20,0.000000,0.018964,0.000000,0.000000,0.120524,0,0
lqr_pt_2602_hotel,gazebo_map2_straight_tracking,1,1,ros_live,gazebo,1788402256.062855,0.879057,0.008187,0.018961,0.999000,0.020000,0.000000,20,0.000000,0.018961,0.000000,0.000000,0.120524,0,0
lqr_pt_2602_hotel,gazebo_map2_straight_tracking,1,1,ros_live,gazebo,1788402256.112482,0.879057,0.008187,0.018961,0.999000,0.020000,0.000000,20,0.000000,0.018961,0.000000,0.000000,0.120524,0,0
lqr_pt_2602_hotel,gazebo_map2_straight_tracking,1,1,ros_live,gazebo,1788402256.162530,0.879057,0.008187,0.018960,0.999000,0.020000,0.000000,20,0.000000,0.018960,0.000000,0.000000,0.120524,0,0
lqr_pt_2602_hotel,gazebo_map2_straight_tracking,1,1,ros_live,gazebo,1788402256.212753,0.879057,0.008187,0.018956,0.999000,0.020000,0.000000,20,0.000000,0.018956,0.000000,0.000000,0.120524,0,0
lqr_pt_2602_hotel,gazebo_map2_straight_tracking,1,1,ros_live,gazebo,1788402256.262473,0.879057,0.008187,0.018961,0.999000,0.020000,0.000000,20,0.000000,0.018961,0.000000,0.000000,0.120524,0,0
lqr_pt_2602_hotel,gazebo_map2_straight_tracking,1,1,ros_live,gazebo,1788402256.312479,0.879057,0.008187,0.018960,0.999000,0.020000,0.000000,20,0.000000,0.018960,0.000000,0.000000,0.120524,0,0
lqr_pt_2602_hotel,gazebo_map2_straight_tracking,1,1,ros_live,gazebo,1788402256.362508,0.879057,0.008187,0.018960,0.999000,0.020000,0.000000,20,0.000000,0.018960,0.000000,0.000000,0.120524,0,0
lqr_pt_2602_hotel,gazebo_map2_straight_tracking,1,1,ros_live,gazebo,1788402256.412476,0.879057,0.008187,0.018960,0.999000,0.020000,0.000000,20,0.000000,0.018960,0.000000,0.000000,0.120524,0,0
lqr_pt_2602_hotel,gazebo_map2_straight_tracking,1,1,ros_live,gazebo,1788402256.462696,0.879057,0.008187,0.018962,0.999000,0.020000,0.000000,20,0.000000,0.018962,0.000000,0.000000,0.120524,0,0
lqr_pt_2602_hotel,gazebo_map2_straight_tracking,1,1,ros_live,gazebo,1788402256.512386,0.879057,0.008187,0.018968,0.999000,0.020000,0.000000,20,0.000000,0.018968,0.000000,0.000000,0.120524,0,0
lqr_pt_2602_hotel,gazebo_map2_straight_tracking,1,1,ros_live,gazebo,1788402256.562532,0.879057,0.008187,0.018965,0.999000,0.020000,0.000000,20,0.000000,0.018965,0.000000,0.000000,0.120524,0,0
lqr_pt_2602_hotel,gazebo_map2_straight_tracking,1,1,ros_live,gazebo,1788402256.612456,0.879057,0.008187,0.018966,0.999000,0.020000,0.000000,20,0.000000,0.018966,0.000000,0.000000,0.120524,0,0
lqr_pt_2602_hotel,gazebo_map2_straight_tracking,1,1,ros_live,gazebo,1788402256.662498,0.879057,0.008187,0.018965,0.999000,0.020000,0.000000,20,0.000000,0.018965,0.000000,0.000000,0.120524,0,0
lqr_pt_2602_hotel,gazebo_map2_straight_tracking,1,1,ros_live,gazebo,1788402256.712433,0.879057,0.008187,0.018974,0.999000,0.020000,0.000000,20,0.000000,0.018974,0.000000,0.000000,0.120524,0,0
lqr_pt_2602_hotel,gazebo_map2_straight_tracking,1,1,ros_live,gazebo,1788402256.762500,0.879057,0.008187,0.018975,0.999000,0.020000,0.000000,20,0.000000,0.018975,0.000000,0.000000,0.120524,0,0
lqr_pt_2602_hotel,gazebo_map2_straight_tracking,1,1,ros_live,gazebo,1788402256.812728,0.879057,0.008187,0.018978,0.999000,0.020000,0.000000,20,0.000000,0.018978,0.000000,0.000000,0.120524,0,0
lqr_pt_2602_hotel,gazebo_map2_straight_tracking,1,1,ros_live,gazebo,1788402256.862489,0.879057,0.008187,0.018973,0.999000,0.020000,0.000000,20,0.000000,0.018973,0.000000,0.000000,0.120524,0,0
lqr_pt_2602_hotel,gazebo_map2_straight_tracking,1,1,ros_live,gazebo,1788402256.913012,0.879057,0.008187,0.018975,0.999000,0.020000,0.000000,20,0.000000,0.018975,0.000000,0.000000,0.120524,0,0
lqr_pt_2602_hotel,gazebo_map2_straight_tracking,1,1,ros_live,gazebo,1788402256.962420,0.879057,0.008187,0.018973,0.999000,0.020000,0.000000,20,0.000000,0.018973,0.000000,0.000000,0.120524,0,0
lqr_pt_2602_hotel,gazebo_map2_straight_tracking,1,1,ros_live,gazebo,1788402257.012787,0.879057,0.008187,0.018972,0.999000,0.020000,0.000000,20,0.000000,0.018972,0.000000,0.000000,0.120524,0,0
lqr_pt_2602_hotel,gazebo_map2_straight_tracking,1,1,ros_live,gazebo,1788402257.062458,0.879057,0.008187,0.018972,0.999000,0.020000,0.000000,20,0.000000,0.018972,0.000000,0.000000,0.120524,0,0
lqr_pt_2602_hotel,gazebo_map2_straight_tracking,1,1,ros_live,gazebo,1788402257.112501,0.879057,0.008187,0.018975,0.999000,0.020000,0.000000,20,0.000000,0.018975,0.000000,0.000000,0.120524,0,0
lqr_pt_2602_hotel,gazebo_map2_straight_tracking,1,1,ros_live,gazebo,1788402257.162559,0.879057,0.008187,0.018968,0.999000,0.020000,0.000000,20,0.000000,0.018968,0.000000,0.000000,0.120524,0,0
lqr_pt_2602_hotel,gazebo_map2_straight_tracking,1,1,ros_live,gazebo,1788402257.212863,0.879057,0.008187,0.018970,0.999000,0.020000,0.000000,20,0.000000,0.018970,0.000000,0.000000,0.120524,0,0
lqr_pt_2602_hotel,gazebo_map2_straight_tracking,1,1,ros_live,gazebo,1788402257.262448,0.879057,0.008187,0.018968,0.999000,0.020000,0.000000,20,0.000000,0.018968,0.000000,0.000000,0.120524,0,0
lqr_pt_2602_hotel,gazebo_map2_straight_tracking,1,1,ros_live,gazebo,1788402257.312852,0.879057,0.008187,0.018966,0.999000,0.020000,0.000000,20,0.000000,0.018966,0.000000,0.000000,0.120524,0,0
lqr_pt_2602_hotel,gazebo_map2_straight_tracking,1,1,ros_live,gazebo,1788402257.362479,0.879057,0.008187,0.018962,0.999000,0.020000,0.000000,20,0.000000,0.018962,0.000000,0.000000,0.120524,0,0
lqr_pt_2602_hotel,gazebo_map2_straight_tracking,1,1,ros_live,gazebo,1788402257.412864,0.879057,0.008187,0.018963,0.999000,0.020000,0.000000,20,0.000000,0.018963,0.000000,0.000000,0.120524,0,0
lqr_pt_2602_hotel,gazebo_map2_straight_tracking,1,1,ros_live,gazebo,1788402257.462348,0.879057,0.008187,0.018964,0.999000,0.020000,0.000000,20,0.000000,0.018964,0.000000,0.000000,0.120524,0,0
lqr_pt_2602_hotel,gazebo_map2_straight_tracking,1,1,ros_live,gazebo,1788402257.512844,0.879057,0.008187,0.018967,0.999000,0.020000,0.000000,20,0.000000,0.018967,0.000000,0.000000,0.120524,0,0
lqr_pt_2602_hotel,gazebo_map2_straight_tracking,1,1,ros_live,gazebo,1788402257.562578,0.879057,0.008187,0.018965,0.999000,0.020000,0.000000,20,0.000000,0.018965,0.000000,0.000000,0.120524,0,0
lqr_pt_2602_hotel,gazebo_map2_straight_tracking,1,1,ros_live,gazebo,1788402257.612832,0.879057,0.008187,0.018968,0.999000,0.020000,0.000000,20,0.000000,0.018968,0.000000,0.000000,0.120524,0,0
lqr_pt_2602_hotel,gazebo_map2_straight_tracking,1,1,ros_live,gazebo,1788402257.662572,0.879057,0.008187,0.018967,0.999000,0.020000,0.000000,20,0.000000,0.018967,0.000000,0.000000,0.120524,0,0
lqr_pt_2602_hotel,gazebo_map2_straight_tracking,1,1,ros_live,gazebo,1788402257.712838,0.879057,0.008187,0.018966,0.999000,0.020000,0.000000,20,0.000000,0.018966,0.000000,0.000000,0.120524,0,0
lqr_pt_2602_hotel,gazebo_map2_straight_tracking,1,1,ros_live,gazebo,1788402257.762432,0.879057,0.008187,0.018964,0.999000,0.020000,0.000000,20,0.000000,0.018964,0.000000,0.000000,0.120524,0,0
lqr_pt_2602_hotel,gazebo_map2_straight_tracking,1,1,ros_live,gazebo,1788402257.812702,0.879057,0.008187,0.018969,0.999000,0.020000,0.000000,20,0.000000,0.018969,0.000000,0.000000,0.120524,0,0
lqr_pt_2602_hotel,gazebo_map2_straight_tracking,1,1,ros_live,gazebo,1788402257.862595,0.879057,0.008187,0.018964,0.999000,0.020000,0.000000,20,0.000000,0.018964,0.000000,0.000000,0.120524,0,0
lqr_pt_2602_hotel,gazebo_map2_straight_tracking,1,1,ros_live,gazebo,1788402257.912848,0.879057,0.008187,0.018966,0.999000,0.020000,0.000000,20,0.000000,0.018966,0.000000,0.000000,0.120524,0,0
lqr_pt_2602_hotel,gazebo_map2_straight_tracking,1,1,ros_live,gazebo,1788402257.962523,0.879057,0.008187,0.018963,0.999000,0.020000,0.000000,20,0.000000,0.018963,0.000000,0.000000,0.120524,0,0
lqr_pt_2602_hotel,gazebo_map2_straight_tracking,1,1,ros_live,gazebo,1788402258.012721,0.879057,0.008187,0.018964,0.999000,0.020000,0.000000,20,0.000000,0.018964,0.000000,0.000000,0.120524,0,0
lqr_pt_2602_hotel,gazebo_map2_straight_tracking,1,1,ros_live,gazebo,1788402258.062508,0.879057,0.008187,0.018961,0.999000,0.020000,0.000000,20,0.000000,0.018961,0.000000,0.000000,0.120524,0,0
lqr_pt_2602_hotel,gazebo_map2_straight_tracking,1,1,ros_live,gazebo,1788402258.112711,0.879057,0.008187,0.018964,0.999000,0.020000,0.000000,20,0.000000,0.018964,0.000000,0.000000,0.120524,0,0
lqr_pt_2602_hotel,gazebo_map2_straight_tracking,1,1,ros_live,gazebo,1788402258.162504,0.879057,0.008187,0.018965,0.999000,0.020000,0.000000,20,0.000000,0.018965,0.000000,0.000000,0.120524,0,0
lqr_pt_2602_hotel,gazebo_map2_straight_tracking,1,1,ros_live,gazebo,1788402258.212512,0.879057,0.008187,0.018962,0.999000,0.020000,0.000000,20,0.000000,0.018962,0.000000,0.000000,0.120524,0,0
lqr_pt_2602_hotel,gazebo_map2_straight_tracking,1,1,ros_live,gazebo,1788402258.262737,0.879057,0.008187,0.018961,0.999000,0.020000,0.000000,20,0.000000,0.018961,0.000000,0.000000,0.120524,0,0
lqr_pt_2602_hotel,gazebo_map2_straight_tracking,1,1,ros_live,gazebo,1788402258.312513,0.879057,0.008187,0.018964,0.999000,0.020000,0.000000,20,0.000000,0.018964,0.000000,0.000000,0.120524,0,0
lqr_pt_2602_hotel,gazebo_map2_straight_tracking,1,1,ros_live,gazebo,1788402258.362732,0.879057,0.008187,0.018963,0.999000,0.020000,0.000000,20,0.000000,0.018963,0.000000,0.000000,0.120524,0,0
lqr_pt_2602_hotel,gazebo_map2_straight_tracking,1,1,ros_live,gazebo,1788402258.412671,0.879057,0.008187,0.018963,0.999000,0.020000,0.000000,20,0.000000,0.018963,0.000000,0.000000,0.120524,0,0
lqr_pt_2602_hotel,gazebo_map2_straight_tracking,1,1,ros_live,gazebo,1788402258.462652,0.879057,0.008187,0.018967,0.999000,0.020000,0.000000,20,0.000000,0.018967,0.000000,0.000000,0.120524,0,0
lqr_pt_2602_hotel,gazebo_map2_straight_tracking,1,1,ros_live,gazebo,1788402258.512377,0.879057,0.008187,0.018963,0.999000,0.020000,0.000000,20,0.000000,0.018963,0.000000,0.000000,0.120524,0,0
lqr_pt_2602_hotel,gazebo_map2_straight_tracking,1,1,ros_live,gazebo,1788402258.562673,0.879057,0.008187,0.018964,0.999000,0.020000,0.000000,20,0.000000,0.018964,0.000000,0.000000,0.120524,0,0
lqr_pt_2602_hotel,gazebo_map2_straight_tracking,1,1,ros_live,gazebo,1788402258.612649,0.879057,0.008187,0.018960,0.999000,0.020000,0.000000,20,0.000000,0.018960,0.000000,0.000000,0.120524,0,0
lqr_pt_2602_hotel,gazebo_map2_straight_tracking,1,1,ros_live,gazebo,1788402258.662544,0.879057,0.008187,0.018960,0.999000,0.020000,0.000000,20,0.000000,0.018960,0.000000,0.000000,0.120524,0,0
lqr_pt_2602_hotel,gazebo_map2_straight_tracking,1,1,ros_live,gazebo,1788402258.712576,0.879057,0.008187,0.018960,0.999000,0.020000,0.000000,20,0.000000,0.018960,0.000000,0.000000,0.120524,0,0
lqr_pt_2602_hotel,gazebo_map2_straight_tracking,1,1,ros_live,gazebo,1788402258.762818,0.879057,0.008187,0.018959,0.999000,0.020000,0.000000,20,0.000000,0.018959,0.000000,0.000000,0.120524,0,0
lqr_pt_2602_hotel,gazebo_map2_straight_tracking,1,1,ros_live,gazebo,1788402258.812377,0.879057,0.008187,0.018958,0.999000,0.020000,0.000000,20,0.000000,0.018958,0.000000,0.000000,0.120524,0,0
lqr_pt_2602_hotel,gazebo_map2_straight_tracking,1,1,ros_live,gazebo,1788402258.862733,0.879057,0.008187,0.018956,0.999000,0.020000,0.000000,20,0.000000,0.018956,0.000000,0.000000,0.120524,0,0
lqr_pt_2602_hotel,gazebo_map2_straight_tracking,1,1,ros_live,gazebo,1788402258.912544,0.879057,0.008187,0.018947,0.999000,0.020000,0.000000,20,0.000000,0.018947,0.000000,0.000000,0.120524,0,0
lqr_pt_2602_hotel,gazebo_map2_straight_tracking,1,1,ros_live,gazebo,1788402258.962824,0.879057,0.008187,0.018945,0.999000,0.020000,0.000000,20,0.000000,0.018945,0.000000,0.000000,0.120524,0,0
lqr_pt_2602_hotel,gazebo_map2_straight_tracking,1,1,ros_live,gazebo,1788402259.012473,0.879057,0.008187,0.018949,0.999000,0.020000,0.000000,20,0.000000,0.018949,0.000000,0.000000,0.120524,0,0
lqr_pt_2602_hotel,gazebo_map2_straight_tracking,1,1,ros_live,gazebo,1788402259.062573,0.879057,0.008187,0.018947,0.999000,0.020000,0.000000,20,0.000000,0.018947,0.000000,0.000000,0.120524,0,0
lqr_pt_2602_hotel,gazebo_map2_straight_tracking,1,1,ros_live,gazebo,1788402259.112428,0.879057,0.008187,0.018946,0.999000,0.020000,0.000000,20,0.000000,0.018946,0.000000,0.000000,0.120524,0,0
lqr_pt_2602_hotel,gazebo_map2_straight_tracking,1,1,ros_live,gazebo,1788402259.163138,0.879057,0.008187,0.018949,0.999000,0.020000,0.000000,20,0.000000,0.018949,0.000000,0.000000,0.120524,0,0
lqr_pt_2602_hotel,gazebo_map2_straight_tracking,1,1,ros_live,gazebo,1788402259.212560,0.879057,0.008187,0.018950,0.999000,0.020000,0.000000,20,0.000000,0.018950,0.000000,0.000000,0.120524,0,0
lqr_pt_2602_hotel,gazebo_map2_straight_tracking,1,1,ros_live,gazebo,1788402259.262855,0.879057,0.008187,0.018945,0.999000,0.020000,0.000000,20,0.000000,0.018945,0.000000,0.000000,0.120524,0,0
lqr_pt_2602_hotel,gazebo_map2_straight_tracking,1,1,ros_live,gazebo,1788402259.312731,0.879057,0.008187,0.018945,0.999000,0.020000,0.000000,20,0.000000,0.018945,0.000000,0.000000,0.120524,0,0
lqr_pt_2602_hotel,gazebo_map2_straight_tracking,1,1,ros_live,gazebo,1788402259.362915,0.879057,0.008187,0.018947,0.999000,0.020000,0.000000,20,0.000000,0.018947,0.000000,0.000000,0.120524,0,0
lqr_pt_2602_hotel,gazebo_map2_straight_tracking,1,1,ros_live,gazebo,1788402259.412453,0.879057,0.008187,0.018945,0.999000,0.020000,0.000000,20,0.000000,0.018945,0.000000,0.000000,0.120524,0,0
lqr_pt_2602_hotel,gazebo_map2_straight_tracking,1,1,ros_live,gazebo,1788402259.462513,0.879057,0.008187,0.018940,0.999000,0.020000,0.000000,20,0.000000,0.018940,0.000000,0.000000,0.120524,0,0
lqr_pt_2602_hotel,gazebo_map2_straight_tracking,1,1,ros_live,gazebo,1788402259.512474,0.879057,0.008187,0.018936,0.999000,0.020000,0.000000,20,0.000000,0.018936,0.000000,0.000000,0.120524,0,0
lqr_pt_2602_hotel,gazebo_map2_straight_tracking,1,1,ros_live,gazebo,1788402259.562548,0.879057,0.008187,0.018938,0.999000,0.020000,0.000000,20,0.000000,0.018938,0.000000,0.000000,0.120524,0,0
lqr_pt_2602_hotel,gazebo_map2_straight_tracking,1,1,ros_live,gazebo,1788402259.612743,0.879057,0.008187,0.018942,0.999000,0.020000,0.000000,20,0.000000,0.018942,0.000000,0.000000,0.120524,0,0
lqr_pt_2602_hotel,gazebo_map2_straight_tracking,1,1,ros_live,gazebo,1788402259.662743,0.879057,0.008187,0.018939,0.999000,0.020000,0.000000,20,0.000000,0.018939,0.000000,0.000000,0.120524,0,0
lqr_pt_2602_hotel,gazebo_map2_straight_tracking,1,1,ros_live,gazebo,1788402259.712560,0.879057,0.008187,0.018940,0.999000,0.020000,0.000000,20,0.000000,0.018940,0.000000,0.000000,0.120524,0,0
lqr_pt_2602_hotel,gazebo_map2_straight_tracking,1,1,ros_live,gazebo,1788402259.762693,0.879057,0.008187,0.018940,0.999000,0.020000,0.000000,20,0.000000,0.018940,0.000000,0.000000,0.120524,0,0
lqr_pt_2602_hotel,gazebo_map2_straight_tracking,1,1,ros_live,gazebo,1788402259.812408,0.879057,0.008187,0.018942,0.999000,0.020000,0.000000,20,0.000000,0.018942,0.000000,0.000000,0.120524,0,0
lqr_pt_2602_hotel,gazebo_map2_straight_tracking,1,1,ros_live,gazebo,1788402259.862536,0.879057,0.008187,0.018943,0.999000,0.020000,0.000000,20,0.000000,0.018943,0.000000,0.000000,0.120524,0,0
lqr_pt_2602_hotel,gazebo_map2_straight_tracking,1,1,ros_live,gazebo,1788402259.912578,0.879057,0.008187,0.018942,0.999000,0.020000,0.000000,20,0.000000,0.018942,0.000000,0.000000,0.120524,0,0
lqr_pt_2602_hotel,gazebo_map2_straight_tracking,1,1,ros_live,gazebo,1788402259.962574,0.879057,0.008187,0.018939,0.999000,0.020000,0.000000,20,0.000000,0.018939,0.000000,0.000000,0.120524,0,0
lqr_pt_2602_hotel,gazebo_map2_straight_tracking,1,1,ros_live,gazebo,1788402260.012368,0.879057,0.008187,0.018938,0.999000,0.020000,0.000000,20,0.000000,0.018938,0.000000,0.000000,0.120524,0,0
lqr_pt_2602_hotel,gazebo_map2_straight_tracking,1,1,ros_live,gazebo,1788402260.062590,0.879057,0.008187,0.018937,0.999000,0.020000,0.000000,20,0.000000,0.018937,0.000000,0.000000,0.120524,0,0
lqr_pt_2602_hotel,gazebo_map2_straight_tracking,1,1,ros_live,gazebo,1788402260.112436,0.879057,0.008187,0.018936,0.999000,0.020000,0.000000,20,0.000000,0.018936,0.000000,0.000000,0.120524,0,0
lqr_pt_2602_hotel,gazebo_map2_straight_tracking,1,1,ros_live,gazebo,1788402260.162649,0.879057,0.008187,0.018937,0.999000,0.020000,0.000000,20,0.000000,0.018937,0.000000,0.000000,0.120524,0,0
lqr_pt_2602_hotel,gazebo_map2_straight_tracking,1,1,ros_live,gazebo,1788402260.212539,0.879057,0.008187,0.018936,0.999000,0.020000,0.000000,20,0.000000,0.018936,0.000000,0.000000,0.120524,0,0
lqr_pt_2602_hotel,gazebo_map2_straight_tracking,1,1,ros_live,gazebo,1788402260.262564,0.879057,0.008187,0.018939,0.999000,0.020000,0.000000,20,0.000000,0.018939,0.000000,0.000000,0.120524,0,0
lqr_pt_2602_hotel,gazebo_map2_straight_tracking,1,1,ros_live,gazebo,1788402260.312763,0.879057,0.008187,0.018940,0.999000,0.020000,0.000000,20,0.000000,0.018940,0.000000,0.000000,0.120524,0,0
lqr_pt_2602_hotel,gazebo_map2_straight_tracking,1,1,ros_live,gazebo,1788402260.362445,0.879057,0.008187,0.018941,0.999000,0.020000,0.000000,20,0.000000,0.018941,0.000000,0.000000,0.120524,0,0
lqr_pt_2602_hotel,gazebo_map2_straight_tracking,1,1,ros_live,gazebo,1788402260.412737,0.879057,0.008187,0.018942,0.999000,0.020000,0.000000,20,0.000000,0.018942,0.000000,0.000000,0.120524,0,0
lqr_pt_2602_hotel,gazebo_map2_straight_tracking,1,1,ros_live,gazebo,1788402260.462508,0.879057,0.008187,0.018944,0.999000,0.020000,0.000000,20,0.000000,0.018944,0.000000,0.000000,0.120524,0,0
lqr_pt_2602_hotel,gazebo_map2_straight_tracking,1,1,ros_live,gazebo,1788402260.512533,0.879057,0.008187,0.018944,0.999000,0.020000,0.000000,20,0.000000,0.018944,0.000000,0.000000,0.120524,0,0
lqr_pt_2602_hotel,gazebo_map2_straight_tracking,1,1,ros_live,gazebo,1788402260.562418,0.879057,0.008187,0.018942,0.999000,0.020000,0.000000,20,0.000000,0.018942,0.000000,0.000000,0.120524,0,0
lqr_pt_2602_hotel,gazebo_map2_straight_tracking,1,1,ros_live,gazebo,1788402260.612740,0.879057,0.008187,0.018942,0.999000,0.020000,0.000000,20,0.000000,0.018942,0.000000,0.000000,0.120524,0,0
lqr_pt_2602_hotel,gazebo_map2_straight_tracking,1,1,ros_live,gazebo,1788402260.662700,0.879057,0.008187,0.018938,0.999000,0.020000,0.000000,20,0.000000,0.018938,0.000000,0.000000,0.120524,0,0
lqr_pt_2602_hotel,gazebo_map2_straight_tracking,1,1,ros_live,gazebo,1788402260.712485,0.879057,0.008187,0.018942,0.999000,0.020000,0.000000,20,0.000000,0.018942,0.000000,0.000000,0.120524,0,0
lqr_pt_2602_hotel,gazebo_map2_straight_tracking,1,1,ros_live,gazebo,1788402260.763000,0.879057,0.008187,0.018943,0.999000,0.020000,0.000000,20,0.000000,0.018943,0.000000,0.000000,0.120524,0,0
lqr_pt_2602_hotel,gazebo_map2_straight_tracking,1,1,ros_live,gazebo,1788402260.812499,0.879057,0.008187,0.018938,0.999000,0.020000,0.000000,20,0.000000,0.018938,0.000000,0.000000,0.120524,0,0
lqr_pt_2602_hotel,gazebo_map2_straight_tracking,1,1,ros_live,gazebo,1788402260.862868,0.879057,0.008187,0.018941,0.999000,0.020000,0.000000,20,0.000000,0.018941,0.000000,0.000000,0.120524,0,0
lqr_pt_2602_hotel,gazebo_map2_straight_tracking,1,1,ros_live,gazebo,1788402260.912882,0.879057,0.008187,0.018936,0.999000,0.020000,0.000000,20,0.000000,0.018936,0.000000,0.000000,0.120524,0,0
lqr_pt_2602_hotel,gazebo_map2_straight_tracking,1,1,ros_live,gazebo,1788402260.962851,0.879057,0.008187,0.018936,0.999000,0.020000,0.000000,20,0.000000,0.018936,0.000000,0.000000,0.120524,0,0
lqr_pt_2602_hotel,gazebo_map2_straight_tracking,1,1,ros_live,gazebo,1788402261.012831,0.879057,0.008187,0.018944,0.999000,0.020000,0.000000,20,0.000000,0.018944,0.000000,0.000000,0.120524,0,0
lqr_pt_2602_hotel,gazebo_map2_straight_tracking,1,1,ros_live,gazebo,1788402261.062788,0.879057,0.008187,0.018941,0.999000,0.020000,0.000000,20,0.000000,0.018941,0.000000,0.000000,0.120524,0,0
lqr_pt_2602_hotel,gazebo_map2_straight_tracking,1,1,ros_live,gazebo,1788402261.112857,0.879057,0.008187,0.018934,0.999000,0.020000,0.000000,20,0.000000,0.018934,0.000000,0.000000,0.120524,0,0
lqr_pt_2602_hotel,gazebo_map2_straight_tracking,1,1,ros_live,gazebo,1788402261.162490,0.879057,0.008187,0.018935,0.999000,0.020000,0.000000,20,0.000000,0.018935,0.000000,0.000000,0.120524,0,0
lqr_pt_2602_hotel,gazebo_map2_straight_tracking,1,1,ros_live,gazebo,1788402261.212858,0.879057,0.008187,0.018935,0.999000,0.020000,0.000000,20,0.000000,0.018935,0.000000,0.000000,0.120524,0,0
lqr_pt_2602_hotel,gazebo_map2_straight_tracking,1,1,ros_live,gazebo,1788402261.262594,0.879057,0.008187,0.018936,0.999000,0.020000,0.000000,20,0.000000,0.018936,0.000000,0.000000,0.120524,0,0
lqr_pt_2602_hotel,gazebo_map2_straight_tracking,1,1,ros_live,gazebo,1788402261.312572,0.879057,0.008187,0.018939,0.999000,0.020000,0.000000,20,0.000000,0.018939,0.000000,0.000000,0.120524,0,0
lqr_pt_2602_hotel,gazebo_map2_straight_tracking,1,1,ros_live,gazebo,1788402261.362603,0.879057,0.008187,0.018942,0.999000,0.020000,0.000000,20,0.000000,0.018942,0.000000,0.000000,0.120524,0,0
lqr_pt_2602_hotel,gazebo_map2_straight_tracking,1,1,ros_live,gazebo,1788402261.413132,0.879057,0.008187,0.018941,0.999000,0.020000,0.000000,20,0.000000,0.018941,0.000000,0.000000,0.120524,0,0
lqr_pt_2602_hotel,gazebo_map2_straight_tracking,1,1,ros_live,gazebo,1788402261.462463,0.879057,0.008187,0.018940,0.999000,0.020000,0.000000,20,0.000000,0.018940,0.000000,0.000000,0.120524,0,0
lqr_pt_2602_hotel,gazebo_map2_straight_tracking,1,1,ros_live,gazebo,1788402261.512551,0.879057,0.008187,0.018940,0.999000,0.020000,0.000000,20,0.000000,0.018940,0.000000,0.000000,0.120524,0,0
lqr_pt_2602_hotel,gazebo_map2_straight_tracking,1,1,ros_live,gazebo,1788402261.562989,0.879057,0.008187,0.018941,0.999000,0.020000,0.000000,20,0.000000,0.018941,0.000000,0.000000,0.120524,0,0
lqr_pt_2602_hotel,gazebo_map2_straight_tracking,1,1,ros_live,gazebo,1788402261.612358,0.879057,0.008187,0.018947,0.999000,0.020000,0.000000,20,0.000000,0.018947,0.000000,0.000000,0.120524,0,0
lqr_pt_2602_hotel,gazebo_map2_straight_tracking,1,1,ros_live,gazebo,1788402261.662609,0.879057,0.008187,0.018946,0.999000,0.020000,0.000000,20,0.000000,0.018946,0.000000,0.000000,0.120524,0,0
lqr_pt_2602_hotel,gazebo_map2_straight_tracking,1,1,ros_live,gazebo,1788402261.712478,0.879057,0.008187,0.018949,0.999000,0.020000,0.000000,20,0.000000,0.018949,0.000000,0.000000,0.120524,0,0
lqr_pt_2602_hotel,gazebo_map2_straight_tracking,1,1,ros_live,gazebo,1788402261.762533,0.879057,0.008187,0.018944,0.999000,0.020000,0.000000,20,0.000000,0.018944,0.000000,0.000000,0.120524,0,0
lqr_pt_2602_hotel,gazebo_map2_straight_tracking,1,1,ros_live,gazebo,1788402261.812373,0.879057,0.008187,0.018947,0.999000,0.020000,0.000000,20,0.000000,0.018947,0.000000,0.000000,0.120524,0,0
lqr_pt_2602_hotel,gazebo_map2_straight_tracking,1,1,ros_live,gazebo,1788402261.862483,0.879057,0.008187,0.018946,0.999000,0.020000,0.000000,20,0.000000,0.018946,0.000000,0.000000,0.120524,0,0
lqr_pt_2602_hotel,gazebo_map2_straight_tracking,1,1,ros_live,gazebo,1788402261.912865,0.879057,0.008187,0.018941,0.999000,0.020000,0.000000,20,0.000000,0.018941,0.000000,0.000000,0.120524,0,0
lqr_pt_2602_hotel,gazebo_map2_straight_tracking,1,1,ros_live,gazebo,1788402261.962814,0.879057,0.008187,0.018942,0.999000,0.020000,0.000000,20,0.000000,0.018942,0.000000,0.000000,0.120524,0,0
lqr_pt_2602_hotel,gazebo_map2_straight_tracking,1,1,ros_live,gazebo,1788402262.012370,0.879057,0.008187,0.018944,0.999000,0.020000,0.000000,20,0.000000,0.018944,0.000000,0.000000,0.120524,0,0
lqr_pt_2602_hotel,gazebo_map2_straight_tracking,1,1,ros_live,gazebo,1788402262.062484,0.879057,0.008187,0.018943,0.999000,0.020000,0.000000,20,0.000000,0.018943,0.000000,0.000000,0.120524,0,0
lqr_pt_2602_hotel,gazebo_map2_straight_tracking,1,1,ros_live,gazebo,1788402262.112592,0.879057,0.008187,0.018946,0.999000,0.020000,0.000000,20,0.000000,0.018946,0.000000,0.000000,0.120524,0,0
lqr_pt_2602_hotel,gazebo_map2_straight_tracking,1,1,ros_live,gazebo,1788402262.162783,0.879057,0.008187,0.018939,0.999000,0.020000,0.000000,20,0.000000,0.018939,0.000000,0.000000,0.120524,0,0
lqr_pt_2602_hotel,gazebo_map2_straight_tracking,1,1,ros_live,gazebo,1788402262.212507,0.879057,0.008187,0.018942,0.999000,0.020000,0.000000,20,0.000000,0.018942,0.000000,0.000000,0.120524,0,0
lqr_pt_2602_hotel,gazebo_map2_straight_tracking,1,1,ros_live,gazebo,1788402262.262447,0.879057,0.008187,0.018941,0.999000,0.020000,0.000000,20,0.000000,0.018941,0.000000,0.000000,0.120524,0,0
lqr_pt_2602_hotel,gazebo_map2_straight_tracking,1,1,ros_live,gazebo,1788402262.312489,0.879057,0.008187,0.018946,0.999000,0.020000,0.000000,20,0.000000,0.018946,0.000000,0.000000,0.120524,0,0
lqr_pt_2602_hotel,gazebo_map2_straight_tracking,1,1,ros_live,gazebo,1788402262.362671,0.879057,0.008187,0.018942,0.999000,0.020000,0.000000,20,0.000000,0.018942,0.000000,0.000000,0.120524,0,0
lqr_pt_2602_hotel,gazebo_map2_straight_tracking,1,1,ros_live,gazebo,1788402262.412803,0.879057,0.008187,0.018945,0.999000,0.020000,0.000000,20,0.000000,0.018945,0.000000,0.000000,0.120524,0,0
lqr_pt_2602_hotel,gazebo_map2_straight_tracking,1,1,ros_live,gazebo,1788402262.462676,0.879057,0.008187,0.018943,0.999000,0.020000,0.000000,20,0.000000,0.018943,0.000000,0.000000,0.120524,0,0
lqr_pt_2602_hotel,gazebo_map2_straight_tracking,1,1,ros_live,gazebo,1788402262.512692,0.879057,0.008187,0.018943,0.999000,0.020000,0.000000,20,0.000000,0.018943,0.000000,0.000000,0.120524,0,0
lqr_pt_2602_hotel,gazebo_map2_straight_tracking,1,1,ros_live,gazebo,1788402262.562466,0.879057,0.008187,0.018935,0.999000,0.020000,0.000000,20,0.000000,0.018935,0.000000,0.000000,0.120524,0,0
lqr_pt_2602_hotel,gazebo_map2_straight_tracking,1,1,ros_live,gazebo,1788402262.612613,0.879057,0.008187,0.018939,0.999000,0.020000,0.000000,20,0.000000,0.018939,0.000000,0.000000,0.120524,0,0
lqr_pt_2602_hotel,gazebo_map2_straight_tracking,1,1,ros_live,gazebo,1788402262.662548,0.879057,0.008187,0.018936,0.999000,0.020000,0.000000,20,0.000000,0.018936,0.000000,0.000000,0.120524,0,0
lqr_pt_2602_hotel,gazebo_map2_straight_tracking,1,1,ros_live,gazebo,1788402262.713125,0.879057,0.008187,0.018936,0.999000,0.020000,0.000000,20,0.000000,0.018936,0.000000,0.000000,0.120524,0,0
lqr_pt_2602_hotel,gazebo_map2_straight_tracking,1,1,ros_live,gazebo,1788402262.762570,0.879057,0.008187,0.018936,0.999000,0.020000,0.000000,20,0.000000,0.018936,0.000000,0.000000,0.120524,0,0
lqr_pt_2602_hotel,gazebo_map2_straight_tracking,1,1,ros_live,gazebo,1788402262.812527,0.879057,0.008187,0.018940,0.999000,0.020000,0.000000,20,0.000000,0.018940,0.000000,0.000000,0.120524,0,0
lqr_pt_2602_hotel,gazebo_map2_straight_tracking,1,1,ros_live,gazebo,1788402262.862358,0.879057,0.008187,0.018944,0.999000,0.020000,0.000000,20,0.000000,0.018944,0.000000,0.000000,0.120524,0,0
lqr_pt_2602_hotel,gazebo_map2_straight_tracking,1,1,ros_live,gazebo,1788402262.912689,0.879057,0.008187,0.018944,0.999000,0.020000,0.000000,20,0.000000,0.018944,0.000000,0.000000,0.120524,0,0
lqr_pt_2602_hotel,gazebo_map2_straight_tracking,1,1,ros_live,gazebo,1788402262.962433,0.879057,0.008187,0.018942,0.999000,0.020000,0.000000,20,0.000000,0.018942,0.000000,0.000000,0.120524,0,0
lqr_pt_2602_hotel,gazebo_map2_straight_tracking,1,1,ros_live,gazebo,1788402263.012786,0.879057,0.008187,0.018947,0.999000,0.020000,0.000000,20,0.000000,0.018947,0.000000,0.000000,0.120524,0,0
lqr_pt_2602_hotel,gazebo_map2_straight_tracking,1,1,ros_live,gazebo,1788402263.062740,0.879057,0.008187,0.018949,0.999000,0.020000,0.000000,20,0.000000,0.018949,0.000000,0.000000,0.120524,0,0
lqr_pt_2602_hotel,gazebo_map2_straight_tracking,1,1,ros_live,gazebo,1788402263.112768,0.879057,0.008187,0.018952,0.999000,0.020000,0.000000,20,0.000000,0.018952,0.000000,0.000000,0.120524,0,0
lqr_pt_2602_hotel,gazebo_map2_straight_tracking,1,1,ros_live,gazebo,1788402263.162835,0.879057,0.008187,0.018949,0.999000,0.020000,0.000000,20,0.000000,0.018949,0.000000,0.000000,0.120524,0,0
lqr_pt_2602_hotel,gazebo_map2_straight_tracking,1,1,ros_live,gazebo,1788402263.212487,0.879057,0.008187,0.018941,0.999000,0.020000,0.000000,20,0.000000,0.018941,0.000000,0.000000,0.120524,0,0
lqr_pt_2602_hotel,gazebo_map2_straight_tracking,1,1,ros_live,gazebo,1788402263.262488,0.879057,0.008187,0.018938,0.999000,0.020000,0.000000,20,0.000000,0.018938,0.000000,0.000000,0.120524,0,0
lqr_pt_2602_hotel,gazebo_map2_straight_tracking,1,1,ros_live,gazebo,1788402263.312751,0.879057,0.008187,0.018942,0.999000,0.020000,0.000000,20,0.000000,0.018942,0.000000,0.000000,0.120524,0,0
lqr_pt_2602_hotel,gazebo_map2_straight_tracking,1,1,ros_live,gazebo,1788402263.362561,0.879057,0.008187,0.018940,0.999000,0.020000,0.000000,20,0.000000,0.018940,0.000000,0.000000,0.120524,0,0
lqr_pt_2602_hotel,gazebo_map2_straight_tracking,1,1,ros_live,gazebo,1788402263.413019,0.879057,0.008187,0.018942,0.999000,0.020000,0.000000,20,0.000000,0.018942,0.000000,0.000000,0.120524,0,0
lqr_pt_2602_hotel,gazebo_map2_straight_tracking,1,1,ros_live,gazebo,1788402263.462550,0.879057,0.008187,0.018939,0.999000,0.020000,0.000000,20,0.000000,0.018939,0.000000,0.000000,0.120524,0,0
lqr_pt_2602_hotel,gazebo_map2_straight_tracking,1,1,ros_live,gazebo,1788402263.512581,0.879057,0.008187,0.018940,0.999000,0.020000,0.000000,20,0.000000,0.018940,0.000000,0.000000,0.120524,0,0
lqr_pt_2602_hotel,gazebo_map2_straight_tracking,1,1,ros_live,gazebo,1788402263.562576,0.879057,0.008187,0.018937,0.999000,0.020000,0.000000,20,0.000000,0.018937,0.000000,0.000000,0.120524,0,0
lqr_pt_2602_hotel,gazebo_map2_straight_tracking,1,1,ros_live,gazebo,1788402263.613211,0.879057,0.008187,0.018932,0.999000,0.020000,0.000000,20,0.000000,0.018932,0.000000,0.000000,0.120524,0,0
lqr_pt_2602_hotel,gazebo_map2_straight_tracking,1,1,ros_live,gazebo,1788402263.662757,0.879057,0.008187,0.018933,0.999000,0.020000,0.000000,20,0.000000,0.018933,0.000000,0.000000,0.120524,0,0
lqr_pt_2602_hotel,gazebo_map2_straight_tracking,1,1,ros_live,gazebo,1788402263.712773,0.879057,0.008187,0.018935,0.999000,0.020000,0.000000,20,0.000000,0.018935,0.000000,0.000000,0.120524,0,0
lqr_pt_2602_hotel,gazebo_map2_straight_tracking,1,1,ros_live,gazebo,1788402263.762761,0.879057,0.008187,0.018935,0.999000,0.020000,0.000000,20,0.000000,0.018935,0.000000,0.000000,0.120524,0,0
lqr_pt_2602_hotel,gazebo_map2_straight_tracking,1,1,ros_live,gazebo,1788402263.812771,0.879057,0.008187,0.018940,0.999000,0.020000,0.000000,20,0.000000,0.018940,0.000000,0.000000,0.120524,0,0
lqr_pt_2602_hotel,gazebo_map2_straight_tracking,1,1,ros_live,gazebo,1788402263.862511,0.879057,0.008187,0.018942,0.999000,0.020000,0.000000,20,0.000000,0.018942,0.000000,0.000000,0.120524,0,0
lqr_pt_2602_hotel,gazebo_map2_straight_tracking,1,1,ros_live,gazebo,1788402263.912678,0.879057,0.008187,0.018947,0.999000,0.020000,0.000000,20,0.000000,0.018947,0.000000,0.000000,0.120524,0,0
lqr_pt_2602_hotel,gazebo_map2_straight_tracking,1,1,ros_live,gazebo,1788402263.962490,0.879057,0.008187,0.018944,0.999000,0.020000,0.000000,20,0.000000,0.018944,0.000000,0.000000,0.120524,0,0
lqr_pt_2602_hotel,gazebo_map2_straight_tracking,1,1,ros_live,gazebo,1788402264.012448,0.879057,0.008187,0.018947,0.999000,0.020000,0.000000,20,0.000000,0.018947,0.000000,0.000000,0.120524,0,0
lqr_pt_2602_hotel,gazebo_map2_straight_tracking,1,1,ros_live,gazebo,1788402264.062640,0.879057,0.008187,0.018945,0.999000,0.020000,0.000000,20,0.000000,0.018945,0.000000,0.000000,0.120524,0,0
lqr_pt_2602_hotel,gazebo_map2_straight_tracking,1,1,ros_live,gazebo,1788402264.112524,0.879057,0.008187,0.018948,0.999000,0.020000,0.000000,20,0.000000,0.018948,0.000000,0.000000,0.120524,0,0
lqr_pt_2602_hotel,gazebo_map2_straight_tracking,1,1,ros_live,gazebo,1788402264.162518,0.879057,0.008187,0.018950,0.999000,0.020000,0.000000,20,0.000000,0.018950,0.000000,0.000000,0.120524,0,0
lqr_pt_2602_hotel,gazebo_map2_straight_tracking,1,1,ros_live,gazebo,1788402264.212467,0.879057,0.008187,0.018942,0.999000,0.020000,0.000000,20,0.000000,0.018942,0.000000,0.000000,0.120524,0,0
lqr_pt_2602_hotel,gazebo_map2_straight_tracking,1,1,ros_live,gazebo,1788402264.262725,0.879057,0.008187,0.018946,0.999000,0.020000,0.000000,20,0.000000,0.018946,0.000000,0.000000,0.120524,0,0
lqr_pt_2602_hotel,gazebo_map2_straight_tracking,1,1,ros_live,gazebo,1788402264.312525,0.879057,0.008187,0.018950,0.999000,0.020000,0.000000,20,0.000000,0.018950,0.000000,0.000000,0.120524,0,0
lqr_pt_2602_hotel,gazebo_map2_straight_tracking,1,1,ros_live,gazebo,1788402264.362603,0.879057,0.008187,0.018949,0.999000,0.020000,0.000000,20,0.000000,0.018949,0.000000,0.000000,0.120524,0,0
lqr_pt_2602_hotel,gazebo_map2_straight_tracking,1,1,ros_live,gazebo,1788402264.413000,0.879057,0.008187,0.018950,0.999000,0.020000,0.000000,20,0.000000,0.018950,0.000000,0.000000,0.120524,0,0
lqr_pt_2602_hotel,gazebo_map2_straight_tracking,1,1,ros_live,gazebo,1788402264.462468,0.879057,0.008187,0.018947,0.999000,0.020000,0.000000,20,0.000000,0.018947,0.000000,0.000000,0.120524,0,0
lqr_pt_2602_hotel,gazebo_map2_straight_tracking,1,1,ros_live,gazebo,1788402264.512558,0.879057,0.008187,0.018944,0.999000,0.020000,0.000000,20,0.000000,0.018944,0.000000,0.000000,0.120524,0,0
lqr_pt_2602_hotel,gazebo_map2_straight_tracking,1,1,ros_live,gazebo,1788402264.562539,0.879057,0.008187,0.018946,0.999000,0.020000,0.000000,20,0.000000,0.018946,0.000000,0.000000,0.120524,0,0
lqr_pt_2602_hotel,gazebo_map2_straight_tracking,1,1,ros_live,gazebo,1788402264.612791,0.879057,0.008187,0.018945,0.999000,0.020000,0.000000,20,0.000000,0.018945,0.000000,0.000000,0.120524,0,0
lqr_pt_2602_hotel,gazebo_map2_straight_tracking,1,1,ros_live,gazebo,1788402264.662430,0.879057,0.008187,0.018944,0.999000,0.020000,0.000000,20,0.000000,0.018944,0.000000,0.000000,0.120524,0,0
lqr_pt_2602_hotel,gazebo_map2_straight_tracking,1,1,ros_live,gazebo,1788402264.712780,0.879057,0.008187,0.018940,0.999000,0.020000,0.000000,20,0.000000,0.018940,0.000000,0.000000,0.120524,0,0
lqr_pt_2602_hotel,gazebo_map2_straight_tracking,1,1,ros_live,gazebo,1788402264.762481,0.879057,0.008187,0.018934,0.999000,0.020000,0.000000,20,0.000000,0.018934,0.000000,0.000000,0.120524,0,0
lqr_pt_2602_hotel,gazebo_map2_straight_tracking,1,1,ros_live,gazebo,1788402264.812653,0.879057,0.008187,0.018931,0.999000,0.020000,0.000000,20,0.000000,0.018931,0.000000,0.000000,0.120524,0,0
lqr_pt_2602_hotel,gazebo_map2_straight_tracking,1,1,ros_live,gazebo,1788402264.862397,0.879057,0.008187,0.018934,0.999000,0.020000,0.000000,20,0.000000,0.018934,0.000000,0.000000,0.120524,0,0
lqr_pt_2602_hotel,gazebo_map2_straight_tracking,1,1,ros_live,gazebo,1788402264.912815,0.879057,0.008187,0.018931,0.999000,0.020000,0.000000,20,0.000000,0.018931,0.000000,0.000000,0.120524,0,0
lqr_pt_2602_hotel,gazebo_map2_straight_tracking,1,1,ros_live,gazebo,1788402264.962467,0.879057,0.008187,0.018929,0.999000,0.020000,0.000000,20,0.000000,0.018929,0.000000,0.000000,0.120524,0,0
lqr_pt_2602_hotel,gazebo_map2_straight_tracking,1,1,ros_live,gazebo,1788402265.012603,0.879057,0.008187,0.018931,0.999000,0.020000,0.000000,20,0.000000,0.018931,0.000000,0.000000,0.120524,0,0
lqr_pt_2602_hotel,gazebo_map2_straight_tracking,1,1,ros_live,gazebo,1788402265.062376,0.879057,0.008187,0.018937,0.999000,0.020000,0.000000,20,0.000000,0.018937,0.000000,0.000000,0.120524,0,0
lqr_pt_2602_hotel,gazebo_map2_straight_tracking,1,1,ros_live,gazebo,1788402265.112420,0.879057,0.008187,0.018933,0.999000,0.020000,0.000000,20,0.000000,0.018933,0.000000,0.000000,0.120524,0,0
lqr_pt_2602_hotel,gazebo_map2_straight_tracking,1,1,ros_live,gazebo,1788402265.162485,0.879057,0.008187,0.018929,0.999000,0.020000,0.000000,20,0.000000,0.018929,0.000000,0.000000,0.120524,0,0
lqr_pt_2602_hotel,gazebo_map2_straight_tracking,1,1,ros_live,gazebo,1788402265.212491,0.879057,0.008187,0.018930,0.999000,0.020000,0.000000,20,0.000000,0.018930,0.000000,0.000000,0.120524,0,0
lqr_pt_2602_hotel,gazebo_map2_straight_tracking,1,1,ros_live,gazebo,1788402265.262544,0.879057,0.008187,0.018924,0.999000,0.020000,0.000000,20,0.000000,0.018924,0.000000,0.000000,0.120524,0,0
lqr_pt_2602_hotel,gazebo_map2_straight_tracking,1,1,ros_live,gazebo,1788402265.312875,0.879057,0.008187,0.018922,0.999000,0.020000,0.000000,20,0.000000,0.018922,0.000000,0.000000,0.120524,0,0
lqr_pt_2602_hotel,gazebo_map2_straight_tracking,1,1,ros_live,gazebo,1788402265.362452,0.879057,0.008187,0.018929,0.999000,0.020000,0.000000,20,0.000000,0.018929,0.000000,0.000000,0.120524,0,0
lqr_pt_2602_hotel,gazebo_map2_straight_tracking,1,1,ros_live,gazebo,1788402265.412895,0.879057,0.008187,0.018931,0.999000,0.020000,0.000000,20,0.000000,0.018931,0.000000,0.000000,0.120524,0,0
lqr_pt_2602_hotel,gazebo_map2_straight_tracking,1,1,ros_live,gazebo,1788402265.462414,0.879057,0.008187,0.018934,0.999000,0.020000,0.000000,20,0.000000,0.018934,0.000000,0.000000,0.120524,0,0
lqr_pt_2602_hotel,gazebo_map2_straight_tracking,1,1,ros_live,gazebo,1788402265.512799,0.879057,0.008187,0.018932,0.999000,0.020000,0.000000,20,0.000000,0.018932,0.000000,0.000000,0.120524,0,0
lqr_pt_2602_hotel,gazebo_map2_straight_tracking,1,1,ros_live,gazebo,1788402265.562341,0.879057,0.008187,0.018936,0.999000,0.020000,0.000000,20,0.000000,0.018936,0.000000,0.000000,0.120524,0,0
lqr_pt_2602_hotel,gazebo_map2_straight_tracking,1,1,ros_live,gazebo,1788402265.612481,0.879057,0.008187,0.018935,0.999000,0.020000,0.000000,20,0.000000,0.018935,0.000000,0.000000,0.120524,0,0
lqr_pt_2602_hotel,gazebo_map2_straight_tracking,1,1,ros_live,gazebo,1788402265.662429,0.879057,0.008187,0.018936,0.999000,0.020000,0.000000,20,0.000000,0.018936,0.000000,0.000000,0.120524,0,0
lqr_pt_2602_hotel,gazebo_map2_straight_tracking,1,1,ros_live,gazebo,1788402265.712831,0.879057,0.008187,0.018937,0.999000,0.020000,0.000000,20,0.000000,0.018937,0.000000,0.000000,0.120524,0,0
lqr_pt_2602_hotel,gazebo_map2_straight_tracking,1,1,ros_live,gazebo,1788402265.762609,0.879057,0.008187,0.018940,0.999000,0.020000,0.000000,20,0.000000,0.018940,0.000000,0.000000,0.120524,0,0
lqr_pt_2602_hotel,gazebo_map2_straight_tracking,1,1,ros_live,gazebo,1788402265.812714,0.879057,0.008187,0.018939,0.999000,0.020000,0.000000,20,0.000000,0.018939,0.000000,0.000000,0.120524,0,0
lqr_pt_2602_hotel,gazebo_map2_straight_tracking,1,1,ros_live,gazebo,1788402265.862565,0.879057,0.008187,0.018942,0.999000,0.020000,0.000000,20,0.000000,0.018942,0.000000,0.000000,0.120524,0,0
lqr_pt_2602_hotel,gazebo_map2_straight_tracking,1,1,ros_live,gazebo,1788402265.912766,0.879057,0.008187,0.018947,0.999000,0.020000,0.000000,20,0.000000,0.018947,0.000000,0.000000,0.120524,0,0
lqr_pt_2602_hotel,gazebo_map2_straight_tracking,1,1,ros_live,gazebo,1788402265.962796,0.879057,0.008187,0.018948,0.999000,0.020000,0.000000,20,0.000000,0.018948,0.000000,0.000000,0.120524,0,0
lqr_pt_2602_hotel,gazebo_map2_straight_tracking,1,1,ros_live,gazebo,1788402266.012611,0.879057,0.008187,0.018945,0.999000,0.020000,0.000000,20,0.000000,0.018945,0.000000,0.000000,0.120524,0,0
lqr_pt_2602_hotel,gazebo_map2_straight_tracking,1,1,ros_live,gazebo,1788402266.062722,0.879057,0.008187,0.018944,0.999000,0.020000,0.000000,20,0.000000,0.018944,0.000000,0.000000,0.120524,0,0
lqr_pt_2602_hotel,gazebo_map2_straight_tracking,1,1,ros_live,gazebo,1788402266.112780,0.879057,0.008187,0.018943,0.999000,0.020000,0.000000,20,0.000000,0.018943,0.000000,0.000000,0.120524,0,0
lqr_pt_2602_hotel,gazebo_map2_straight_tracking,1,1,ros_live,gazebo,1788402266.162463,0.879057,0.008187,0.018943,0.999000,0.020000,0.000000,20,0.000000,0.018943,0.000000,0.000000,0.120524,0,0
lqr_pt_2602_hotel,gazebo_map2_straight_tracking,1,1,ros_live,gazebo,1788402266.212458,0.879057,0.008187,0.018941,0.999000,0.020000,0.000000,20,0.000000,0.018941,0.000000,0.000000,0.120524,0,0
lqr_pt_2602_hotel,gazebo_map2_straight_tracking,1,1,ros_live,gazebo,1788402266.262574,0.879057,0.008187,0.018942,0.999000,0.020000,0.000000,20,0.000000,0.018942,0.000000,0.000000,0.120524,0,0
lqr_pt_2602_hotel,gazebo_map2_straight_tracking,1,1,ros_live,gazebo,1788402266.312533,0.879057,0.008187,0.018938,0.999000,0.020000,0.000000,20,0.000000,0.018938,0.000000,0.000000,0.120524,0,0
lqr_pt_2602_hotel,gazebo_map2_straight_tracking,1,1,ros_live,gazebo,1788402266.362660,0.879057,0.008187,0.018941,0.999000,0.020000,0.000000,20,0.000000,0.018941,0.000000,0.000000,0.120524,0,0
lqr_pt_2602_hotel,gazebo_map2_straight_tracking,1,1,ros_live,gazebo,1788402266.412663,0.879057,0.008187,0.018938,0.999000,0.020000,0.000000,20,0.000000,0.018938,0.000000,0.000000,0.120524,0,0
lqr_pt_2602_hotel,gazebo_map2_straight_tracking,1,1,ros_live,gazebo,1788402266.462555,0.879057,0.008187,0.018941,0.999000,0.020000,0.000000,20,0.000000,0.018941,0.000000,0.000000,0.120524,0,0
lqr_pt_2602_hotel,gazebo_map2_straight_tracking,1,1,ros_live,gazebo,1788402266.512476,0.879057,0.008187,0.018940,0.999000,0.020000,0.000000,20,0.000000,0.018940,0.000000,0.000000,0.120524,0,0
lqr_pt_2602_hotel,gazebo_map2_straight_tracking,1,1,ros_live,gazebo,1788402266.562484,0.879057,0.008187,0.018940,0.999000,0.020000,0.000000,20,0.000000,0.018940,0.000000,0.000000,0.120524,0,0
lqr_pt_2602_hotel,gazebo_map2_straight_tracking,1,1,ros_live,gazebo,1788402266.612594,0.879057,0.008187,0.018941,0.999000,0.020000,0.000000,20,0.000000,0.018941,0.000000,0.000000,0.120524,0,0
lqr_pt_2602_hotel,gazebo_map2_straight_tracking,1,1,ros_live,gazebo,1788402266.662589,0.879057,0.008187,0.018942,0.999000,0.020000,0.000000,20,0.000000,0.018942,0.000000,0.000000,0.120524,0,0
lqr_pt_2602_hotel,gazebo_map2_straight_tracking,1,1,ros_live,gazebo,1788402266.712539,0.879057,0.008187,0.018941,0.999000,0.020000,0.000000,20,0.000000,0.018941,0.000000,0.000000,0.120524,0,0
lqr_pt_2602_hotel,gazebo_map2_straight_tracking,1,1,ros_live,gazebo,1788402266.762423,0.879057,0.008187,0.018939,0.999000,0.020000,0.000000,20,0.000000,0.018939,0.000000,0.000000,0.120524,0,0
lqr_pt_2602_hotel,gazebo_map2_straight_tracking,1,1,ros_live,gazebo,1788402266.812407,0.879057,0.008187,0.018933,0.999000,0.020000,0.000000,20,0.000000,0.018933,0.000000,0.000000,0.120524,0,0
lqr_pt_2602_hotel,gazebo_map2_straight_tracking,1,1,ros_live,gazebo,1788402266.862473,0.879057,0.008187,0.018939,0.999000,0.020000,0.000000,20,0.000000,0.018939,0.000000,0.000000,0.120524,0,0
lqr_pt_2602_hotel,gazebo_map2_straight_tracking,1,1,ros_live,gazebo,1788402266.912627,0.879057,0.008187,0.018941,0.999000,0.020000,0.000000,20,0.000000,0.018941,0.000000,0.000000,0.120524,0,0
lqr_pt_2602_hotel,gazebo_map2_straight_tracking,1,1,ros_live,gazebo,1788402266.962742,0.879057,0.008187,0.018939,0.999000,0.020000,0.000000,20,0.000000,0.018939,0.000000,0.000000,0.120524,0,0
lqr_pt_2602_hotel,gazebo_map2_straight_tracking,1,1,ros_live,gazebo,1788402267.012722,0.879057,0.008187,0.018940,0.999000,0.020000,0.000000,20,0.000000,0.018940,0.000000,0.000000,0.120524,0,0
lqr_pt_2602_hotel,gazebo_map2_straight_tracking,1,1,ros_live,gazebo,1788402267.062532,0.879057,0.008187,0.018938,0.999000,0.020000,0.000000,20,0.000000,0.018938,0.000000,0.000000,0.120524,0,0
lqr_pt_2602_hotel,gazebo_map2_straight_tracking,1,1,ros_live,gazebo,1788402267.112433,0.879057,0.008187,0.018940,0.999000,0.020000,0.000000,20,0.000000,0.018940,0.000000,0.000000,0.120524,0,0
lqr_pt_2602_hotel,gazebo_map2_straight_tracking,1,1,ros_live,gazebo,1788402267.162531,0.879057,0.008187,0.018940,0.999000,0.020000,0.000000,20,0.000000,0.018940,0.000000,0.000000,0.120524,0,0
lqr_pt_2602_hotel,gazebo_map2_straight_tracking,1,1,ros_live,gazebo,1788402267.212750,0.879057,0.008187,0.018939,0.999000,0.020000,0.000000,20,0.000000,0.018939,0.000000,0.000000,0.120524,0,0
lqr_pt_2602_hotel,gazebo_map2_straight_tracking,1,1,ros_live,gazebo,1788402267.262834,0.879057,0.008187,0.018938,0.999000,0.020000,0.000000,20,0.000000,0.018938,0.000000,0.000000,0.120524,0,0
lqr_pt_2602_hotel,gazebo_map2_straight_tracking,1,1,ros_live,gazebo,1788402267.312712,0.879057,0.008187,0.018938,0.999000,0.020000,0.000000,20,0.000000,0.018938,0.000000,0.000000,0.120524,0,0
lqr_pt_2602_hotel,gazebo_map2_straight_tracking,1,1,ros_live,gazebo,1788402267.362581,0.879057,0.008187,0.018934,0.999000,0.020000,0.000000,20,0.000000,0.018934,0.000000,0.000000,0.120524,0,0
lqr_pt_2602_hotel,gazebo_map2_straight_tracking,1,1,ros_live,gazebo,1788402267.412825,0.879057,0.008187,0.018938,0.999000,0.020000,0.000000,20,0.000000,0.018938,0.000000,0.000000,0.120524,0,0
lqr_pt_2602_hotel,gazebo_map2_straight_tracking,1,1,ros_live,gazebo,1788402267.462722,0.879057,0.008187,0.018935,0.999000,0.020000,0.000000,20,0.000000,0.018935,0.000000,0.000000,0.120524,0,0
lqr_pt_2602_hotel,gazebo_map2_straight_tracking,1,1,ros_live,gazebo,1788402267.512828,0.879057,0.008187,0.018937,0.999000,0.020000,0.000000,20,0.000000,0.018937,0.000000,0.000000,0.120524,0,0
lqr_pt_2602_hotel,gazebo_map2_straight_tracking,1,1,ros_live,gazebo,1788402267.562665,0.879057,0.008187,0.018937,0.999000,0.020000,0.000000,20,0.000000,0.018937,0.000000,0.000000,0.120524,0,0
lqr_pt_2602_hotel,gazebo_map2_straight_tracking,1,1,ros_live,gazebo,1788402267.612797,0.879057,0.008187,0.018938,0.999000,0.020000,0.000000,20,0.000000,0.018938,0.000000,0.000000,0.120524,0,0
lqr_pt_2602_hotel,gazebo_map2_straight_tracking,1,1,ros_live,gazebo,1788402267.662647,0.879057,0.008187,0.018936,0.999000,0.020000,0.000000,20,0.000000,0.018936,0.000000,0.000000,0.120524,0,0
lqr_pt_2602_hotel,gazebo_map2_straight_tracking,1,1,ros_live,gazebo,1788402267.712477,0.879057,0.008187,0.018939,0.999000,0.020000,0.000000,20,0.000000,0.018939,0.000000,0.000000,0.120524,0,0
lqr_pt_2602_hotel,gazebo_map2_straight_tracking,1,1,ros_live,gazebo,1788402267.762909,0.879057,0.008187,0.018940,0.999000,0.020000,0.000000,20,0.000000,0.018940,0.000000,0.000000,0.120524,0,0
lqr_pt_2602_hotel,gazebo_map2_straight_tracking,1,1,ros_live,gazebo,1788402267.812787,0.879057,0.008187,0.018940,0.999000,0.020000,0.000000,20,0.000000,0.018940,0.000000,0.000000,0.120524,0,0
lqr_pt_2602_hotel,gazebo_map2_straight_tracking,1,1,ros_live,gazebo,1788402267.862617,0.879057,0.008187,0.018935,0.999000,0.020000,0.000000,20,0.000000,0.018935,0.000000,0.000000,0.120524,0,0
lqr_pt_2602_hotel,gazebo_map2_straight_tracking,1,1,ros_live,gazebo,1788402267.912786,0.879057,0.008187,0.018937,0.999000,0.020000,0.000000,20,0.000000,0.018937,0.000000,0.000000,0.120524,0,0
lqr_pt_2602_hotel,gazebo_map2_straight_tracking,1,1,ros_live,gazebo,1788402267.962484,0.879057,0.008187,0.018940,0.999000,0.020000,0.000000,20,0.000000,0.018940,0.000000,0.000000,0.120524,0,0
lqr_pt_2602_hotel,gazebo_map2_straight_tracking,1,1,ros_live,gazebo,1788402268.012763,0.879057,0.008187,0.018939,0.999000,0.020000,0.000000,20,0.000000,0.018939,0.000000,0.000000,0.120524,0,0
lqr_pt_2602_hotel,gazebo_map2_straight_tracking,1,1,ros_live,gazebo,1788402268.062529,0.879057,0.008187,0.018938,0.999000,0.020000,0.000000,20,0.000000,0.018938,0.000000,0.000000,0.120524,0,0
lqr_pt_2602_hotel,gazebo_map2_straight_tracking,1,1,ros_live,gazebo,1788402268.112720,0.879057,0.008187,0.018938,0.999000,0.020000,0.000000,20,0.000000,0.018938,0.000000,0.000000,0.120524,0,0
lqr_pt_2602_hotel,gazebo_map2_straight_tracking,1,1,ros_live,gazebo,1788402268.162351,0.879057,0.008187,0.018932,0.999000,0.020000,0.000000,20,0.000000,0.018932,0.000000,0.000000,0.120524,0,0
lqr_pt_2602_hotel,gazebo_map2_straight_tracking,1,1,ros_live,gazebo,1788402268.212567,0.879057,0.008187,0.018934,0.999000,0.020000,0.000000,20,0.000000,0.018934,0.000000,0.000000,0.120524,0,0
lqr_pt_2602_hotel,gazebo_map2_straight_tracking,1,1,ros_live,gazebo,1788402268.262745,0.879057,0.008187,0.018934,0.999000,0.020000,0.000000,20,0.000000,0.018934,0.000000,0.000000,0.120524,0,0
lqr_pt_2602_hotel,gazebo_map2_straight_tracking,1,1,ros_live,gazebo,1788402268.312586,0.879057,0.008187,0.018938,0.999000,0.020000,0.000000,20,0.000000,0.018938,0.000000,0.000000,0.120524,0,0
lqr_pt_2602_hotel,gazebo_map2_straight_tracking,1,1,ros_live,gazebo,1788402268.363123,0.879057,0.008187,0.018937,0.999000,0.020000,0.000000,20,0.000000,0.018937,0.000000,0.000000,0.120524,0,0
lqr_pt_2602_hotel,gazebo_map2_straight_tracking,1,1,ros_live,gazebo,1788402268.412598,0.879057,0.008187,0.018940,0.999000,0.020000,0.000000,20,0.000000,0.018940,0.000000,0.000000,0.120524,0,0
lqr_pt_2602_hotel,gazebo_map2_straight_tracking,1,1,ros_live,gazebo,1788402268.462580,0.879057,0.008187,0.018940,0.999000,0.020000,0.000000,20,0.000000,0.018940,0.000000,0.000000,0.120524,0,0
lqr_pt_2602_hotel,gazebo_map2_straight_tracking,1,1,ros_live,gazebo,1788402268.512437,0.879057,0.008187,0.018940,0.999000,0.020000,0.000000,20,0.000000,0.018940,0.000000,0.000000,0.120524,0,0
lqr_pt_2602_hotel,gazebo_map2_straight_tracking,1,1,ros_live,gazebo,1788402268.562848,0.879057,0.008187,0.018941,0.999000,0.020000,0.000000,20,0.000000,0.018941,0.000000,0.000000,0.120524,0,0
lqr_pt_2602_hotel,gazebo_map2_straight_tracking,1,1,ros_live,gazebo,1788402268.612479,0.879057,0.008187,0.018939,0.999000,0.020000,0.000000,20,0.000000,0.018939,0.000000,0.000000,0.120524,0,0
lqr_pt_2602_hotel,gazebo_map2_straight_tracking,1,1,ros_live,gazebo,1788402268.662858,0.879057,0.008187,0.018937,0.999000,0.020000,0.000000,20,0.000000,0.018937,0.000000,0.000000,0.120524,0,0
lqr_pt_2602_hotel,gazebo_map2_straight_tracking,1,1,ros_live,gazebo,1788402268.712529,0.879057,0.008187,0.018938,0.999000,0.020000,0.000000,20,0.000000,0.018938,0.000000,0.000000,0.120524,0,0
lqr_pt_2602_hotel,gazebo_map2_straight_tracking,1,1,ros_live,gazebo,1788402268.762487,0.879057,0.008187,0.018934,0.999000,0.020000,0.000000,20,0.000000,0.018934,0.000000,0.000000,0.120524,0,0
lqr_pt_2602_hotel,gazebo_map2_straight_tracking,1,1,ros_live,gazebo,1788402268.812701,0.879057,0.008187,0.018934,0.999000,0.020000,0.000000,20,0.000000,0.018934,0.000000,0.000000,0.120524,0,0
lqr_pt_2602_hotel,gazebo_map2_straight_tracking,1,1,ros_live,gazebo,1788402268.863044,0.879057,0.008187,0.018935,0.999000,0.020000,0.000000,20,0.000000,0.018935,0.000000,0.000000,0.120524,0,0
lqr_pt_2602_hotel,gazebo_map2_straight_tracking,1,1,ros_live,gazebo,1788402268.912483,0.879057,0.008187,0.018936,0.999000,0.020000,0.000000,20,0.000000,0.018936,0.000000,0.000000,0.120524,0,0
lqr_pt_2602_hotel,gazebo_map2_straight_tracking,1,1,ros_live,gazebo,1788402268.962804,0.879057,0.008187,0.018933,0.999000,0.020000,0.000000,20,0.000000,0.018933,0.000000,0.000000,0.120524,0,0
lqr_pt_2602_hotel,gazebo_map2_straight_tracking,1,1,ros_live,gazebo,1788402269.012590,0.879057,0.008187,0.018938,0.999000,0.020000,0.000000,20,0.000000,0.018938,0.000000,0.000000,0.120524,0,0
lqr_pt_2602_hotel,gazebo_map2_straight_tracking,1,1,ros_live,gazebo,1788402269.062757,0.879057,0.008187,0.018935,0.999000,0.020000,0.000000,20,0.000000,0.018935,0.000000,0.000000,0.120524,0,0
lqr_pt_2602_hotel,gazebo_map2_straight_tracking,1,1,ros_live,gazebo,1788402269.112370,0.879057,0.008187,0.018933,0.999000,0.020000,0.000000,20,0.000000,0.018933,0.000000,0.000000,0.120524,0,0
lqr_pt_2602_hotel,gazebo_map2_straight_tracking,1,1,ros_live,gazebo,1788402269.162756,0.879057,0.008187,0.018933,0.999000,0.020000,0.000000,20,0.000000,0.018933,0.000000,0.000000,0.120524,0,0
lqr_pt_2602_hotel,gazebo_map2_straight_tracking,1,1,ros_live,gazebo,1788402269.212565,0.879057,0.008187,0.018933,0.999000,0.020000,0.000000,20,0.000000,0.018933,0.000000,0.000000,0.120524,0,0
lqr_pt_2602_hotel,gazebo_map2_straight_tracking,1,1,ros_live,gazebo,1788402269.262772,0.879057,0.008187,0.018927,0.999000,0.020000,0.000000,20,0.000000,0.018927,0.000000,0.000000,0.120524,0,0
lqr_pt_2602_hotel,gazebo_map2_straight_tracking,1,1,ros_live,gazebo,1788402269.312352,0.879057,0.008187,0.018927,0.999000,0.020000,0.000000,20,0.000000,0.018927,0.000000,0.000000,0.120524,0,0
lqr_pt_2602_hotel,gazebo_map2_straight_tracking,1,1,ros_live,gazebo,1788402269.362810,0.879057,0.008187,0.018925,0.999000,0.020000,0.000000,20,0.000000,0.018925,0.000000,0.000000,0.120524,0,0
lqr_pt_2602_hotel,gazebo_map2_straight_tracking,1,1,ros_live,gazebo,1788402269.412334,0.879057,0.008187,0.018932,0.999000,0.020000,0.000000,20,0.000000,0.018932,0.000000,0.000000,0.120524,0,0
lqr_pt_2602_hotel,gazebo_map2_straight_tracking,1,1,ros_live,gazebo,1788402269.462786,0.879057,0.008187,0.018932,0.999000,0.020000,0.000000,20,0.000000,0.018932,0.000000,0.000000,0.120524,0,0
lqr_pt_2602_hotel,gazebo_map2_straight_tracking,1,1,ros_live,gazebo,1788402269.512402,0.879057,0.008187,0.018933,0.999000,0.020000,0.000000,20,0.000000,0.018933,0.000000,0.000000,0.120524,0,0
lqr_pt_2602_hotel,gazebo_map2_straight_tracking,1,1,ros_live,gazebo,1788402269.562852,0.879057,0.008187,0.018938,0.999000,0.020000,0.000000,20,0.000000,0.018938,0.000000,0.000000,0.120524,0,0
lqr_pt_2602_hotel,gazebo_map2_straight_tracking,1,1,ros_live,gazebo,1788402269.612787,0.879057,0.008187,0.018939,0.999000,0.020000,0.000000,20,0.000000,0.018939,0.000000,0.000000,0.120524,0,0
lqr_pt_2602_hotel,gazebo_map2_straight_tracking,1,1,ros_live,gazebo,1788402269.662575,0.879057,0.008187,0.018941,0.999000,0.020000,0.000000,20,0.000000,0.018941,0.000000,0.000000,0.120524,0,0
lqr_pt_2602_hotel,gazebo_map2_straight_tracking,1,1,ros_live,gazebo,1788402269.712606,0.879057,0.008187,0.018940,0.999000,0.020000,0.000000,20,0.000000,0.018940,0.000000,0.000000,0.120524,0,0
lqr_pt_2602_hotel,gazebo_map2_straight_tracking,1,1,ros_live,gazebo,1788402269.762821,0.879057,0.008187,0.018946,0.999000,0.020000,0.000000,20,0.000000,0.018946,0.000000,0.000000,0.120524,0,0
lqr_pt_2602_hotel,gazebo_map2_straight_tracking,1,1,ros_live,gazebo,1788402269.812514,0.879057,0.008187,0.018946,0.999000,0.020000,0.000000,20,0.000000,0.018946,0.000000,0.000000,0.120524,0,0
lqr_pt_2602_hotel,gazebo_map2_straight_tracking,1,1,ros_live,gazebo,1788402269.862983,0.879057,0.008187,0.018947,0.999000,0.020000,0.000000,20,0.000000,0.018947,0.000000,0.000000,0.120524,0,0
lqr_pt_2602_hotel,gazebo_map2_straight_tracking,1,1,ros_live,gazebo,1788402269.912520,0.879057,0.008187,0.018952,0.999000,0.020000,0.000000,20,0.000000,0.018952,0.000000,0.000000,0.120524,0,0
lqr_pt_2602_hotel,gazebo_map2_straight_tracking,1,1,ros_live,gazebo,1788402269.962708,0.879057,0.008187,0.018953,0.999000,0.020000,0.000000,20,0.000000,0.018953,0.000000,0.000000,0.120524,0,0
lqr_pt_2602_hotel,gazebo_map2_straight_tracking,1,1,ros_live,gazebo,1788402270.012519,0.879057,0.008187,0.018953,0.999000,0.020000,0.000000,20,0.000000,0.018953,0.000000,0.000000,0.120524,0,0
lqr_pt_2602_hotel,gazebo_map2_straight_tracking,1,1,ros_live,gazebo,1788402270.062658,0.879057,0.008187,0.018949,0.999000,0.020000,0.000000,20,0.000000,0.018949,0.000000,0.000000,0.120524,0,0
lqr_pt_2602_hotel,gazebo_map2_straight_tracking,1,1,ros_live,gazebo,1788402270.112446,0.879057,0.008187,0.018948,0.999000,0.020000,0.000000,20,0.000000,0.018948,0.000000,0.000000,0.120524,0,0
lqr_pt_2602_hotel,gazebo_map2_straight_tracking,1,1,ros_live,gazebo,1788402270.162662,0.879057,0.008187,0.018949,0.999000,0.020000,0.000000,20,0.000000,0.018949,0.000000,0.000000,0.120524,0,0
lqr_pt_2602_hotel,gazebo_map2_straight_tracking,1,1,ros_live,gazebo,1788402270.212643,0.879057,0.008187,0.018945,0.999000,0.020000,0.000000,20,0.000000,0.018945,0.000000,0.000000,0.120524,0,0
lqr_pt_2602_hotel,gazebo_map2_straight_tracking,1,1,ros_live,gazebo,1788402270.262744,0.879057,0.008187,0.018943,0.999000,0.020000,0.000000,20,0.000000,0.018943,0.000000,0.000000,0.120524,0,0
lqr_pt_2602_hotel,gazebo_map2_straight_tracking,1,1,ros_live,gazebo,1788402270.312649,0.879057,0.008187,0.018945,0.999000,0.020000,0.000000,20,0.000000,0.018945,0.000000,0.000000,0.120524,0,0
lqr_pt_2602_hotel,gazebo_map2_straight_tracking,1,1,ros_live,gazebo,1788402270.362566,0.879057,0.008187,0.018946,0.999000,0.020000,0.000000,20,0.000000,0.018946,0.000000,0.000000,0.120524,0,0
lqr_pt_2602_hotel,gazebo_map2_straight_tracking,1,1,ros_live,gazebo,1788402270.412483,0.879057,0.008187,0.018943,0.999000,0.020000,0.000000,20,0.000000,0.018943,0.000000,0.000000,0.120524,0,0
lqr_pt_2602_hotel,gazebo_map2_straight_tracking,1,1,ros_live,gazebo,1788402270.462562,0.879057,0.008187,0.018942,0.999000,0.020000,0.000000,20,0.000000,0.018942,0.000000,0.000000,0.120524,0,0
lqr_pt_2602_hotel,gazebo_map2_straight_tracking,1,1,ros_live,gazebo,1788402270.512655,0.879057,0.008187,0.018943,0.999000,0.020000,0.000000,20,0.000000,0.018943,0.000000,0.000000,0.120524,0,0
lqr_pt_2602_hotel,gazebo_map2_straight_tracking,1,1,ros_live,gazebo,1788402270.562358,0.879057,0.008187,0.018949,0.999000,0.020000,0.000000,20,0.000000,0.018949,0.000000,0.000000,0.120524,0,0
lqr_pt_2602_hotel,gazebo_map2_straight_tracking,1,1,ros_live,gazebo,1788402270.612636,0.879057,0.008187,0.018950,0.999000,0.020000,0.000000,20,0.000000,0.018950,0.000000,0.000000,0.120524,0,0
lqr_pt_2602_hotel,gazebo_map2_straight_tracking,1,1,ros_live,gazebo,1788402270.662445,0.879057,0.008187,0.018951,0.999000,0.020000,0.000000,20,0.000000,0.018951,0.000000,0.000000,0.120524,0,0
lqr_pt_2602_hotel,gazebo_map2_straight_tracking,1,1,ros_live,gazebo,1788402270.712615,0.879057,0.008187,0.018950,0.999000,0.020000,0.000000,20,0.000000,0.018950,0.000000,0.000000,0.120524,0,0
lqr_pt_2602_hotel,gazebo_map2_straight_tracking,1,1,ros_live,gazebo,1788402270.762424,0.879057,0.008187,0.018955,0.999000,0.020000,0.000000,20,0.000000,0.018955,0.000000,0.000000,0.120524,0,0
lqr_pt_2602_hotel,gazebo_map2_straight_tracking,1,1,ros_live,gazebo,1788402270.812642,0.879057,0.008187,0.018960,0.999000,0.020000,0.000000,20,0.000000,0.018960,0.000000,0.000000,0.120524,0,0
lqr_pt_2602_hotel,gazebo_map2_straight_tracking,1,1,ros_live,gazebo,1788402270.862689,0.879057,0.008187,0.018961,0.999000,0.020000,0.000000,20,0.000000,0.018961,0.000000,0.000000,0.120524,0,0
lqr_pt_2602_hotel,gazebo_map2_straight_tracking,1,1,ros_live,gazebo,1788402270.912698,0.879057,0.008187,0.018958,0.999000,0.020000,0.000000,20,0.000000,0.018958,0.000000,0.000000,0.120524,0,0
lqr_pt_2602_hotel,gazebo_map2_straight_tracking,1,1,ros_live,gazebo,1788402270.962788,0.879057,0.008187,0.018956,0.999000,0.020000,0.000000,20,0.000000,0.018956,0.000000,0.000000,0.120524,0,0
lqr_pt_2602_hotel,gazebo_map2_straight_tracking,1,1,ros_live,gazebo,1788402271.012482,0.879057,0.008187,0.018954,0.999000,0.020000,0.000000,20,0.000000,0.018954,0.000000,0.000000,0.120524,0,0
lqr_pt_2602_hotel,gazebo_map2_straight_tracking,1,1,ros_live,gazebo,1788402271.062481,0.879057,0.008187,0.018950,0.999000,0.020000,0.000000,20,0.000000,0.018950,0.000000,0.000000,0.120524,0,0
lqr_pt_2602_hotel,gazebo_map2_straight_tracking,1,1,ros_live,gazebo,1788402271.112796,0.879057,0.008187,0.018956,0.999000,0.020000,0.000000,20,0.000000,0.018956,0.000000,0.000000,0.120524,0,0
lqr_pt_2602_hotel,gazebo_map2_straight_tracking,1,1,ros_live,gazebo,1788402271.162531,0.879057,0.008187,0.018960,0.999000,0.020000,0.000000,20,0.000000,0.018960,0.000000,0.000000,0.120524,0,0
lqr_pt_2602_hotel,gazebo_map2_straight_tracking,1,1,ros_live,gazebo,1788402271.212497,0.879057,0.008187,0.018961,0.999000,0.020000,0.000000,20,0.000000,0.018961,0.000000,0.000000,0.120524,0,0
lqr_pt_2602_hotel,gazebo_map2_straight_tracking,1,1,ros_live,gazebo,1788402271.262862,0.879057,0.008187,0.018960,0.999000,0.020000,0.000000,20,0.000000,0.018960,0.000000,0.000000,0.120524,0,0
lqr_pt_2602_hotel,gazebo_map2_straight_tracking,1,1,ros_live,gazebo,1788402271.312600,0.879057,0.008187,0.018962,0.999000,0.020000,0.000000,20,0.000000,0.018962,0.000000,0.000000,0.120524,0,0
lqr_pt_2602_hotel,gazebo_map2_straight_tracking,1,1,ros_live,gazebo,1788402271.362869,0.879057,0.008187,0.018962,0.999000,0.020000,0.000000,20,0.000000,0.018962,0.000000,0.000000,0.120524,0,0
lqr_pt_2602_hotel,gazebo_map2_straight_tracking,1,1,ros_live,gazebo,1788402271.412942,0.879057,0.008187,0.018964,0.999000,0.020000,0.000000,20,0.000000,0.018964,0.000000,0.000000,0.120524,0,0
lqr_pt_2602_hotel,gazebo_map2_straight_tracking,1,1,ros_live,gazebo,1788402271.462662,0.879057,0.008187,0.018969,0.999000,0.020000,0.000000,20,0.000000,0.018969,0.000000,0.000000,0.120524,0,0
lqr_pt_2602_hotel,gazebo_map2_straight_tracking,1,1,ros_live,gazebo,1788402271.512746,0.879057,0.008187,0.018971,0.999000,0.020000,0.000000,20,0.000000,0.018971,0.000000,0.000000,0.120524,0,0
lqr_pt_2602_hotel,gazebo_map2_straight_tracking,1,1,ros_live,gazebo,1788402271.562758,0.879057,0.008187,0.018974,0.999000,0.020000,0.000000,20,0.000000,0.018974,0.000000,0.000000,0.120524,0,0
lqr_pt_2602_hotel,gazebo_map2_straight_tracking,1,1,ros_live,gazebo,1788402271.612485,0.879057,0.008187,0.018973,0.999000,0.020000,0.000000,20,0.000000,0.018973,0.000000,0.000000,0.120524,0,0
lqr_pt_2602_hotel,gazebo_map2_straight_tracking,1,1,ros_live,gazebo,1788402271.662631,0.879057,0.008187,0.018968,0.999000,0.020000,0.000000,20,0.000000,0.018968,0.000000,0.000000,0.120524,0,0
lqr_pt_2602_hotel,gazebo_map2_straight_tracking,1,1,ros_live,gazebo,1788402271.712694,0.879057,0.008187,0.018968,0.999000,0.020000,0.000000,20,0.000000,0.018968,0.000000,0.000000,0.120524,0,0
lqr_pt_2602_hotel,gazebo_map2_straight_tracking,1,1,ros_live,gazebo,1788402271.762591,0.879057,0.008187,0.018962,0.999000,0.020000,0.000000,20,0.000000,0.018962,0.000000,0.000000,0.120524,0,0
lqr_pt_2602_hotel,gazebo_map2_straight_tracking,1,1,ros_live,gazebo,1788402271.812608,0.879057,0.008187,0.018960,0.999000,0.020000,0.000000,20,0.000000,0.018960,0.000000,0.000000,0.120524,0,0
lqr_pt_2602_hotel,gazebo_map2_straight_tracking,1,1,ros_live,gazebo,1788402271.862432,0.879057,0.008187,0.018955,0.999000,0.020000,0.000000,20,0.000000,0.018955,0.000000,0.000000,0.120524,0,0
lqr_pt_2602_hotel,gazebo_map2_straight_tracking,1,1,ros_live,gazebo,1788402271.912448,0.879057,0.008187,0.018950,0.999000,0.020000,0.000000,20,0.000000,0.018950,0.000000,0.000000,0.120524,0,0
lqr_pt_2602_hotel,gazebo_map2_straight_tracking,1,1,ros_live,gazebo,1788402271.962674,0.879057,0.008187,0.018952,0.999000,0.020000,0.000000,20,0.000000,0.018952,0.000000,0.000000,0.120524,0,0
lqr_pt_2602_hotel,gazebo_map2_straight_tracking,1,1,ros_live,gazebo,1788402272.012521,0.879057,0.008187,0.018943,0.999000,0.020000,0.000000,20,0.000000,0.018943,0.000000,0.000000,0.120524,0,0
lqr_pt_2602_hotel,gazebo_map2_straight_tracking,1,1,ros_live,gazebo,1788402272.062840,0.879057,0.008187,0.018939,0.999000,0.020000,0.000000,20,0.000000,0.018939,0.000000,0.000000,0.120524,0,0
lqr_pt_2602_hotel,gazebo_map2_straight_tracking,1,1,ros_live,gazebo,1788402272.112717,0.879057,0.008187,0.018942,0.999000,0.020000,0.000000,20,0.000000,0.018942,0.000000,0.000000,0.120524,0,0
lqr_pt_2602_hotel,gazebo_map2_straight_tracking,1,1,ros_live,gazebo,1788402272.162511,0.879057,0.008187,0.018942,0.999000,0.020000,0.000000,20,0.000000,0.018942,0.000000,0.000000,0.120524,0,0
lqr_pt_2602_hotel,gazebo_map2_straight_tracking,1,1,ros_live,gazebo,1788402272.212697,0.879057,0.008187,0.018940,0.999000,0.020000,0.000000,20,0.000000,0.018940,0.000000,0.000000,0.120524,0,0
lqr_pt_2602_hotel,gazebo_map2_straight_tracking,1,1,ros_live,gazebo,1788402272.262398,0.879057,0.008187,0.018942,0.999000,0.020000,0.000000,20,0.000000,0.018942,0.000000,0.000000,0.120524,0,0
lqr_pt_2602_hotel,gazebo_map2_straight_tracking,1,1,ros_live,gazebo,1788402272.312752,0.879057,0.008187,0.018943,0.999000,0.020000,0.000000,20,0.000000,0.018943,0.000000,0.000000,0.120524,0,0
lqr_pt_2602_hotel,gazebo_map2_straight_tracking,1,1,ros_live,gazebo,1788402272.362584,0.879057,0.008187,0.018946,0.999000,0.020000,0.000000,20,0.000000,0.018946,0.000000,0.000000,0.120524,0,0
lqr_pt_2602_hotel,gazebo_map2_straight_tracking,1,1,ros_live,gazebo,1788402272.412372,0.879057,0.008187,0.018944,0.999000,0.020000,0.000000,20,0.000000,0.018944,0.000000,0.000000,0.120524,0,0
lqr_pt_2602_hotel,gazebo_map2_straight_tracking,1,1,ros_live,gazebo,1788402272.462426,0.879057,0.008187,0.018947,0.999000,0.020000,0.000000,20,0.000000,0.018947,0.000000,0.000000,0.120524,0,0
lqr_pt_2602_hotel,gazebo_map2_straight_tracking,1,1,ros_live,gazebo,1788402272.512610,0.879057,0.008187,0.018951,0.999000,0.020000,0.000000,20,0.000000,0.018951,0.000000,0.000000,0.120524,0,0
lqr_pt_2602_hotel,gazebo_map2_straight_tracking,1,1,ros_live,gazebo,1788402272.562469,0.879057,0.008187,0.018948,0.999000,0.020000,0.000000,20,0.000000,0.018948,0.000000,0.000000,0.120524,0,0
lqr_pt_2602_hotel,gazebo_map2_straight_tracking,1,1,ros_live,gazebo,1788402272.612896,0.879057,0.008187,0.018950,0.999000,0.020000,0.000000,20,0.000000,0.018950,0.000000,0.000000,0.120524,0,0
lqr_pt_2602_hotel,gazebo_map2_straight_tracking,1,1,ros_live,gazebo,1788402272.662514,0.879057,0.008187,0.018950,0.999000,0.020000,0.000000,20,0.000000,0.018950,0.000000,0.000000,0.120524,0,0
lqr_pt_2602_hotel,gazebo_map2_straight_tracking,1,1,ros_live,gazebo,1788402272.712698,0.879057,0.008187,0.018947,0.999000,0.020000,0.000000,20,0.000000,0.018947,0.000000,0.000000,0.120524,0,0
lqr_pt_2602_hotel,gazebo_map2_straight_tracking,1,1,ros_live,gazebo,1788402272.762500,0.879057,0.008187,0.018949,0.999000,0.020000,0.000000,20,0.000000,0.018949,0.000000,0.000000,0.120524,0,0
lqr_pt_2602_hotel,gazebo_map2_straight_tracking,1,1,ros_live,gazebo,1788402272.812477,0.879057,0.008187,0.018951,0.999000,0.020000,0.000000,20,0.000000,0.018951,0.000000,0.000000,0.120524,0,0
lqr_pt_2602_hotel,gazebo_map2_straight_tracking,1,1,ros_live,gazebo,1788402272.862477,0.879057,0.008187,0.018950,0.999000,0.020000,0.000000,20,0.000000,0.018950,0.000000,0.000000,0.120524,0,0
lqr_pt_2602_hotel,gazebo_map2_straight_tracking,1,1,ros_live,gazebo,1788402272.912758,0.879057,0.008187,0.018946,0.999000,0.020000,0.000000,20,0.000000,0.018946,0.000000,0.000000,0.120524,0,0
lqr_pt_2602_hotel,gazebo_map2_straight_tracking,1,1,ros_live,gazebo,1788402272.962544,0.879057,0.008187,0.018945,0.999000,0.020000,0.000000,20,0.000000,0.018945,0.000000,0.000000,0.120524,0,0
lqr_pt_2602_hotel,gazebo_map2_straight_tracking,1,1,ros_live,gazebo,1788402273.012472,0.879057,0.008187,0.018944,0.999000,0.020000,0.000000,20,0.000000,0.018944,0.000000,0.000000,0.120524,0,0
lqr_pt_2602_hotel,gazebo_map2_straight_tracking,1,1,ros_live,gazebo,1788402273.062469,0.879057,0.008187,0.018948,0.999000,0.020000,0.000000,20,0.000000,0.018948,0.000000,0.000000,0.120524,0,0
lqr_pt_2602_hotel,gazebo_map2_straight_tracking,1,1,ros_live,gazebo,1788402273.112758,0.879057,0.008187,0.018950,0.999000,0.020000,0.000000,20,0.000000,0.018950,0.000000,0.000000,0.120524,0,0
lqr_pt_2602_hotel,gazebo_map2_straight_tracking,1,1,ros_live,gazebo,1788402273.162439,0.879057,0.008187,0.018949,0.999000,0.020000,0.000000,20,0.000000,0.018949,0.000000,0.000000,0.120524,0,0
lqr_pt_2602_hotel,gazebo_map2_straight_tracking,1,1,ros_live,gazebo,1788402273.212754,0.879057,0.008187,0.018946,0.999000,0.020000,0.000000,20,0.000000,0.018946,0.000000,0.000000,0.120524,0,0
lqr_pt_2602_hotel,gazebo_map2_straight_tracking,1,1,ros_live,gazebo,1788402273.262402,0.879057,0.008187,0.018944,0.999000,0.020000,0.000000,20,0.000000,0.018944,0.000000,0.000000,0.120524,0,0
lqr_pt_2602_hotel,gazebo_map2_straight_tracking,1,1,ros_live,gazebo,1788402273.312401,0.879057,0.008187,0.018948,0.999000,0.020000,0.000000,20,0.000000,0.018948,0.000000,0.000000,0.120524,0,0
lqr_pt_2602_hotel,gazebo_map2_straight_tracking,1,1,ros_live,gazebo,1788402273.362388,0.879057,0.008187,0.018947,0.999000,0.020000,0.000000,20,0.000000,0.018947,0.000000,0.000000,0.120524,0,0
lqr_pt_2602_hotel,gazebo_map2_straight_tracking,1,1,ros_live,gazebo,1788402273.412837,0.879057,0.008187,0.018946,0.999000,0.020000,0.000000,20,0.000000,0.018946,0.000000,0.000000,0.120524,0,0
lqr_pt_2602_hotel,gazebo_map2_straight_tracking,1,1,ros_live,gazebo,1788402273.462681,0.879057,0.008187,0.018945,0.999000,0.020000,0.000000,20,0.000000,0.018945,0.000000,0.000000,0.120524,0,0
lqr_pt_2602_hotel,gazebo_map2_straight_tracking,1,1,ros_live,gazebo,1788402273.512745,0.879057,0.008187,0.018947,0.999000,0.020000,0.000000,20,0.000000,0.018947,0.000000,0.000000,0.120524,0,0
lqr_pt_2602_hotel,gazebo_map2_straight_tracking,1,1,ros_live,gazebo,1788402273.562508,0.879057,0.008187,0.018948,0.999000,0.020000,0.000000,20,0.000000,0.018948,0.000000,0.000000,0.120524,0,0
lqr_pt_2602_hotel,gazebo_map2_straight_tracking,1,1,ros_live,gazebo,1788402273.612711,0.879057,0.008187,0.018954,0.999000,0.020000,0.000000,20,0.000000,0.018954,0.000000,0.000000,0.120524,0,0
lqr_pt_2602_hotel,gazebo_map2_straight_tracking,1,1,ros_live,gazebo,1788402273.662545,0.879057,0.008187,0.018955,0.999000,0.020000,0.000000,20,0.000000,0.018955,0.000000,0.000000,0.120524,0,0
lqr_pt_2602_hotel,gazebo_map2_straight_tracking,1,1,ros_live,gazebo,1788402273.712836,0.879057,0.008187,0.018960,0.999000,0.020000,0.000000,20,0.000000,0.018960,0.000000,0.000000,0.120524,0,0
lqr_pt_2602_hotel,gazebo_map2_straight_tracking,1,1,ros_live,gazebo,1788402273.762750,0.879057,0.008187,0.018957,0.999000,0.020000,0.000000,20,0.000000,0.018957,0.000000,0.000000,0.120524,0,0
lqr_pt_2602_hotel,gazebo_map2_straight_tracking,1,1,ros_live,gazebo,1788402273.812560,0.879057,0.008187,0.018956,0.999000,0.020000,0.000000,20,0.000000,0.018956,0.000000,0.000000,0.120524,0,0
lqr_pt_2602_hotel,gazebo_map2_straight_tracking,1,1,ros_live,gazebo,1788402273.862620,0.879057,0.008187,0.018956,0.999000,0.020000,0.000000,20,0.000000,0.018956,0.000000,0.000000,0.120524,0,0
lqr_pt_2602_hotel,gazebo_map2_straight_tracking,1,1,ros_live,gazebo,1788402273.912585,0.879057,0.008187,0.018954,0.999000,0.020000,0.000000,20,0.000000,0.018954,0.000000,0.000000,0.120524,0,0
lqr_pt_2602_hotel,gazebo_map2_straight_tracking,1,1,ros_live,gazebo,1788402273.962683,0.879057,0.008187,0.018957,0.999000,0.020000,0.000000,20,0.000000,0.018957,0.000000,0.000000,0.120524,0,0
lqr_pt_2602_hotel,gazebo_map2_straight_tracking,1,1,ros_live,gazebo,1788402274.012664,0.879057,0.008187,0.018958,0.999000,0.020000,0.000000,20,0.000000,0.018958,0.000000,0.000000,0.120524,0,0
lqr_pt_2602_hotel,gazebo_map2_straight_tracking,1,1,ros_live,gazebo,1788402274.062519,0.879057,0.008187,0.018956,0.999000,0.020000,0.000000,20,0.000000,0.018956,0.000000,0.000000,0.120524,0,0
lqr_pt_2602_hotel,gazebo_map2_straight_tracking,1,1,ros_live,gazebo,1788402274.112472,0.879057,0.008187,0.018960,0.999000,0.020000,0.000000,20,0.000000,0.018960,0.000000,0.000000,0.120524,0,0
lqr_pt_2602_hotel,gazebo_map2_straight_tracking,1,1,ros_live,gazebo,1788402274.162773,0.879057,0.008187,0.018958,0.999000,0.020000,0.000000,20,0.000000,0.018958,0.000000,0.000000,0.120524,0,0
lqr_pt_2602_hotel,gazebo_map2_straight_tracking,1,1,ros_live,gazebo,1788402274.212482,0.879057,0.008187,0.018953,0.999000,0.020000,0.000000,20,0.000000,0.018953,0.000000,0.000000,0.120524,0,0
lqr_pt_2602_hotel,gazebo_map2_straight_tracking,1,1,ros_live,gazebo,1788402274.262818,0.879057,0.008187,0.018953,0.999000,0.020000,0.000000,20,0.000000,0.018953,0.000000,0.000000,0.120524,0,0
lqr_pt_2602_hotel,gazebo_map2_straight_tracking,1,1,ros_live,gazebo,1788402274.312559,0.879057,0.008187,0.018947,0.999000,0.020000,0.000000,20,0.000000,0.018947,0.000000,0.000000,0.120524,0,0
lqr_pt_2602_hotel,gazebo_map2_straight_tracking,1,1,ros_live,gazebo,1788402274.362564,0.879057,0.008187,0.018949,0.999000,0.020000,0.000000,20,0.000000,0.018949,0.000000,0.000000,0.120524,0,0
lqr_pt_2602_hotel,gazebo_map2_straight_tracking,1,1,ros_live,gazebo,1788402274.412454,0.879057,0.008187,0.018956,0.999000,0.020000,0.000000,20,0.000000,0.018956,0.000000,0.000000,0.120524,0,0
lqr_pt_2602_hotel,gazebo_map2_straight_tracking,1,1,ros_live,gazebo,1788402274.462673,0.879057,0.008187,0.018951,0.999000,0.020000,0.000000,20,0.000000,0.018951,0.000000,0.000000,0.120524,0,0
lqr_pt_2602_hotel,gazebo_map2_straight_tracking,1,1,ros_live,gazebo,1788402274.512471,0.879057,0.008187,0.018953,0.999000,0.020000,0.000000,20,0.000000,0.018953,0.000000,0.000000,0.120524,0,0
lqr_pt_2602_hotel,gazebo_map2_straight_tracking,1,1,ros_live,gazebo,1788402274.562605,0.879057,0.008187,0.018952,0.999000,0.020000,0.000000,20,0.000000,0.018952,0.000000,0.000000,0.120524,0,0
lqr_pt_2602_hotel,gazebo_map2_straight_tracking,1,1,ros_live,gazebo,1788402274.612503,0.879057,0.008187,0.018954,0.999000,0.020000,0.000000,20,0.000000,0.018954,0.000000,0.000000,0.120524,0,0
lqr_pt_2602_hotel,gazebo_map2_straight_tracking,1,1,ros_live,gazebo,1788402274.662494,0.879057,0.008187,0.018952,0.999000,0.020000,0.000000,20,0.000000,0.018952,0.000000,0.000000,0.120524,0,0
lqr_pt_2602_hotel,gazebo_map2_straight_tracking,1,1,ros_live,gazebo,1788402274.712588,0.879057,0.008187,0.018951,0.999000,0.020000,0.000000,20,0.000000,0.018951,0.000000,0.000000,0.120524,0,0
lqr_pt_2602_hotel,gazebo_map2_straight_tracking,1,1,ros_live,gazebo,1788402274.763059,0.879057,0.008187,0.018948,0.999000,0.020000,0.000000,20,0.000000,0.018948,0.000000,0.000000,0.120524,0,0
lqr_pt_2602_hotel,gazebo_map2_straight_tracking,1,1,ros_live,gazebo,1788402274.812485,0.879057,0.008187,0.018948,0.999000,0.020000,0.000000,20,0.000000,0.018948,0.000000,0.000000,0.120524,0,0
lqr_pt_2602_hotel,gazebo_map2_straight_tracking,1,1,ros_live,gazebo,1788402274.862531,0.879057,0.008187,0.018954,0.999000,0.020000,0.000000,20,0.000000,0.018954,0.000000,0.000000,0.120524,0,0
lqr_pt_2602_hotel,gazebo_map2_straight_tracking,1,1,ros_live,gazebo,1788402274.912843,0.879057,0.008187,0.018954,0.999000,0.020000,0.000000,20,0.000000,0.018954,0.000000,0.000000,0.120524,0,0
lqr_pt_2602_hotel,gazebo_map2_straight_tracking,1,1,ros_live,gazebo,1788402274.962449,0.879057,0.008187,0.018952,0.999000,0.020000,0.000000,20,0.000000,0.018952,0.000000,0.000000,0.120524,0,0
lqr_pt_2602_hotel,gazebo_map2_straight_tracking,1,1,ros_live,gazebo,1788402275.012576,0.879057,0.008187,0.018948,0.999000,0.020000,0.000000,20,0.000000,0.018948,0.000000,0.000000,0.120524,0,0
lqr_pt_2602_hotel,gazebo_map2_straight_tracking,1,1,ros_live,gazebo,1788402275.062666,0.879057,0.008187,0.018947,0.999000,0.020000,0.000000,20,0.000000,0.018947,0.000000,0.000000,0.120524,0,0
lqr_pt_2602_hotel,gazebo_map2_straight_tracking,1,1,ros_live,gazebo,1788402275.112714,0.879057,0.008187,0.018947,0.999000,0.020000,0.000000,20,0.000000,0.018947,0.000000,0.000000,0.120524,0,0
lqr_pt_2602_hotel,gazebo_map2_straight_tracking,1,1,ros_live,gazebo,1788402275.162695,0.879057,0.008187,0.018939,0.999000,0.020000,0.000000,20,0.000000,0.018939,0.000000,0.000000,0.120524,0,0
lqr_pt_2602_hotel,gazebo_map2_straight_tracking,1,1,ros_live,gazebo,1788402275.212477,0.879057,0.008187,0.018940,0.999000,0.020000,0.000000,20,0.000000,0.018940,0.000000,0.000000,0.120524,0,0
lqr_pt_2602_hotel,gazebo_map2_straight_tracking,1,1,ros_live,gazebo,1788402275.262511,0.879057,0.008187,0.018939,0.999000,0.020000,0.000000,20,0.000000,0.018939,0.000000,0.000000,0.120524,0,0
lqr_pt_2602_hotel,gazebo_map2_straight_tracking,1,1,ros_live,gazebo,1788402275.312407,0.879057,0.008187,0.018940,0.999000,0.020000,0.000000,20,0.000000,0.018940,0.000000,0.000000,0.120524,0,0
lqr_pt_2602_hotel,gazebo_map2_straight_tracking,1,1,ros_live,gazebo,1788402275.362497,0.879057,0.008187,0.018940,0.999000,0.020000,0.000000,20,0.000000,0.018940,0.000000,0.000000,0.120524,0,0
lqr_pt_2602_hotel,gazebo_map2_straight_tracking,1,1,ros_live,gazebo,1788402275.412598,0.879057,0.008187,0.018939,0.999000,0.020000,0.000000,20,0.000000,0.018939,0.000000,0.000000,0.120524,0,0
lqr_pt_2602_hotel,gazebo_map2_straight_tracking,1,1,ros_live,gazebo,1788402275.462773,0.879057,0.008187,0.018939,0.999000,0.020000,0.000000,20,0.000000,0.018939,0.000000,0.000000,0.120524,0,0
lqr_pt_2602_hotel,gazebo_map2_straight_tracking,1,1,ros_live,gazebo,1788402275.512377,0.879057,0.008187,0.018934,0.999000,0.020000,0.000000,20,0.000000,0.018934,0.000000,0.000000,0.120524,0,0
lqr_pt_2602_hotel,gazebo_map2_straight_tracking,1,1,ros_live,gazebo,1788402275.562662,0.879057,0.008187,0.018946,0.999000,0.020000,0.000000,20,0.000000,0.018946,0.000000,0.000000,0.120524,0,0
lqr_pt_2602_hotel,gazebo_map2_straight_tracking,1,1,ros_live,gazebo,1788402275.612561,0.879057,0.008187,0.018946,0.999000,0.020000,0.000000,20,0.000000,0.018946,0.000000,0.000000,0.120524,0,0
lqr_pt_2602_hotel,gazebo_map2_straight_tracking,1,1,ros_live,gazebo,1788402275.662486,0.879057,0.008187,0.018944,0.999000,0.020000,0.000000,20,0.000000,0.018944,0.000000,0.000000,0.120524,0,0
lqr_pt_2602_hotel,gazebo_map2_straight_tracking,1,1,ros_live,gazebo,1788402275.712467,0.879057,0.008187,0.018945,0.999000,0.020000,0.000000,20,0.000000,0.018945,0.000000,0.000000,0.120524,0,0
lqr_pt_2602_hotel,gazebo_map2_straight_tracking,1,1,ros_live,gazebo,1788402275.762568,0.879057,0.008187,0.018945,0.999000,0.020000,0.000000,20,0.000000,0.018945,0.000000,0.000000,0.120524,0,0
lqr_pt_2602_hotel,gazebo_map2_straight_tracking,1,1,ros_live,gazebo,1788402275.812544,0.879057,0.008187,0.018945,0.999000,0.020000,0.000000,20,0.000000,0.018945,0.000000,0.000000,0.120524,0,0
lqr_pt_2602_hotel,gazebo_map2_straight_tracking,1,1,ros_live,gazebo,1788402275.862418,0.879057,0.008187,0.018946,0.999000,0.020000,0.000000,20,0.000000,0.018946,0.000000,0.000000,0.120524,0,0
lqr_pt_2602_hotel,gazebo_map2_straight_tracking,1,1,ros_live,gazebo,1788402275.912416,0.879057,0.008187,0.018947,0.999000,0.020000,0.000000,20,0.000000,0.018947,0.000000,0.000000,0.120524,0,0
lqr_pt_2602_hotel,gazebo_map2_straight_tracking,1,1,ros_live,gazebo,1788402275.962531,0.879057,0.008187,0.018949,0.999000,0.020000,0.000000,20,0.000000,0.018949,0.000000,0.000000,0.120524,0,0
lqr_pt_2602_hotel,gazebo_map2_straight_tracking,1,1,ros_live,gazebo,1788402276.012474,0.879057,0.008187,0.018944,0.999000,0.020000,0.000000,20,0.000000,0.018944,0.000000,0.000000,0.120524,0,0
lqr_pt_2602_hotel,gazebo_map2_straight_tracking,1,1,ros_live,gazebo,1788402276.062778,0.879057,0.008187,0.018946,0.999000,0.020000,0.000000,20,0.000000,0.018946,0.000000,0.000000,0.120524,0,0
lqr_pt_2602_hotel,gazebo_map2_straight_tracking,1,1,ros_live,gazebo,1788402276.112534,0.879057,0.008187,0.018946,0.999000,0.020000,0.000000,20,0.000000,0.018946,0.000000,0.000000,0.120524,0,0
lqr_pt_2602_hotel,gazebo_map2_straight_tracking,1,1,ros_live,gazebo,1788402276.162798,0.879057,0.008187,0.018948,0.999000,0.020000,0.000000,20,0.000000,0.018948,0.000000,0.000000,0.120524,0,0
lqr_pt_2602_hotel,gazebo_map2_straight_tracking,1,1,ros_live,gazebo,1788402276.212688,0.879057,0.008187,0.018946,0.999000,0.020000,0.000000,20,0.000000,0.018946,0.000000,0.000000,0.120524,0,0
lqr_pt_2602_hotel,gazebo_map2_straight_tracking,1,1,ros_live,gazebo,1788402276.262901,0.879057,0.008187,0.018946,0.999000,0.020000,0.000000,20,0.000000,0.018946,0.000000,0.000000,0.120524,0,0
lqr_pt_2602_hotel,gazebo_map2_straight_tracking,1,1,ros_live,gazebo,1788402276.312614,0.879057,0.008187,0.018944,0.999000,0.020000,0.000000,20,0.000000,0.018944,0.000000,0.000000,0.120524,0,0
lqr_pt_2602_hotel,gazebo_map2_straight_tracking,1,1,ros_live,gazebo,1788402276.362815,0.879057,0.008187,0.018942,0.999000,0.020000,0.000000,20,0.000000,0.018942,0.000000,0.000000,0.120524,0,0
lqr_pt_2602_hotel,gazebo_map2_straight_tracking,1,1,ros_live,gazebo,1788402276.412377,0.879057,0.008187,0.018943,0.999000,0.020000,0.000000,20,0.000000,0.018943,0.000000,0.000000,0.120524,0,0
lqr_pt_2602_hotel,gazebo_map2_straight_tracking,1,1,ros_live,gazebo,1788402276.462781,0.879057,0.008187,0.018945,0.999000,0.020000,0.000000,20,0.000000,0.018945,0.000000,0.000000,0.120524,0,0
lqr_pt_2602_hotel,gazebo_map2_straight_tracking,1,1,ros_live,gazebo,1788402276.512406,0.879057,0.008187,0.018945,0.999000,0.020000,0.000000,20,0.000000,0.018945,0.000000,0.000000,0.120524,0,0
lqr_pt_2602_hotel,gazebo_map2_straight_tracking,1,1,ros_live,gazebo,1788402276.562850,0.879057,0.008187,0.018946,0.999000,0.020000,0.000000,20,0.000000,0.018946,0.000000,0.000000,0.120524,0,0
lqr_pt_2602_hotel,gazebo_map2_straight_tracking,1,1,ros_live,gazebo,1788402276.612515,0.879057,0.008187,0.018942,0.999000,0.020000,0.000000,20,0.000000,0.018942,0.000000,0.000000,0.120524,0,0
lqr_pt_2602_hotel,gazebo_map2_straight_tracking,1,1,ros_live,gazebo,1788402276.662617,0.879057,0.008187,0.018944,0.999000,0.020000,0.000000,20,0.000000,0.018944,0.000000,0.000000,0.120524,0,0
lqr_pt_2602_hotel,gazebo_map2_straight_tracking,1,1,ros_live,gazebo,1788402276.712487,0.879057,0.008187,0.018942,0.999000,0.020000,0.000000,20,0.000000,0.018942,0.000000,0.000000,0.120524,0,0
lqr_pt_2602_hotel,gazebo_map2_straight_tracking,1,1,ros_live,gazebo,1788402276.762501,0.879057,0.008187,0.018946,0.999000,0.020000,0.000000,20,0.000000,0.018946,0.000000,0.000000,0.120524,0,0
lqr_pt_2602_hotel,gazebo_map2_straight_tracking,1,1,ros_live,gazebo,1788402276.812460,0.879057,0.008187,0.018949,0.999000,0.020000,0.000000,20,0.000000,0.018949,0.000000,0.000000,0.120524,0,0
lqr_pt_2602_hotel,gazebo_map2_straight_tracking,1,1,ros_live,gazebo,1788402276.862842,0.879057,0.008187,0.018951,0.999000,0.020000,0.000000,20,0.000000,0.018951,0.000000,0.000000,0.120524,0,0
lqr_pt_2602_hotel,gazebo_map2_straight_tracking,1,1,ros_live,gazebo,1788402276.912373,0.879057,0.008187,0.018957,0.999000,0.020000,0.000000,20,0.000000,0.018957,0.000000,0.000000,0.120524,0,0
lqr_pt_2602_hotel,gazebo_map2_straight_tracking,1,1,ros_live,gazebo,1788402276.962546,0.879057,0.008187,0.018958,0.999000,0.020000,0.000000,20,0.000000,0.018958,0.000000,0.000000,0.120524,0,0
lqr_pt_2602_hotel,gazebo_map2_straight_tracking,1,1,ros_live,gazebo,1788402277.012478,0.879057,0.008187,0.018958,0.999000,0.020000,0.000000,20,0.000000,0.018958,0.000000,0.000000,0.120524,0,0
lqr_pt_2602_hotel,gazebo_map2_straight_tracking,1,1,ros_live,gazebo,1788402277.062505,0.879057,0.008187,0.018963,0.999000,0.020000,0.000000,20,0.000000,0.018963,0.000000,0.000000,0.120524,0,0
lqr_pt_2602_hotel,gazebo_map2_straight_tracking,1,1,ros_live,gazebo,1788402277.112381,0.879057,0.008187,0.018967,0.999000,0.020000,0.000000,20,0.000000,0.018967,0.000000,0.000000,0.120524,0,0
lqr_pt_2602_hotel,gazebo_map2_straight_tracking,1,1,ros_live,gazebo,1788402277.162738,0.879057,0.008187,0.018970,0.999000,0.020000,0.000000,20,0.000000,0.018970,0.000000,0.000000,0.120524,0,0
lqr_pt_2602_hotel,gazebo_map2_straight_tracking,1,1,ros_live,gazebo,1788402277.212425,0.879057,0.008187,0.018965,0.999000,0.020000,0.000000,20,0.000000,0.018965,0.000000,0.000000,0.120524,0,0
lqr_pt_2602_hotel,gazebo_map2_straight_tracking,1,1,ros_live,gazebo,1788402277.262747,0.879057,0.008187,0.018966,0.999000,0.020000,0.000000,20,0.000000,0.018966,0.000000,0.000000,0.120524,0,0
lqr_pt_2602_hotel,gazebo_map2_straight_tracking,1,1,ros_live,gazebo,1788402277.312459,0.879057,0.008187,0.018963,0.999000,0.020000,0.000000,20,0.000000,0.018963,0.000000,0.000000,0.120524,0,0
lqr_pt_2602_hotel,gazebo_map2_straight_tracking,1,1,ros_live,gazebo,1788402277.362485,0.879057,0.008187,0.018960,0.999000,0.020000,0.000000,20,0.000000,0.018960,0.000000,0.000000,0.120524,0,0
lqr_pt_2602_hotel,gazebo_map2_straight_tracking,1,1,ros_live,gazebo,1788402277.412671,0.879057,0.008187,0.018961,0.999000,0.020000,0.000000,20,0.000000,0.018961,0.000000,0.000000,0.120524,0,0
lqr_pt_2602_hotel,gazebo_map2_straight_tracking,1,1,ros_live,gazebo,1788402277.462598,0.879057,0.008187,0.018959,0.999000,0.020000,0.000000,20,0.000000,0.018959,0.000000,0.000000,0.120524,0,0
lqr_pt_2602_hotel,gazebo_map2_straight_tracking,1,1,ros_live,gazebo,1788402277.512678,0.879057,0.008187,0.018960,0.999000,0.020000,0.000000,20,0.000000,0.018960,0.000000,0.000000,0.120524,0,0
lqr_pt_2602_hotel,gazebo_map2_straight_tracking,1,1,ros_live,gazebo,1788402277.562744,0.879057,0.008187,0.018961,0.999000,0.020000,0.000000,20,0.000000,0.018961,0.000000,0.000000,0.120524,0,0
lqr_pt_2602_hotel,gazebo_map2_straight_tracking,1,1,ros_live,gazebo,1788402277.612674,0.879057,0.008187,0.018959,0.999000,0.020000,0.000000,20,0.000000,0.018959,0.000000,0.000000,0.120524,0,0
lqr_pt_2602_hotel,gazebo_map2_straight_tracking,1,1,ros_live,gazebo,1788402277.662745,0.879057,0.008187,0.018954,0.999000,0.020000,0.000000,20,0.000000,0.018954,0.000000,0.000000,0.120524,0,0
lqr_pt_2602_hotel,gazebo_map2_straight_tracking,1,1,ros_live,gazebo,1788402277.712490,0.879057,0.008187,0.018952,0.999000,0.020000,0.000000,20,0.000000,0.018952,0.000000,0.000000,0.120524,0,0
lqr_pt_2602_hotel,gazebo_map2_straight_tracking,1,1,ros_live,gazebo,1788402277.762496,0.879057,0.008187,0.018949,0.999000,0.020000,0.000000,20,0.000000,0.018949,0.000000,0.000000,0.120524,0,0
lqr_pt_2602_hotel,gazebo_map2_straight_tracking,1,1,ros_live,gazebo,1788402277.812891,0.879057,0.008187,0.018950,0.999000,0.020000,0.000000,20,0.000000,0.018950,0.000000,0.000000,0.120524,0,0
lqr_pt_2602_hotel,gazebo_map2_straight_tracking,1,1,ros_live,gazebo,1788402277.862475,0.879057,0.008187,0.018951,0.999000,0.020000,0.000000,20,0.000000,0.018951,0.000000,0.000000,0.120524,0,0
lqr_pt_2602_hotel,gazebo_map2_straight_tracking,1,1,ros_live,gazebo,1788402277.912516,0.879057,0.008187,0.018953,0.999000,0.020000,0.000000,20,0.000000,0.018953,0.000000,0.000000,0.120524,0,0
lqr_pt_2602_hotel,gazebo_map2_straight_tracking,1,1,ros_live,gazebo,1788402277.962562,0.879057,0.008187,0.018955,0.999000,0.020000,0.000000,20,0.000000,0.018955,0.000000,0.000000,0.120524,0,0
lqr_pt_2602_hotel,gazebo_map2_straight_tracking,1,1,ros_live,gazebo,1788402278.012584,0.879057,0.008187,0.018957,0.999000,0.020000,0.000000,20,0.000000,0.018957,0.000000,0.000000,0.120524,0,0
lqr_pt_2602_hotel,gazebo_map2_straight_tracking,1,1,ros_live,gazebo,1788402278.062626,0.879057,0.008187,0.018958,0.999000,0.020000,0.000000,20,0.000000,0.018958,0.000000,0.000000,0.120524,0,0
lqr_pt_2602_hotel,gazebo_map2_straight_tracking,1,1,ros_live,gazebo,1788402278.112508,0.879057,0.008187,0.018960,0.999000,0.020000,0.000000,20,0.000000,0.018960,0.000000,0.000000,0.120524,0,0
lqr_pt_2602_hotel,gazebo_map2_straight_tracking,1,1,ros_live,gazebo,1788402278.162501,0.879057,0.008187,0.018961,0.999000,0.020000,0.000000,20,0.000000,0.018961,0.000000,0.000000,0.120524,0,0
lqr_pt_2602_hotel,gazebo_map2_straight_tracking,1,1,ros_live,gazebo,1788402278.212681,0.879057,0.008187,0.018959,0.999000,0.020000,0.000000,20,0.000000,0.018959,0.000000,0.000000,0.120524,0,0
lqr_pt_2602_hotel,gazebo_map2_straight_tracking,1,1,ros_live,gazebo,1788402278.262576,0.879057,0.008187,0.018958,0.999000,0.020000,0.000000,20,0.000000,0.018958,0.000000,0.000000,0.120524,0,0
lqr_pt_2602_hotel,gazebo_map2_straight_tracking,1,1,ros_live,gazebo,1788402278.312596,0.879057,0.008187,0.018957,0.999000,0.020000,0.000000,20,0.000000,0.018957,0.000000,0.000000,0.120524,0,0
lqr_pt_2602_hotel,gazebo_map2_straight_tracking,1,1,ros_live,gazebo,1788402278.362459,0.879057,0.008187,0.018957,0.999000,0.020000,0.000000,20,0.000000,0.018957,0.000000,0.000000,0.120524,0,0
lqr_pt_2602_hotel,gazebo_map2_straight_tracking,1,1,ros_live,gazebo,1788402278.412740,0.879057,0.008187,0.018959,0.999000,0.020000,0.000000,20,0.000000,0.018959,0.000000,0.000000,0.120524,0,0
lqr_pt_2602_hotel,gazebo_map2_straight_tracking,1,1,ros_live,gazebo,1788402278.462414,0.879057,0.008187,0.018959,0.999000,0.020000,0.000000,20,0.000000,0.018959,0.000000,0.000000,0.120524,0,0
lqr_pt_2602_hotel,gazebo_map2_straight_tracking,1,1,ros_live,gazebo,1788402278.512492,0.879057,0.008187,0.018961,0.999000,0.020000,0.000000,20,0.000000,0.018961,0.000000,0.000000,0.120524,0,0
lqr_pt_2602_hotel,gazebo_map2_straight_tracking,1,1,ros_live,gazebo,1788402278.562599,0.879057,0.008187,0.018962,0.999000,0.020000,0.000000,20,0.000000,0.018962,0.000000,0.000000,0.120524,0,0
lqr_pt_2602_hotel,gazebo_map2_straight_tracking,1,1,ros_live,gazebo,1788402278.612442,0.879057,0.008187,0.018964,0.999000,0.020000,0.000000,20,0.000000,0.018964,0.000000,0.000000,0.120524,0,0
lqr_pt_2602_hotel,gazebo_map2_straight_tracking,1,1,ros_live,gazebo,1788402278.662562,0.879057,0.008187,0.018962,0.999000,0.020000,0.000000,20,0.000000,0.018962,0.000000,0.000000,0.120524,0,0
lqr_pt_2602_hotel,gazebo_map2_straight_tracking,1,1,ros_live,gazebo,1788402278.712484,0.879057,0.008187,0.018963,0.999000,0.020000,0.000000,20,0.000000,0.018963,0.000000,0.000000,0.120524,0,0
lqr_pt_2602_hotel,gazebo_map2_straight_tracking,1,1,ros_live,gazebo,1788402278.762746,0.879057,0.008187,0.018963,0.999000,0.020000,0.000000,20,0.000000,0.018963,0.000000,0.000000,0.120524,0,0
lqr_pt_2602_hotel,gazebo_map2_straight_tracking,1,1,ros_live,gazebo,1788402278.812732,0.879057,0.008187,0.018963,0.999000,0.020000,0.000000,20,0.000000,0.018963,0.000000,0.000000,0.120524,0,0
lqr_pt_2602_hotel,gazebo_map2_straight_tracking,1,1,ros_live,gazebo,1788402278.862812,0.879057,0.008187,0.018965,0.999000,0.020000,0.000000,20,0.000000,0.018965,0.000000,0.000000,0.120524,0,0
lqr_pt_2602_hotel,gazebo_map2_straight_tracking,1,1,ros_live,gazebo,1788402278.912527,0.879057,0.008187,0.018967,0.999000,0.020000,0.000000,20,0.000000,0.018967,0.000000,0.000000,0.120524,0,0
lqr_pt_2602_hotel,gazebo_map2_straight_tracking,1,1,ros_live,gazebo,1788402278.962634,0.879057,0.008187,0.018971,0.999000,0.020000,0.000000,20,0.000000,0.018971,0.000000,0.000000,0.120524,0,0
lqr_pt_2602_hotel,gazebo_map2_straight_tracking,1,1,ros_live,gazebo,1788402279.012538,0.879057,0.008187,0.018971,0.999000,0.020000,0.000000,20,0.000000,0.018971,0.000000,0.000000,0.120524,0,0
lqr_pt_2602_hotel,gazebo_map2_straight_tracking,1,1,ros_live,gazebo,1788402279.062734,0.879057,0.008187,0.018973,0.999000,0.020000,0.000000,20,0.000000,0.018973,0.000000,0.000000,0.120524,0,0
lqr_pt_2602_hotel,gazebo_map2_straight_tracking,1,1,ros_live,gazebo,1788402279.112400,0.879057,0.008187,0.018974,0.999000,0.020000,0.000000,20,0.000000,0.018974,0.000000,0.000000,0.120524,0,0
lqr_pt_2602_hotel,gazebo_map2_straight_tracking,1,1,ros_live,gazebo,1788402279.162525,0.879057,0.008187,0.018972,0.999000,0.020000,0.000000,20,0.000000,0.018972,0.000000,0.000000,0.120524,0,0
lqr_pt_2602_hotel,gazebo_map2_straight_tracking,1,1,ros_live,gazebo,1788402279.212383,0.879057,0.008187,0.018968,0.999000,0.020000,0.000000,20,0.000000,0.018968,0.000000,0.000000,0.120524,0,0
lqr_pt_2602_hotel,gazebo_map2_straight_tracking,1,1,ros_live,gazebo,1788402279.262856,0.879057,0.008187,0.018964,0.999000,0.020000,0.000000,20,0.000000,0.018964,0.000000,0.000000,0.120524,0,0
lqr_pt_2602_hotel,gazebo_map2_straight_tracking,1,1,ros_live,gazebo,1788402279.312502,0.879057,0.008187,0.018965,0.999000,0.020000,0.000000,20,0.000000,0.018965,0.000000,0.000000,0.120524,0,0
lqr_pt_2602_hotel,gazebo_map2_straight_tracking,1,1,ros_live,gazebo,1788402279.362495,0.879057,0.008187,0.018965,0.999000,0.020000,0.000000,20,0.000000,0.018965,0.000000,0.000000,0.120524,0,0
lqr_pt_2602_hotel,gazebo_map2_straight_tracking,1,1,ros_live,gazebo,1788402279.412519,0.879057,0.008187,0.018963,0.999000,0.020000,0.000000,20,0.000000,0.018963,0.000000,0.000000,0.120524,0,0
lqr_pt_2602_hotel,gazebo_map2_straight_tracking,1,1,ros_live,gazebo,1788402279.462616,0.879057,0.008187,0.018961,0.999000,0.020000,0.000000,20,0.000000,0.018961,0.000000,0.000000,0.120524,0,0
lqr_pt_2602_hotel,gazebo_map2_straight_tracking,1,1,ros_live,gazebo,1788402279.512466,0.879057,0.008187,0.018960,0.999000,0.020000,0.000000,20,0.000000,0.018960,0.000000,0.000000,0.120524,0,0
lqr_pt_2602_hotel,gazebo_map2_straight_tracking,1,1,ros_live,gazebo,1788402279.562475,0.879057,0.008187,0.018960,0.999000,0.020000,0.000000,20,0.000000,0.018960,0.000000,0.000000,0.120524,0,0
lqr_pt_2602_hotel,gazebo_map2_straight_tracking,1,1,ros_live,gazebo,1788402279.612518,0.879057,0.008187,0.018954,0.999000,0.020000,0.000000,20,0.000000,0.018954,0.000000,0.000000,0.120524,0,0
lqr_pt_2602_hotel,gazebo_map2_straight_tracking,1,1,ros_live,gazebo,1788402279.662662,0.879057,0.008187,0.018955,0.999000,0.020000,0.000000,20,0.000000,0.018955,0.000000,0.000000,0.120524,0,0
lqr_pt_2602_hotel,gazebo_map2_straight_tracking,1,1,ros_live,gazebo,1788402279.712515,0.879057,0.008187,0.018951,0.999000,0.020000,0.000000,20,0.000000,0.018951,0.000000,0.000000,0.120524,0,0
lqr_pt_2602_hotel,gazebo_map2_straight_tracking,1,1,ros_live,gazebo,1788402279.762716,0.879057,0.008187,0.018954,0.999000,0.020000,0.000000,20,0.000000,0.018954,0.000000,0.000000,0.120524,0,0
lqr_pt_2602_hotel,gazebo_map2_straight_tracking,1,1,ros_live,gazebo,1788402279.812459,0.879057,0.008187,0.018951,0.999000,0.020000,0.000000,20,0.000000,0.018951,0.000000,0.000000,0.120524,0,0
lqr_pt_2602_hotel,gazebo_map2_straight_tracking,1,1,ros_live,gazebo,1788402279.862596,0.879057,0.008187,0.018947,0.999000,0.020000,0.000000,20,0.000000,0.018947,0.000000,0.000000,0.120524,0,0
lqr_pt_2602_hotel,gazebo_map2_straight_tracking,1,1,ros_live,gazebo,1788402279.912745,0.879057,0.008187,0.018948,0.999000,0.020000,0.000000,20,0.000000,0.018948,0.000000,0.000000,0.120524,0,0
lqr_pt_2602_hotel,gazebo_map2_straight_tracking,1,1,ros_live,gazebo,1788402279.962444,0.879057,0.008187,0.018948,0.999000,0.020000,0.000000,20,0.000000,0.018948,0.000000,0.000000,0.120524,0,0
lqr_pt_2602_hotel,gazebo_map2_straight_tracking,1,1,ros_live,gazebo,1788402280.012855,0.879057,0.008187,0.018950,0.999000,0.020000,0.000000,20,0.000000,0.018950,0.000000,0.000000,0.120524,0,0
lqr_pt_2602_hotel,gazebo_map2_straight_tracking,1,1,ros_live,gazebo,1788402280.062463,0.879057,0.008187,0.018955,0.999000,0.020000,0.000000,20,0.000000,0.018955,0.000000,0.000000,0.120524,0,0
lqr_pt_2602_hotel,gazebo_map2_straight_tracking,1,1,ros_live,gazebo,1788402280.112788,0.879057,0.008187,0.018954,0.999000,0.020000,0.000000,20,0.000000,0.018954,0.000000,0.000000,0.120524,0,0
lqr_pt_2602_hotel,gazebo_map2_straight_tracking,1,1,ros_live,gazebo,1788402280.162700,0.879057,0.008187,0.018952,0.999000,0.020000,0.000000,20,0.000000,0.018952,0.000000,0.000000,0.120524,0,0
lqr_pt_2602_hotel,gazebo_map2_straight_tracking,1,1,ros_live,gazebo,1788402280.212850,0.879057,0.008187,0.018950,0.999000,0.020000,0.000000,20,0.000000,0.018950,0.000000,0.000000,0.120524,0,0
lqr_pt_2602_hotel,gazebo_map2_straight_tracking,1,1,ros_live,gazebo,1788402280.262407,0.879057,0.008187,0.018952,0.999000,0.020000,0.000000,20,0.000000,0.018952,0.000000,0.000000,0.120524,0,0
lqr_pt_2602_hotel,gazebo_map2_straight_tracking,1,1,ros_live,gazebo,1788402280.312595,0.879057,0.008187,0.018956,0.999000,0.020000,0.000000,20,0.000000,0.018956,0.000000,0.000000,0.120524,0,0
lqr_pt_2602_hotel,gazebo_map2_straight_tracking,1,1,ros_live,gazebo,1788402280.362654,0.879057,0.008187,0.018954,0.999000,0.020000,0.000000,20,0.000000,0.018954,0.000000,0.000000,0.120524,0,0
lqr_pt_2602_hotel,gazebo_map2_straight_tracking,1,1,ros_live,gazebo,1788402280.412498,0.879057,0.008187,0.018954,0.999000,0.020000,0.000000,20,0.000000,0.018954,0.000000,0.000000,0.120524,0,0
lqr_pt_2602_hotel,gazebo_map2_straight_tracking,1,1,ros_live,gazebo,1788402280.462633,0.879057,0.008187,0.018956,0.999000,0.020000,0.000000,20,0.000000,0.018956,0.000000,0.000000,0.120524,0,0
lqr_pt_2602_hotel,gazebo_map2_straight_tracking,1,1,ros_live,gazebo,1788402280.512638,0.879057,0.008187,0.018953,0.999000,0.020000,0.000000,20,0.000000,0.018953,0.000000,0.000000,0.120524,0,0
lqr_pt_2602_hotel,gazebo_map2_straight_tracking,1,1,ros_live,gazebo,1788402280.562598,0.879057,0.008187,0.018952,0.999000,0.020000,0.000000,20,0.000000,0.018952,0.000000,0.000000,0.120524,0,0
lqr_pt_2602_hotel,gazebo_map2_straight_tracking,1,1,ros_live,gazebo,1788402280.612473,0.879057,0.008187,0.018952,0.999000,0.020000,0.000000,20,0.000000,0.018952,0.000000,0.000000,0.120524,0,0
lqr_pt_2602_hotel,gazebo_map2_straight_tracking,1,1,ros_live,gazebo,1788402280.662420,0.879057,0.008187,0.018953,0.999000,0.020000,0.000000,20,0.000000,0.018953,0.000000,0.000000,0.120524,0,0
lqr_pt_2602_hotel,gazebo_map2_straight_tracking,1,1,ros_live,gazebo,1788402280.712823,0.879057,0.008187,0.018953,0.999000,0.020000,0.000000,20,0.000000,0.018953,0.000000,0.000000,0.120524,0,0
lqr_pt_2602_hotel,gazebo_map2_straight_tracking,1,1,ros_live,gazebo,1788402280.762403,0.879057,0.008187,0.018959,0.999000,0.020000,0.000000,20,0.000000,0.018959,0.000000,0.000000,0.120524,0,0
lqr_pt_2602_hotel,gazebo_map2_straight_tracking,1,1,ros_live,gazebo,1788402280.812466,0.879057,0.008187,0.018960,0.999000,0.020000,0.000000,20,0.000000,0.018960,0.000000,0.000000,0.120524,0,0
lqr_pt_2602_hotel,gazebo_map2_straight_tracking,1,1,ros_live,gazebo,1788402280.862616,0.879057,0.008187,0.018957,0.999000,0.020000,0.000000,20,0.000000,0.018957,0.000000,0.000000,0.120524,0,0
lqr_pt_2602_hotel,gazebo_map2_straight_tracking,1,1,ros_live,gazebo,1788402280.912758,0.879057,0.008187,0.018956,0.999000,0.020000,0.000000,20,0.000000,0.018956,0.000000,0.000000,0.120524,0,0
lqr_pt_2602_hotel,gazebo_map2_straight_tracking,1,1,ros_live,gazebo,1788402280.962468,0.879057,0.008187,0.018959,0.999000,0.020000,0.000000,20,0.000000,0.018959,0.000000,0.000000,0.120524,0,0
lqr_pt_2602_hotel,gazebo_map2_straight_tracking,1,1,ros_live,gazebo,1788402281.012547,0.879057,0.008187,0.018959,0.999000,0.020000,0.000000,20,0.000000,0.018959,0.000000,0.000000,0.120524,0,0
lqr_pt_2602_hotel,gazebo_map2_straight_tracking,1,1,ros_live,gazebo,1788402281.063023,0.879057,0.008187,0.018961,0.999000,0.020000,0.000000,20,0.000000,0.018961,0.000000,0.000000,0.120524,0,0
lqr_pt_2602_hotel,gazebo_map2_straight_tracking,1,1,ros_live,gazebo,1788402281.112749,0.879057,0.008187,0.018962,0.999000,0.020000,0.000000,20,0.000000,0.018962,0.000000,0.000000,0.120524,0,0
lqr_pt_2602_hotel,gazebo_map2_straight_tracking,1,1,ros_live,gazebo,1788402281.162647,0.879057,0.008187,0.018957,0.999000,0.020000,0.000000,20,0.000000,0.018957,0.000000,0.000000,0.120524,0,0
lqr_pt_2602_hotel,gazebo_map2_straight_tracking,1,1,ros_live,gazebo,1788402281.212754,0.879057,0.008187,0.018953,0.999000,0.020000,0.000000,20,0.000000,0.018953,0.000000,0.000000,0.120524,0,0
lqr_pt_2602_hotel,gazebo_map2_straight_tracking,1,1,ros_live,gazebo,1788402281.262604,0.879057,0.008187,0.018953,0.999000,0.020000,0.000000,20,0.000000,0.018953,0.000000,0.000000,0.120524,0,0
lqr_pt_2602_hotel,gazebo_map2_straight_tracking,1,1,ros_live,gazebo,1788402281.312848,0.879057,0.008187,0.018954,0.999000,0.020000,0.000000,20,0.000000,0.018954,0.000000,0.000000,0.120524,0,0
lqr_pt_2602_hotel,gazebo_map2_straight_tracking,1,1,ros_live,gazebo,1788402281.362554,0.879057,0.008187,0.018952,0.999000,0.020000,0.000000,20,0.000000,0.018952,0.000000,0.000000,0.120524,0,0
lqr_pt_2602_hotel,gazebo_map2_straight_tracking,1,1,ros_live,gazebo,1788402281.412820,0.879057,0.008187,0.018948,0.999000,0.020000,0.000000,20,0.000000,0.018948,0.000000,0.000000,0.120524,0,0
lqr_pt_2602_hotel,gazebo_map2_straight_tracking,1,1,ros_live,gazebo,1788402281.462602,0.879057,0.008187,0.018949,0.999000,0.020000,0.000000,20,0.000000,0.018949,0.000000,0.000000,0.120524,0,0
lqr_pt_2602_hotel,gazebo_map2_straight_tracking,1,1,ros_live,gazebo,1788402281.512748,0.879057,0.008187,0.018949,0.999000,0.020000,0.000000,20,0.000000,0.018949,0.000000,0.000000,0.120524,0,0
lqr_pt_2602_hotel,gazebo_map2_straight_tracking,1,1,ros_live,gazebo,1788402281.562570,0.879057,0.008187,0.018956,0.999000,0.020000,0.000000,20,0.000000,0.018956,0.000000,0.000000,0.120524,0,0
lqr_pt_2602_hotel,gazebo_map2_straight_tracking,1,1,ros_live,gazebo,1788402281.612956,0.879057,0.008187,0.018954,0.999000,0.020000,0.000000,20,0.000000,0.018954,0.000000,0.000000,0.120524,0,0
lqr_pt_2602_hotel,gazebo_map2_straight_tracking,1,1,ros_live,gazebo,1788402281.662559,0.879057,0.008187,0.018959,0.999000,0.020000,0.000000,20,0.000000,0.018959,0.000000,0.000000,0.120524,0,0
lqr_pt_2602_hotel,gazebo_map2_straight_tracking,1,1,ros_live,gazebo,1788402281.712373,0.879057,0.008187,0.018961,0.999000,0.020000,0.000000,20,0.000000,0.018961,0.000000,0.000000,0.120524,0,0
lqr_pt_2602_hotel,gazebo_map2_straight_tracking,1,1,ros_live,gazebo,1788402281.762786,0.879057,0.008187,0.018965,0.999000,0.020000,0.000000,20,0.000000,0.018965,0.000000,0.000000,0.120524,0,0
lqr_pt_2602_hotel,gazebo_map2_straight_tracking,1,1,ros_live,gazebo,1788402281.812513,0.879057,0.008187,0.018966,0.999000,0.020000,0.000000,20,0.000000,0.018966,0.000000,0.000000,0.120524,0,0
lqr_pt_2602_hotel,gazebo_map2_straight_tracking,1,1,ros_live,gazebo,1788402281.862416,0.879057,0.008187,0.018970,0.999000,0.020000,0.000000,20,0.000000,0.018970,0.000000,0.000000,0.120524,0,0
lqr_pt_2602_hotel,gazebo_map2_straight_tracking,1,1,ros_live,gazebo,1788402281.912837,0.879057,0.008187,0.018976,0.999000,0.020000,0.000000,20,0.000000,0.018976,0.000000,0.000000,0.120524,0,0
lqr_pt_2602_hotel,gazebo_map2_straight_tracking,1,1,ros_live,gazebo,1788402281.962562,0.879057,0.008187,0.018976,0.999000,0.020000,0.000000,20,0.000000,0.018976,0.000000,0.000000,0.120524,0,0
lqr_pt_2602_hotel,gazebo_map2_straight_tracking,1,1,ros_live,gazebo,1788402282.012655,0.879057,0.008187,0.018982,0.999000,0.020000,0.000000,20,0.000000,0.018982,0.000000,0.000000,0.120524,0,0
lqr_pt_2602_hotel,gazebo_map2_straight_tracking,1,1,ros_live,gazebo,1788402282.062731,0.879057,0.008187,0.018980,0.999000,0.020000,0.000000,20,0.000000,0.018980,0.000000,0.000000,0.120524,0,0
lqr_pt_2602_hotel,gazebo_map2_straight_tracking,1,1,ros_live,gazebo,1788402282.112497,0.879057,0.008187,0.018981,0.999000,0.020000,0.000000,20,0.000000,0.018981,0.000000,0.000000,0.120524,0,0
lqr_pt_2602_hotel,gazebo_map2_straight_tracking,1,1,ros_live,gazebo,1788402282.162535,0.879057,0.008187,0.018985,0.999000,0.020000,0.000000,20,0.000000,0.018985,0.000000,0.000000,0.120524,0,0
lqr_pt_2602_hotel,gazebo_map2_straight_tracking,1,1,ros_live,gazebo,1788402282.212494,0.879057,0.008187,0.018984,0.999000,0.020000,0.000000,20,0.000000,0.018984,0.000000,0.000000,0.120524,0,0
lqr_pt_2602_hotel,gazebo_map2_straight_tracking,1,1,ros_live,gazebo,1788402282.262378,0.879057,0.008187,0.018981,0.999000,0.020000,0.000000,20,0.000000,0.018981,0.000000,0.000000,0.120524,0,0
lqr_pt_2602_hotel,gazebo_map2_straight_tracking,1,1,ros_live,gazebo,1788402282.312391,0.879057,0.008187,0.018987,0.999000,0.020000,0.000000,20,0.000000,0.018987,0.000000,0.000000,0.120524,0,0
lqr_pt_2602_hotel,gazebo_map2_straight_tracking,1,1,ros_live,gazebo,1788402282.362765,0.879057,0.008187,0.018987,0.999000,0.020000,0.000000,20,0.000000,0.018987,0.000000,0.000000,0.120524,0,0
lqr_pt_2602_hotel,gazebo_map2_straight_tracking,1,1,ros_live,gazebo,1788402282.412599,0.879057,0.008187,0.018989,0.999000,0.020000,0.000000,20,0.000000,0.018989,0.000000,0.000000,0.120524,0,0
lqr_pt_2602_hotel,gazebo_map2_straight_tracking,1,1,ros_live,gazebo,1788402282.462902,0.879057,0.008187,0.018990,0.999000,0.020000,0.000000,20,0.000000,0.018990,0.000000,0.000000,0.120524,0,0
lqr_pt_2602_hotel,gazebo_map2_straight_tracking,1,1,ros_live,gazebo,1788402282.512710,0.879057,0.008187,0.018992,0.999000,0.020000,0.000000,20,0.000000,0.018992,0.000000,0.000000,0.120524,0,0
lqr_pt_2602_hotel,gazebo_map2_straight_tracking,1,1,ros_live,gazebo,1788402282.562918,0.879057,0.008187,0.018996,0.999000,0.020000,0.000000,20,0.000000,0.018996,0.000000,0.000000,0.120524,0,0
lqr_pt_2602_hotel,gazebo_map2_straight_tracking,1,1,ros_live,gazebo,1788402282.612429,0.879057,0.008187,0.018996,0.999000,0.020000,0.000000,20,0.000000,0.018996,0.000000,0.000000,0.120524,0,0
lqr_pt_2602_hotel,gazebo_map2_straight_tracking,1,1,ros_live,gazebo,1788402282.662744,0.879057,0.008187,0.019003,0.999000,0.020000,0.000000,20,0.000000,0.019003,0.000000,0.000000,0.120524,0,0
lqr_pt_2602_hotel,gazebo_map2_straight_tracking,1,1,ros_live,gazebo,1788402282.712711,0.879057,0.008187,0.019004,0.999000,0.020000,0.000000,20,0.000000,0.019004,0.000000,0.000000,0.120524,0,0
lqr_pt_2602_hotel,gazebo_map2_straight_tracking,1,1,ros_live,gazebo,1788402282.762847,0.879057,0.008187,0.019006,0.999000,0.020000,0.000000,20,0.000000,0.019006,0.000000,0.000000,0.120524,0,0
lqr_pt_2602_hotel,gazebo_map2_straight_tracking,1,1,ros_live,gazebo,1788402282.812772,0.879057,0.008187,0.019007,0.999000,0.020000,0.000000,20,0.000000,0.019007,0.000000,0.000000,0.120524,0,0
lqr_pt_2602_hotel,gazebo_map2_straight_tracking,1,1,ros_live,gazebo,1788402282.862719,0.879057,0.008187,0.019010,0.999000,0.020000,0.000000,20,0.000000,0.019010,0.000000,0.000000,0.120524,0,0
lqr_pt_2602_hotel,gazebo_map2_straight_tracking,1,1,ros_live,gazebo,1788402282.912593,0.879057,0.008187,0.019009,0.999000,0.020000,0.000000,20,0.000000,0.019009,0.000000,0.000000,0.120524,0,0
lqr_pt_2602_hotel,gazebo_map2_straight_tracking,1,1,ros_live,gazebo,1788402282.962633,0.879057,0.008187,0.019007,0.999000,0.020000,0.000000,20,0.000000,0.019007,0.000000,0.000000,0.120524,0,0
lqr_pt_2602_hotel,gazebo_map2_straight_tracking,1,1,ros_live,gazebo,1788402283.012627,0.879057,0.008187,0.019008,0.999000,0.020000,0.000000,20,0.000000,0.019008,0.000000,0.000000,0.120524,0,0
lqr_pt_2602_hotel,gazebo_map2_straight_tracking,1,1,ros_live,gazebo,1788402283.062542,0.879057,0.008187,0.019004,0.999000,0.020000,0.000000,20,0.000000,0.019004,0.000000,0.000000,0.120524,0,0
lqr_pt_2602_hotel,gazebo_map2_straight_tracking,1,1,ros_live,gazebo,1788402283.112764,0.879057,0.008187,0.019003,0.999000,0.020000,0.000000,20,0.000000,0.019003,0.000000,0.000000,0.120524,0,0
lqr_pt_2602_hotel,gazebo_map2_straight_tracking,1,1,ros_live,gazebo,1788402283.162459,0.879057,0.008187,0.019002,0.999000,0.020000,0.000000,20,0.000000,0.019002,0.000000,0.000000,0.120524,0,0
lqr_pt_2602_hotel,gazebo_map2_straight_tracking,1,1,ros_live,gazebo,1788402283.212572,0.879057,0.008187,0.019007,0.999000,0.020000,0.000000,20,0.000000,0.019007,0.000000,0.000000,0.120524,0,0
lqr_pt_2602_hotel,gazebo_map2_straight_tracking,1,1,ros_live,gazebo,1788402283.262496,0.879057,0.008187,0.019006,0.999000,0.020000,0.000000,20,0.000000,0.019006,0.000000,0.000000,0.120524,0,0
lqr_pt_2602_hotel,gazebo_map2_straight_tracking,1,1,ros_live,gazebo,1788402283.312907,0.879057,0.008187,0.019002,0.999000,0.020000,0.000000,20,0.000000,0.019002,0.000000,0.000000,0.120524,0,0
lqr_pt_2602_hotel,gazebo_map2_straight_tracking,1,1,ros_live,gazebo,1788402283.362419,0.879057,0.008187,0.019002,0.999000,0.020000,0.000000,20,0.000000,0.019002,0.000000,0.000000,0.120524,0,0
lqr_pt_2602_hotel,gazebo_map2_straight_tracking,1,1,ros_live,gazebo,1788402283.412826,0.879057,0.008187,0.019006,0.999000,0.020000,0.000000,20,0.000000,0.019006,0.000000,0.000000,0.120524,0,0
lqr_pt_2602_hotel,gazebo_map2_straight_tracking,1,1,ros_live,gazebo,1788402283.462476,0.879057,0.008187,0.019009,0.999000,0.020000,0.000000,20,0.000000,0.019009,0.000000,0.000000,0.120524,0,0
lqr_pt_2602_hotel,gazebo_map2_straight_tracking,1,1,ros_live,gazebo,1788402283.512825,0.879057,0.008187,0.019008,0.999000,0.020000,0.000000,20,0.000000,0.019008,0.000000,0.000000,0.120524,0,0
lqr_pt_2602_hotel,gazebo_map2_straight_tracking,1,1,ros_live,gazebo,1788402283.562397,0.879057,0.008187,0.019013,0.999000,0.020000,0.000000,20,0.000000,0.019013,0.000000,0.000000,0.120524,0,0
lqr_pt_2602_hotel,gazebo_map2_straight_tracking,1,1,ros_live,gazebo,1788402283.612503,0.879057,0.008187,0.019010,0.999000,0.020000,0.000000,20,0.000000,0.019010,0.000000,0.000000,0.120524,0,0
lqr_pt_2602_hotel,gazebo_map2_straight_tracking,1,1,ros_live,gazebo,1788402283.662443,0.879057,0.008187,0.019009,0.999000,0.020000,0.000000,20,0.000000,0.019009,0.000000,0.000000,0.120524,0,0
lqr_pt_2602_hotel,gazebo_map2_straight_tracking,1,1,ros_live,gazebo,1788402283.712566,0.879057,0.008187,0.019008,0.999000,0.020000,0.000000,20,0.000000,0.019008,0.000000,0.000000,0.120524,0,0
lqr_pt_2602_hotel,gazebo_map2_straight_tracking,1,1,ros_live,gazebo,1788402283.763059,0.879057,0.008187,0.019006,0.999000,0.020000,0.000000,20,0.000000,0.019006,0.000000,0.000000,0.120524,0,0
lqr_pt_2602_hotel,gazebo_map2_straight_tracking,1,1,ros_live,gazebo,1788402283.812982,0.879057,0.008187,0.019005,0.999000,0.020000,0.000000,20,0.000000,0.019005,0.000000,0.000000,0.120524,0,0
lqr_pt_2602_hotel,gazebo_map2_straight_tracking,1,1,ros_live,gazebo,1788402283.862507,0.879057,0.008187,0.019011,0.999000,0.020000,0.000000,20,0.000000,0.019011,0.000000,0.000000,0.120524,0,0
lqr_pt_2602_hotel,gazebo_map2_straight_tracking,1,1,ros_live,gazebo,1788402283.912872,0.879057,0.008187,0.019014,0.999000,0.020000,0.000000,20,0.000000,0.019014,0.000000,0.000000,0.120524,0,0
lqr_pt_2602_hotel,gazebo_map2_straight_tracking,1,1,ros_live,gazebo,1788402283.962721,0.879057,0.008187,0.019016,0.999000,0.020000,0.000000,20,0.000000,0.019016,0.000000,0.000000,0.120524,0,0
lqr_pt_2602_hotel,gazebo_map2_straight_tracking,1,1,ros_live,gazebo,1788402284.012438,0.879057,0.008187,0.019013,0.999000,0.020000,0.000000,20,0.000000,0.019013,0.000000,0.000000,0.120524,0,0
lqr_pt_2602_hotel,gazebo_map2_straight_tracking,1,1,ros_live,gazebo,1788402284.062701,0.879057,0.008187,0.019013,0.999000,0.020000,0.000000,20,0.000000,0.019013,0.000000,0.000000,0.120524,0,0
lqr_pt_2602_hotel,gazebo_map2_straight_tracking,1,1,ros_live,gazebo,1788402284.112453,0.879057,0.008187,0.019019,0.999000,0.020000,0.000000,20,0.000000,0.019019,0.000000,0.000000,0.120524,0,0
lqr_pt_2602_hotel,gazebo_map2_straight_tracking,1,1,ros_live,gazebo,1788402284.162875,0.879057,0.008187,0.019017,0.999000,0.020000,0.000000,20,0.000000,0.019017,0.000000,0.000000,0.120524,0,0
lqr_pt_2602_hotel,gazebo_map2_straight_tracking,1,1,ros_live,gazebo,1788402284.212501,0.879057,0.008187,0.019016,0.999000,0.020000,0.000000,20,0.000000,0.019016,0.000000,0.000000,0.120524,0,0
lqr_pt_2602_hotel,gazebo_map2_straight_tracking,1,1,ros_live,gazebo,1788402284.262523,0.879057,0.008187,0.019009,0.999000,0.020000,0.000000,20,0.000000,0.019009,0.000000,0.000000,0.120524,0,0
lqr_pt_2602_hotel,gazebo_map2_straight_tracking,1,1,ros_live,gazebo,1788402284.312614,0.879057,0.008187,0.019011,0.999000,0.020000,0.000000,20,0.000000,0.019011,0.000000,0.000000,0.120524,0,0
lqr_pt_2602_hotel,gazebo_map2_straight_tracking,1,1,ros_live,gazebo,1788402284.362754,0.879057,0.008187,0.019011,0.999000,0.020000,0.000000,20,0.000000,0.019011,0.000000,0.000000,0.120524,0,0
lqr_pt_2602_hotel,gazebo_map2_straight_tracking,1,1,ros_live,gazebo,1788402284.412414,0.879057,0.008187,0.019016,0.999000,0.020000,0.000000,20,0.000000,0.019016,0.000000,0.000000,0.120524,0,0
lqr_pt_2602_hotel,gazebo_map2_straight_tracking,1,1,ros_live,gazebo,1788402284.462774,0.879057,0.008187,0.019017,0.999000,0.020000,0.000000,20,0.000000,0.019017,0.000000,0.000000,0.120524,0,0
lqr_pt_2602_hotel,gazebo_map2_straight_tracking,1,1,ros_live,gazebo,1788402284.512491,0.879057,0.008187,0.019014,0.999000,0.020000,0.000000,20,0.000000,0.019014,0.000000,0.000000,0.120524,0,0
lqr_pt_2602_hotel,gazebo_map2_straight_tracking,1,1,ros_live,gazebo,1788402284.562580,0.879057,0.008187,0.019013,0.999000,0.020000,0.000000,20,0.000000,0.019013,0.000000,0.000000,0.120524,0,0
lqr_pt_2602_hotel,gazebo_map2_straight_tracking,1,1,ros_live,gazebo,1788402284.612612,0.879057,0.008187,0.019008,0.999000,0.020000,0.000000,20,0.000000,0.019008,0.000000,0.000000,0.120524,0,0
lqr_pt_2602_hotel,gazebo_map2_straight_tracking,1,1,ros_live,gazebo,1788402284.662844,0.879057,0.008187,0.019010,0.999000,0.020000,0.000000,20,0.000000,0.019010,0.000000,0.000000,0.120524,0,0
lqr_pt_2602_hotel,gazebo_map2_straight_tracking,1,1,ros_live,gazebo,1788402284.712376,0.879057,0.008187,0.019008,0.999000,0.020000,0.000000,20,0.000000,0.019008,0.000000,0.000000,0.120524,0,0
lqr_pt_2602_hotel,gazebo_map2_straight_tracking,1,1,ros_live,gazebo,1788402284.762557,0.879057,0.008187,0.019006,0.999000,0.020000,0.000000,20,0.000000,0.019006,0.000000,0.000000,0.120524,0,0
lqr_pt_2602_hotel,gazebo_map2_straight_tracking,1,1,ros_live,gazebo,1788402284.812476,0.879057,0.008187,0.019007,0.999000,0.020000,0.000000,20,0.000000,0.019007,0.000000,0.000000,0.120524,0,0
lqr_pt_2602_hotel,gazebo_map2_straight_tracking,1,1,ros_live,gazebo,1788402284.862441,0.879057,0.008187,0.019011,0.999000,0.020000,0.000000,20,0.000000,0.019011,0.000000,0.000000,0.120524,0,0
lqr_pt_2602_hotel,gazebo_map2_straight_tracking,1,1,ros_live,gazebo,1788402284.912350,0.879057,0.008187,0.019010,0.999000,0.020000,0.000000,20,0.000000,0.019010,0.000000,0.000000,0.120524,0,0
lqr_pt_2602_hotel,gazebo_map2_straight_tracking,1,1,ros_live,gazebo,1788402284.962496,0.879057,0.008187,0.019015,0.999000,0.020000,0.000000,20,0.000000,0.019015,0.000000,0.000000,0.120524,0,0
lqr_pt_2602_hotel,gazebo_map2_straight_tracking,1,1,ros_live,gazebo,1788402285.012425,0.879057,0.008187,0.019017,0.999000,0.020000,0.000000,20,0.000000,0.019017,0.000000,0.000000,0.120524,0,0
lqr_pt_2602_hotel,gazebo_map2_straight_tracking,1,1,ros_live,gazebo,1788402285.062517,0.879057,0.008187,0.019019,0.999000,0.020000,0.000000,20,0.000000,0.019019,0.000000,0.000000,0.120524,0,0
lqr_pt_2602_hotel,gazebo_map2_straight_tracking,1,1,ros_live,gazebo,1788402285.113145,0.879057,0.008187,0.019020,0.999000,0.020000,0.000000,20,0.000000,0.019020,0.000000,0.000000,0.120524,0,0
lqr_pt_2602_hotel,gazebo_map2_straight_tracking,1,1,ros_live,gazebo,1788402285.162579,0.879057,0.008187,0.019021,0.999000,0.020000,0.000000,20,0.000000,0.019021,0.000000,0.000000,0.120524,0,0
lqr_pt_2602_hotel,gazebo_map2_straight_tracking,1,1,ros_live,gazebo,1788402285.212498,0.879057,0.008187,0.019019,0.999000,0.020000,0.000000,20,0.000000,0.019019,0.000000,0.000000,0.120524,0,0
lqr_pt_2602_hotel,gazebo_map2_straight_tracking,1,1,ros_live,gazebo,1788402285.262402,0.879057,0.008187,0.019020,0.999000,0.020000,0.000000,20,0.000000,0.019020,0.000000,0.000000,0.120524,0,0
lqr_pt_2602_hotel,gazebo_map2_straight_tracking,1,1,ros_live,gazebo,1788402285.312655,0.879057,0.008187,0.019018,0.999000,0.020000,0.000000,20,0.000000,0.019018,0.000000,0.000000,0.120524,0,0
lqr_pt_2602_hotel,gazebo_map2_straight_tracking,1,1,ros_live,gazebo,1788402285.362341,0.879057,0.008187,0.019021,0.999000,0.020000,0.000000,20,0.000000,0.019021,0.000000,0.000000,0.120524,0,0
lqr_pt_2602_hotel,gazebo_map2_straight_tracking,1,1,ros_live,gazebo,1788402285.412899,0.879057,0.008187,0.019021,0.999000,0.020000,0.000000,20,0.000000,0.019021,0.000000,0.000000,0.120524,0,0
lqr_pt_2602_hotel,gazebo_map2_straight_tracking,1,1,ros_live,gazebo,1788402285.462706,0.879057,0.008187,0.019025,0.999000,0.020000,0.000000,20,0.000000,0.019025,0.000000,0.000000,0.120524,0,0
lqr_pt_2602_hotel,gazebo_map2_straight_tracking,1,1,ros_live,gazebo,1788402285.512781,0.879057,0.008187,0.019016,0.999000,0.020000,0.000000,20,0.000000,0.019016,0.000000,0.000000,0.120524,0,0
lqr_pt_2602_hotel,gazebo_map2_straight_tracking,1,1,ros_live,gazebo,1788402285.562711,0.879057,0.008187,0.019012,0.999000,0.020000,0.000000,20,0.000000,0.019012,0.000000,0.000000,0.120524,0,0
lqr_pt_2602_hotel,gazebo_map2_straight_tracking,1,1,ros_live,gazebo,1788402285.612567,0.879057,0.008187,0.019015,0.999000,0.020000,0.000000,20,0.000000,0.019015,0.000000,0.000000,0.120524,0,0
lqr_pt_2602_hotel,gazebo_map2_straight_tracking,1,1,ros_live,gazebo,1788402285.662653,0.879057,0.008187,0.019013,0.999000,0.020000,0.000000,20,0.000000,0.019013,0.000000,0.000000,0.120524,0,0
lqr_pt_2602_hotel,gazebo_map2_straight_tracking,1,1,ros_live,gazebo,1788402285.712549,0.879057,0.008187,0.019009,0.999000,0.020000,0.000000,20,0.000000,0.019009,0.000000,0.000000,0.120524,0,0
lqr_pt_2602_hotel,gazebo_map2_straight_tracking,1,1,ros_live,gazebo,1788402285.762481,0.879057,0.008187,0.019010,0.999000,0.020000,0.000000,20,0.000000,0.019010,0.000000,0.000000,0.120524,0,0
lqr_pt_2602_hotel,gazebo_map2_straight_tracking,1,1,ros_live,gazebo,1788402285.812482,0.879057,0.008187,0.019009,0.999000,0.020000,0.000000,20,0.000000,0.019009,0.000000,0.000000,0.120524,0,0
lqr_pt_2602_hotel,gazebo_map2_straight_tracking,1,1,ros_live,gazebo,1788402285.862752,0.879057,0.008187,0.019011,0.999000,0.020000,0.000000,20,0.000000,0.019011,0.000000,0.000000,0.120524,0,0
lqr_pt_2602_hotel,gazebo_map2_straight_tracking,1,1,ros_live,gazebo,1788402285.912695,0.879057,0.008187,0.019009,0.999000,0.020000,0.000000,20,0.000000,0.019009,0.000000,0.000000,0.120524,0,0
lqr_pt_2602_hotel,gazebo_map2_straight_tracking,1,1,ros_live,gazebo,1788402285.962489,0.879057,0.008187,0.019010,0.999000,0.020000,0.000000,20,0.000000,0.019010,0.000000,0.000000,0.120524,0,0
lqr_pt_2602_hotel,gazebo_map2_straight_tracking,1,1,ros_live,gazebo,1788402286.012495,0.879057,0.008187,0.019007,0.999000,0.020000,0.000000,20,0.000000,0.019007,0.000000,0.000000,0.120524,0,0
lqr_pt_2602_hotel,gazebo_map2_straight_tracking,1,1,ros_live,gazebo,1788402286.062923,0.879057,0.008187,0.019009,0.999000,0.020000,0.000000,20,0.000000,0.019009,0.000000,0.000000,0.120524,0,0
lqr_pt_2602_hotel,gazebo_map2_straight_tracking,1,1,ros_live,gazebo,1788402286.112581,0.879057,0.008187,0.019008,0.999000,0.020000,0.000000,20,0.000000,0.019008,0.000000,0.000000,0.120524,0,0
lqr_pt_2602_hotel,gazebo_map2_straight_tracking,1,1,ros_live,gazebo,1788402286.162473,0.879057,0.008187,0.019007,0.999000,0.020000,0.000000,20,0.000000,0.019007,0.000000,0.000000,0.120524,0,0
lqr_pt_2602_hotel,gazebo_map2_straight_tracking,1,1,ros_live,gazebo,1788402286.212776,0.879057,0.008187,0.019012,0.999000,0.020000,0.000000,20,0.000000,0.019012,0.000000,0.000000,0.120524,0,0
lqr_pt_2602_hotel,gazebo_map2_straight_tracking,1,1,ros_live,gazebo,1788402286.262522,0.879057,0.008187,0.019007,0.999000,0.020000,0.000000,20,0.000000,0.019007,0.000000,0.000000,0.120524,0,0
lqr_pt_2602_hotel,gazebo_map2_straight_tracking,1,1,ros_live,gazebo,1788402286.312879,0.879057,0.008187,0.019005,0.999000,0.020000,0.000000,20,0.000000,0.019005,0.000000,0.000000,0.120524,0,0
lqr_pt_2602_hotel,gazebo_map2_straight_tracking,1,1,ros_live,gazebo,1788402286.362827,0.879057,0.008187,0.019007,0.999000,0.020000,0.000000,20,0.000000,0.019007,0.000000,0.000000,0.120524,0,0
lqr_pt_2602_hotel,gazebo_map2_straight_tracking,1,1,ros_live,gazebo,1788402286.412786,0.879057,0.008187,0.019007,0.999000,0.020000,0.000000,20,0.000000,0.019007,0.000000,0.000000,0.120524,0,0
lqr_pt_2602_hotel,gazebo_map2_straight_tracking,1,1,ros_live,gazebo,1788402286.462718,0.879057,0.008187,0.019003,0.999000,0.020000,0.000000,20,0.000000,0.019003,0.000000,0.000000,0.120524,0,0
lqr_pt_2602_hotel,gazebo_map2_straight_tracking,1,1,ros_live,gazebo,1788402286.512754,0.879057,0.008187,0.019004,0.999000,0.020000,0.000000,20,0.000000,0.019004,0.000000,0.000000,0.120524,0,0
lqr_pt_2602_hotel,gazebo_map2_straight_tracking,1,1,ros_live,gazebo,1788402286.562520,0.879057,0.008187,0.019005,0.999000,0.020000,0.000000,20,0.000000,0.019005,0.000000,0.000000,0.120524,0,0
lqr_pt_2602_hotel,gazebo_map2_straight_tracking,1,1,ros_live,gazebo,1788402286.612884,0.879057,0.008187,0.019003,0.999000,0.020000,0.000000,20,0.000000,0.019003,0.000000,0.000000,0.120524,0,0
lqr_pt_2602_hotel,gazebo_map2_straight_tracking,1,1,ros_live,gazebo,1788402286.662568,0.879057,0.008187,0.019001,0.999000,0.020000,0.000000,20,0.000000,0.019001,0.000000,0.000000,0.120524,0,0
lqr_pt_2602_hotel,gazebo_map2_straight_tracking,1,1,ros_live,gazebo,1788402286.712600,0.879057,0.008187,0.018998,0.999000,0.020000,0.000000,20,0.000000,0.018998,0.000000,0.000000,0.120524,0,0
lqr_pt_2602_hotel,gazebo_map2_straight_tracking,1,1,ros_live,gazebo,1788402286.762864,0.879057,0.008187,0.019001,0.999000,0.020000,0.000000,20,0.000000,0.019001,0.000000,0.000000,0.120524,0,0
lqr_pt_2602_hotel,gazebo_map2_straight_tracking,1,1,ros_live,gazebo,1788402286.812465,0.879057,0.008187,0.019005,0.999000,0.020000,0.000000,20,0.000000,0.019005,0.000000,0.000000,0.120524,0,0
lqr_pt_2602_hotel,gazebo_map2_straight_tracking,1,1,ros_live,gazebo,1788402286.862765,0.879057,0.008187,0.019004,0.999000,0.020000,0.000000,20,0.000000,0.019004,0.000000,0.000000,0.120524,0,0
lqr_pt_2602_hotel,gazebo_map2_straight_tracking,1,1,ros_live,gazebo,1788402286.912867,0.879057,0.008187,0.019008,0.999000,0.020000,0.000000,20,0.000000,0.019008,0.000000,0.000000,0.120524,0,0
lqr_pt_2602_hotel,gazebo_map2_straight_tracking,1,1,ros_live,gazebo,1788402286.962548,0.879057,0.008187,0.019007,0.999000,0.020000,0.000000,20,0.000000,0.019007,0.000000,0.000000,0.120524,0,0
lqr_pt_2602_hotel,gazebo_map2_straight_tracking,1,1,ros_live,gazebo,1788402287.012730,0.879057,0.008187,0.019008,0.999000,0.020000,0.000000,20,0.000000,0.019008,0.000000,0.000000,0.120524,0,0
lqr_pt_2602_hotel,gazebo_map2_straight_tracking,1,1,ros_live,gazebo,1788402287.062747,0.879057,0.008187,0.019009,0.999000,0.020000,0.000000,20,0.000000,0.019009,0.000000,0.000000,0.120524,0,0
lqr_pt_2602_hotel,gazebo_map2_straight_tracking,1,1,ros_live,gazebo,1788402287.112581,0.879057,0.008187,0.019008,0.999000,0.020000,0.000000,20,0.000000,0.019008,0.000000,0.000000,0.120524,0,0
lqr_pt_2602_hotel,gazebo_map2_straight_tracking,1,1,ros_live,gazebo,1788402287.162618,0.879057,0.008187,0.019006,0.999000,0.020000,0.000000,20,0.000000,0.019006,0.000000,0.000000,0.120524,0,0
lqr_pt_2602_hotel,gazebo_map2_straight_tracking,1,1,ros_live,gazebo,1788402287.212510,0.879057,0.008187,0.019008,0.999000,0.020000,0.000000,20,0.000000,0.019008,0.000000,0.000000,0.120524,0,0
lqr_pt_2602_hotel,gazebo_map2_straight_tracking,1,1,ros_live,gazebo,1788402287.262771,0.879057,0.008187,0.019006,0.999000,0.020000,0.000000,20,0.000000,0.019006,0.000000,0.000000,0.120524,0,0
lqr_pt_2602_hotel,gazebo_map2_straight_tracking,1,1,ros_live,gazebo,1788402287.312400,0.879057,0.008187,0.019005,0.999000,0.020000,0.000000,20,0.000000,0.019005,0.000000,0.000000,0.120524,0,0
lqr_pt_2602_hotel,gazebo_map2_straight_tracking,1,1,ros_live,gazebo,1788402287.362489,0.879057,0.008187,0.019003,0.999000,0.020000,0.000000,20,0.000000,0.019003,0.000000,0.000000,0.120524,0,0
lqr_pt_2602_hotel,gazebo_map2_straight_tracking,1,1,ros_live,gazebo,1788402287.412397,0.879057,0.008187,0.018999,0.999000,0.020000,0.000000,20,0.000000,0.018999,0.000000,0.000000,0.120524,0,0
lqr_pt_2602_hotel,gazebo_map2_straight_tracking,1,1,ros_live,gazebo,1788402287.462469,0.879057,0.008187,0.019000,0.999000,0.020000,0.000000,20,0.000000,0.019000,0.000000,0.000000,0.120524,0,0
lqr_pt_2602_hotel,gazebo_map2_straight_tracking,1,1,ros_live,gazebo,1788402287.512368,0.879057,0.008187,0.019003,0.999000,0.020000,0.000000,20,0.000000,0.019003,0.000000,0.000000,0.120524,0,0
lqr_pt_2602_hotel,gazebo_map2_straight_tracking,1,1,ros_live,gazebo,1788402287.562527,0.879057,0.008187,0.019004,0.999000,0.020000,0.000000,20,0.000000,0.019004,0.000000,0.000000,0.120524,0,0
lqr_pt_2602_hotel,gazebo_map2_straight_tracking,1,1,ros_live,gazebo,1788402287.612529,0.879057,0.008187,0.019011,0.999000,0.020000,0.000000,20,0.000000,0.019011,0.000000,0.000000,0.120524,0,0
lqr_pt_2602_hotel,gazebo_map2_straight_tracking,1,1,ros_live,gazebo,1788402287.662594,0.879057,0.008187,0.019010,0.999000,0.020000,0.000000,20,0.000000,0.019010,0.000000,0.000000,0.120524,0,0
lqr_pt_2602_hotel,gazebo_map2_straight_tracking,1,1,ros_live,gazebo,1788402287.712792,0.879057,0.008187,0.019006,0.999000,0.020000,0.000000,20,0.000000,0.019006,0.000000,0.000000,0.120524,0,0
lqr_pt_2602_hotel,gazebo_map2_straight_tracking,1,1,ros_live,gazebo,1788402287.762637,0.879057,0.008187,0.019009,0.999000,0.020000,0.000000,20,0.000000,0.019009,0.000000,0.000000,0.120524,0,0
lqr_pt_2602_hotel,gazebo_map2_straight_tracking,1,1,ros_live,gazebo,1788402287.812920,0.879057,0.008187,0.019007,0.999000,0.020000,0.000000,20,0.000000,0.019007,0.000000,0.000000,0.120524,0,0
lqr_pt_2602_hotel,gazebo_map2_straight_tracking,1,1,ros_live,gazebo,1788402287.862494,0.879057,0.008187,0.019005,0.999000,0.020000,0.000000,20,0.000000,0.019005,0.000000,0.000000,0.120524,0,0
lqr_pt_2602_hotel,gazebo_map2_straight_tracking,1,1,ros_live,gazebo,1788402287.912482,0.879057,0.008187,0.019005,0.999000,0.020000,0.000000,20,0.000000,0.019005,0.000000,0.000000,0.120524,0,0
lqr_pt_2602_hotel,gazebo_map2_straight_tracking,1,1,ros_live,gazebo,1788402287.962533,0.879057,0.008187,0.019006,0.999000,0.020000,0.000000,20,0.000000,0.019006,0.000000,0.000000,0.120524,0,0
lqr_pt_2602_hotel,gazebo_map2_straight_tracking,1,1,ros_live,gazebo,1788402288.012492,0.879057,0.008187,0.019003,0.999000,0.020000,0.000000,20,0.000000,0.019003,0.000000,0.000000,0.120524,0,0
lqr_pt_2602_hotel,gazebo_map2_straight_tracking,1,1,ros_live,gazebo,1788402288.062644,0.879057,0.008187,0.018997,0.999000,0.020000,0.000000,20,0.000000,0.018997,0.000000,0.000000,0.120524,0,0
lqr_pt_2602_hotel,gazebo_map2_straight_tracking,1,1,ros_live,gazebo,1788402288.112490,0.879057,0.008187,0.018995,0.999000,0.020000,0.000000,20,0.000000,0.018995,0.000000,0.000000,0.120524,0,0
lqr_pt_2602_hotel,gazebo_map2_straight_tracking,1,1,ros_live,gazebo,1788402288.162634,0.879057,0.008187,0.018995,0.999000,0.020000,0.000000,20,0.000000,0.018995,0.000000,0.000000,0.120524,0,0
lqr_pt_2602_hotel,gazebo_map2_straight_tracking,1,1,ros_live,gazebo,1788402288.212551,0.879057,0.008187,0.018996,0.999000,0.020000,0.000000,20,0.000000,0.018996,0.000000,0.000000,0.120524,0,0
lqr_pt_2602_hotel,gazebo_map2_straight_tracking,1,1,ros_live,gazebo,1788402288.262609,0.879057,0.008187,0.018998,0.999000,0.020000,0.000000,20,0.000000,0.018998,0.000000,0.000000,0.120524,0,0
lqr_pt_2602_hotel,gazebo_map2_straight_tracking,1,1,ros_live,gazebo,1788402288.312466,0.879057,0.008187,0.019000,0.999000,0.020000,0.000000,20,0.000000,0.019000,0.000000,0.000000,0.120524,0,0
lqr_pt_2602_hotel,gazebo_map2_straight_tracking,1,1,ros_live,gazebo,1788402288.362462,0.879057,0.008187,0.019001,0.999000,0.020000,0.000000,20,0.000000,0.019001,0.000000,0.000000,0.120524,0,0
lqr_pt_2602_hotel,gazebo_map2_straight_tracking,1,1,ros_live,gazebo,1788402288.412611,0.879057,0.008187,0.019001,0.999000,0.020000,0.000000,20,0.000000,0.019001,0.000000,0.000000,0.120524,0,0
lqr_pt_2602_hotel,gazebo_map2_straight_tracking,1,1,ros_live,gazebo,1788402288.462389,0.879057,0.008187,0.019004,0.999000,0.020000,0.000000,20,0.000000,0.019004,0.000000,0.000000,0.120524,0,0
lqr_pt_2602_hotel,gazebo_map2_straight_tracking,1,1,ros_live,gazebo,1788402288.512475,0.879057,0.008187,0.018998,0.999000,0.020000,0.000000,20,0.000000,0.018998,0.000000,0.000000,0.120524,0,0
lqr_pt_2602_hotel,gazebo_map2_straight_tracking,1,1,ros_live,gazebo,1788402288.562438,0.879057,0.008187,0.019002,0.999000,0.020000,0.000000,20,0.000000,0.019002,0.000000,0.000000,0.120524,0,0
lqr_pt_2602_hotel,gazebo_map2_straight_tracking,1,1,ros_live,gazebo,1788402288.612489,0.879057,0.008187,0.019001,0.999000,0.020000,0.000000,20,0.000000,0.019001,0.000000,0.000000,0.120524,0,0
lqr_pt_2602_hotel,gazebo_map2_straight_tracking,1,1,ros_live,gazebo,1788402288.662354,0.879057,0.008187,0.018997,0.999000,0.020000,0.000000,20,0.000000,0.018997,0.000000,0.000000,0.120524,0,0
lqr_pt_2602_hotel,gazebo_map2_straight_tracking,1,1,ros_live,gazebo,1788402288.712658,0.879057,0.008187,0.018997,0.999000,0.020000,0.000000,20,0.000000,0.018997,0.000000,0.000000,0.120524,0,0
lqr_pt_2602_hotel,gazebo_map2_straight_tracking,1,1,ros_live,gazebo,1788402288.762477,0.879057,0.008187,0.018999,0.999000,0.020000,0.000000,20,0.000000,0.018999,0.000000,0.000000,0.120524,0,0
lqr_pt_2602_hotel,gazebo_map2_straight_tracking,1,1,ros_live,gazebo,1788402288.812593,0.879057,0.008187,0.019001,0.999000,0.020000,0.000000,20,0.000000,0.019001,0.000000,0.000000,0.120524,0,0
lqr_pt_2602_hotel,gazebo_map2_straight_tracking,1,1,ros_live,gazebo,1788402288.862427,0.879057,0.008187,0.019001,0.999000,0.020000,0.000000,20,0.000000,0.019001,0.000000,0.000000,0.120524,0,0
lqr_pt_2602_hotel,gazebo_map2_straight_tracking,1,1,ros_live,gazebo,1788402288.912509,0.879057,0.008187,0.019003,0.999000,0.020000,0.000000,20,0.000000,0.019003,0.000000,0.000000,0.120524,0,0
lqr_pt_2602_hotel,gazebo_map2_straight_tracking,1,1,ros_live,gazebo,1788402288.962829,0.879057,0.008187,0.019003,0.999000,0.020000,0.000000,20,0.000000,0.019003,0.000000,0.000000,0.120524,0,0
lqr_pt_2602_hotel,gazebo_map2_straight_tracking,1,1,ros_live,gazebo,1788402289.012803,0.879057,0.008187,0.019003,0.999000,0.020000,0.000000,20,0.000000,0.019003,0.000000,0.000000,0.120524,0,0
lqr_pt_2602_hotel,gazebo_map2_straight_tracking,1,1,ros_live,gazebo,1788402289.062570,0.879057,0.008187,0.019002,0.999000,0.020000,0.000000,20,0.000000,0.019002,0.000000,0.000000,0.120524,0,0
lqr_pt_2602_hotel,gazebo_map2_straight_tracking,1,1,ros_live,gazebo,1788402289.112788,0.879057,0.008187,0.019010,0.999000,0.020000,0.000000,20,0.000000,0.019010,0.000000,0.000000,0.120524,0,0
lqr_pt_2602_hotel,gazebo_map2_straight_tracking,1,1,ros_live,gazebo,1788402289.162806,0.879057,0.008187,0.019005,0.999000,0.020000,0.000000,20,0.000000,0.019005,0.000000,0.000000,0.120524,0,0
lqr_pt_2602_hotel,gazebo_map2_straight_tracking,1,1,ros_live,gazebo,1788402289.212486,0.879057,0.008187,0.019004,0.999000,0.020000,0.000000,20,0.000000,0.019004,0.000000,0.000000,0.120524,0,0
lqr_pt_2602_hotel,gazebo_map2_straight_tracking,1,1,ros_live,gazebo,1788402289.262568,0.879057,0.008187,0.019006,0.999000,0.020000,0.000000,20,0.000000,0.019006,0.000000,0.000000,0.120524,0,0
lqr_pt_2602_hotel,gazebo_map2_straight_tracking,1,1,ros_live,gazebo,1788402289.312731,0.879057,0.008187,0.019009,0.999000,0.020000,0.000000,20,0.000000,0.019009,0.000000,0.000000,0.120524,0,0
lqr_pt_2602_hotel,gazebo_map2_straight_tracking,1,1,ros_live,gazebo,1788402289.362485,0.879057,0.008187,0.019007,0.999000,0.020000,0.000000,20,0.000000,0.019007,0.000000,0.000000,0.120524,0,0
lqr_pt_2602_hotel,gazebo_map2_straight_tracking,1,1,ros_live,gazebo,1788402289.412464,0.879057,0.008187,0.019003,0.999000,0.020000,0.000000,20,0.000000,0.019003,0.000000,0.000000,0.120524,0,0
lqr_pt_2602_hotel,gazebo_map2_straight_tracking,1,1,ros_live,gazebo,1788402289.462801,0.879057,0.008187,0.019006,0.999000,0.020000,0.000000,20,0.000000,0.019006,0.000000,0.000000,0.120524,0,0
lqr_pt_2602_hotel,gazebo_map2_straight_tracking,1,1,ros_live,gazebo,1788402289.512718,0.879057,0.008187,0.019005,0.999000,0.020000,0.000000,20,0.000000,0.019005,0.000000,0.000000,0.120524,0,0
lqr_pt_2602_hotel,gazebo_map2_straight_tracking,1,1,ros_live,gazebo,1788402289.562566,0.879057,0.008187,0.019005,0.999000,0.020000,0.000000,20,0.000000,0.019005,0.000000,0.000000,0.120524,0,0
lqr_pt_2602_hotel,gazebo_map2_straight_tracking,1,1,ros_live,gazebo,1788402289.612733,0.879057,0.008187,0.019000,0.999000,0.020000,0.000000,20,0.000000,0.019000,0.000000,0.000000,0.120524,0,0
lqr_pt_2602_hotel,gazebo_map2_straight_tracking,1,1,ros_live,gazebo,1788402289.662582,0.879057,0.008187,0.018997,0.999000,0.020000,0.000000,20,0.000000,0.018997,0.000000,0.000000,0.120524,0,0
lqr_pt_2602_hotel,gazebo_map2_straight_tracking,1,1,ros_live,gazebo,1788402289.712704,0.879057,0.008187,0.019000,0.999000,0.020000,0.000000,20,0.000000,0.019000,0.000000,0.000000,0.120524,0,0
lqr_pt_2602_hotel,gazebo_map2_straight_tracking,1,1,ros_live,gazebo,1788402289.762487,0.879057,0.008187,0.019004,0.999000,0.020000,0.000000,20,0.000000,0.019004,0.000000,0.000000,0.120524,0,0
lqr_pt_2602_hotel,gazebo_map2_straight_tracking,1,1,ros_live,gazebo,1788402289.813166,0.879057,0.008187,0.019005,0.999000,0.020000,0.000000,20,0.000000,0.019005,0.000000,0.000000,0.120524,0,0
lqr_pt_2602_hotel,gazebo_map2_straight_tracking,1,1,ros_live,gazebo,1788402289.862777,0.879057,0.008187,0.019003,0.999000,0.020000,0.000000,20,0.000000,0.019003,0.000000,0.000000,0.120524,0,0
lqr_pt_2602_hotel,gazebo_map2_straight_tracking,1,1,ros_live,gazebo,1788402289.912483,0.879057,0.008187,0.019001,0.999000,0.020000,0.000000,20,0.000000,0.019001,0.000000,0.000000,0.120524,0,0
lqr_pt_2602_hotel,gazebo_map2_straight_tracking,1,1,ros_live,gazebo,1788402289.962758,0.879057,0.008187,0.019002,0.999000,0.020000,0.000000,20,0.000000,0.019002,0.000000,0.000000,0.120524,0,0
lqr_pt_2602_hotel,gazebo_map2_straight_tracking,1,1,ros_live,gazebo,1788402290.012644,0.879057,0.008187,0.019003,0.999000,0.020000,0.000000,20,0.000000,0.019003,0.000000,0.000000,0.120524,0,0
lqr_pt_2602_hotel,gazebo_map2_straight_tracking,1,1,ros_live,gazebo,1788402290.062896,0.879057,0.008187,0.019005,0.999000,0.020000,0.000000,20,0.000000,0.019005,0.000000,0.000000,0.120524,0,0
lqr_pt_2602_hotel,gazebo_map2_straight_tracking,1,1,ros_live,gazebo,1788402290.112394,0.879057,0.008187,0.019005,0.999000,0.020000,0.000000,20,0.000000,0.019005,0.000000,0.000000,0.120524,0,0
lqr_pt_2602_hotel,gazebo_map2_straight_tracking,1,1,ros_live,gazebo,1788402290.162541,0.879057,0.008187,0.019001,0.999000,0.020000,0.000000,20,0.000000,0.019001,0.000000,0.000000,0.120524,0,0
lqr_pt_2602_hotel,gazebo_map2_straight_tracking,1,1,ros_live,gazebo,1788402290.212545,0.879057,0.008187,0.019000,0.999000,0.020000,0.000000,20,0.000000,0.019000,0.000000,0.000000,0.120524,0,0
lqr_pt_2602_hotel,gazebo_map2_straight_tracking,1,1,ros_live,gazebo,1788402290.262794,0.879057,0.008187,0.018995,0.999000,0.020000,0.000000,20,0.000000,0.018995,0.000000,0.000000,0.120524,0,0
lqr_pt_2602_hotel,gazebo_map2_straight_tracking,1,1,ros_live,gazebo,1788402290.312584,0.879057,0.008187,0.018996,0.999000,0.020000,0.000000,20,0.000000,0.018996,0.000000,0.000000,0.120524,0,0
lqr_pt_2602_hotel,gazebo_map2_straight_tracking,1,1,ros_live,gazebo,1788402290.362923,0.879057,0.008187,0.018998,0.999000,0.020000,0.000000,20,0.000000,0.018998,0.000000,0.000000,0.120524,0,0
lqr_pt_2602_hotel,gazebo_map2_straight_tracking,1,1,ros_live,gazebo,1788402290.412460,0.879057,0.008187,0.019000,0.999000,0.020000,0.000000,20,0.000000,0.019000,0.000000,0.000000,0.120524,0,0
lqr_pt_2602_hotel,gazebo_map2_straight_tracking,1,1,ros_live,gazebo,1788402290.462398,0.879057,0.008187,0.019002,0.999000,0.020000,0.000000,20,0.000000,0.019002,0.000000,0.000000,0.120524,0,0
lqr_pt_2602_hotel,gazebo_map2_straight_tracking,1,1,ros_live,gazebo,1788402290.512840,0.879057,0.008187,0.018999,0.999000,0.020000,0.000000,20,0.000000,0.018999,0.000000,0.000000,0.120524,0,0
lqr_pt_2602_hotel,gazebo_map2_straight_tracking,1,1,ros_live,gazebo,1788402290.562582,0.879057,0.008187,0.018999,0.999000,0.020000,0.000000,20,0.000000,0.018999,0.000000,0.000000,0.120524,0,0
lqr_pt_2602_hotel,gazebo_map2_straight_tracking,1,1,ros_live,gazebo,1788402290.612511,0.879057,0.008187,0.019001,0.999000,0.020000,0.000000,20,0.000000,0.019001,0.000000,0.000000,0.120524,0,0
lqr_pt_2602_hotel,gazebo_map2_straight_tracking,1,1,ros_live,gazebo,1788402290.662813,0.879057,0.008187,0.019000,0.999000,0.020000,0.000000,20,0.000000,0.019000,0.000000,0.000000,0.120524,0,0
lqr_pt_2602_hotel,gazebo_map2_straight_tracking,1,1,ros_live,gazebo,1788402290.712513,0.879057,0.008187,0.018999,0.999000,0.020000,0.000000,20,0.000000,0.018999,0.000000,0.000000,0.120524,0,0
lqr_pt_2602_hotel,gazebo_map2_straight_tracking,1,1,ros_live,gazebo,1788402290.762993,0.879057,0.008187,0.018995,0.999000,0.020000,0.000000,20,0.000000,0.018995,0.000000,0.000000,0.120524,0,0
lqr_pt_2602_hotel,gazebo_map2_straight_tracking,1,1,ros_live,gazebo,1788402290.812510,0.879057,0.008187,0.018998,0.999000,0.020000,0.000000,20,0.000000,0.018998,0.000000,0.000000,0.120524,0,0
lqr_pt_2602_hotel,gazebo_map2_straight_tracking,1,1,ros_live,gazebo,1788402290.862541,0.879057,0.008187,0.019005,0.999000,0.020000,0.000000,20,0.000000,0.019005,0.000000,0.000000,0.120524,0,0
lqr_pt_2602_hotel,gazebo_map2_straight_tracking,1,1,ros_live,gazebo,1788402290.912754,0.879057,0.008187,0.019000,0.999000,0.020000,0.000000,20,0.000000,0.019000,0.000000,0.000000,0.120524,0,0
lqr_pt_2602_hotel,gazebo_map2_straight_tracking,1,1,ros_live,gazebo,1788402290.962480,0.879057,0.008187,0.018999,0.999000,0.020000,0.000000,20,0.000000,0.018999,0.000000,0.000000,0.120524,0,0
lqr_pt_2602_hotel,gazebo_map2_straight_tracking,1,1,ros_live,gazebo,1788402291.012472,0.879057,0.008187,0.018999,0.999000,0.020000,0.000000,20,0.000000,0.018999,0.000000,0.000000,0.120524,0,0
lqr_pt_2602_hotel,gazebo_map2_straight_tracking,1,1,ros_live,gazebo,1788402291.062479,0.879057,0.008187,0.019004,0.999000,0.020000,0.000000,20,0.000000,0.019004,0.000000,0.000000,0.120524,0,0
lqr_pt_2602_hotel,gazebo_map2_straight_tracking,1,1,ros_live,gazebo,1788402291.112581,0.879057,0.008187,0.018999,0.999000,0.020000,0.000000,20,0.000000,0.018999,0.000000,0.000000,0.120524,0,0
lqr_pt_2602_hotel,gazebo_map2_straight_tracking,1,1,ros_live,gazebo,1788402291.162378,0.879057,0.008187,0.019001,0.999000,0.020000,0.000000,20,0.000000,0.019001,0.000000,0.000000,0.120524,0,0
lqr_pt_2602_hotel,gazebo_map2_straight_tracking,1,1,ros_live,gazebo,1788402291.212502,0.879057,0.008187,0.018996,0.999000,0.020000,0.000000,20,0.000000,0.018996,0.000000,0.000000,0.120524,0,0
lqr_pt_2602_hotel,gazebo_map2_straight_tracking,1,1,ros_live,gazebo,1788402291.262487,0.879057,0.008187,0.018997,0.999000,0.020000,0.000000,20,0.000000,0.018997,0.000000,0.000000,0.120524,0,0
lqr_pt_2602_hotel,gazebo_map2_straight_tracking,1,1,ros_live,gazebo,1788402291.312806,0.879057,0.008187,0.019001,0.999000,0.020000,0.000000,20,0.000000,0.019001,0.000000,0.000000,0.120524,0,0
lqr_pt_2602_hotel,gazebo_map2_straight_tracking,1,1,ros_live,gazebo,1788402291.362361,0.879057,0.008187,0.019001,0.999000,0.020000,0.000000,20,0.000000,0.019001,0.000000,0.000000,0.120524,0,0
lqr_pt_2602_hotel,gazebo_map2_straight_tracking,1,1,ros_live,gazebo,1788402291.412572,0.879057,0.008187,0.018998,0.999000,0.020000,0.000000,20,0.000000,0.018998,0.000000,0.000000,0.120524,0,0
lqr_pt_2602_hotel,gazebo_map2_straight_tracking,1,1,ros_live,gazebo,1788402291.462361,0.879057,0.008187,0.018994,0.999000,0.020000,0.000000,20,0.000000,0.018994,0.000000,0.000000,0.120524,0,0
lqr_pt_2602_hotel,gazebo_map2_straight_tracking,1,1,ros_live,gazebo,1788402291.513131,0.879057,0.008187,0.018994,0.999000,0.020000,0.000000,20,0.000000,0.018994,0.000000,0.000000,0.120524,0,0
lqr_pt_2602_hotel,gazebo_map2_straight_tracking,1,1,ros_live,gazebo,1788402291.562553,0.879057,0.008187,0.018998,0.999000,0.020000,0.000000,20,0.000000,0.018998,0.000000,0.000000,0.120524,0,0
lqr_pt_2602_hotel,gazebo_map2_straight_tracking,1,1,ros_live,gazebo,1788402291.612515,0.879057,0.008187,0.019006,0.999000,0.020000,0.000000,20,0.000000,0.019006,0.000000,0.000000,0.120524,0,0
lqr_pt_2602_hotel,gazebo_map2_straight_tracking,1,1,ros_live,gazebo,1788402291.662698,0.879057,0.008187,0.019008,0.999000,0.020000,0.000000,20,0.000000,0.019008,0.000000,0.000000,0.120524,0,0
lqr_pt_2602_hotel,gazebo_map2_straight_tracking,1,1,ros_live,gazebo,1788402291.712857,0.879057,0.008187,0.019011,0.999000,0.020000,0.000000,20,0.000000,0.019011,0.000000,0.000000,0.120524,0,0
lqr_pt_2602_hotel,gazebo_map2_straight_tracking,1,1,ros_live,gazebo,1788402291.762903,0.879057,0.008187,0.019010,0.999000,0.020000,0.000000,20,0.000000,0.019010,0.000000,0.000000,0.120524,0,0
lqr_pt_2602_hotel,gazebo_map2_straight_tracking,1,1,ros_live,gazebo,1788402291.813012,0.879057,0.008187,0.019007,0.999000,0.020000,0.000000,20,0.000000,0.019007,0.000000,0.000000,0.120524,0,0
lqr_pt_2602_hotel,gazebo_map2_straight_tracking,1,1,ros_live,gazebo,1788402291.862784,0.879057,0.008187,0.019008,0.999000,0.020000,0.000000,20,0.000000,0.019008,0.000000,0.000000,0.120524,0,0
lqr_pt_2602_hotel,gazebo_map2_straight_tracking,1,1,ros_live,gazebo,1788402291.912590,0.879057,0.008187,0.019011,0.999000,0.020000,0.000000,20,0.000000,0.019011,0.000000,0.000000,0.120524,0,0
lqr_pt_2602_hotel,gazebo_map2_straight_tracking,1,1,ros_live,gazebo,1788402291.962868,0.879057,0.008187,0.019006,0.999000,0.020000,0.000000,20,0.000000,0.019006,0.000000,0.000000,0.120524,0,0
lqr_pt_2602_hotel,gazebo_map2_straight_tracking,1,1,ros_live,gazebo,1788402292.012494,0.879057,0.008187,0.019006,0.999000,0.020000,0.000000,20,0.000000,0.019006,0.000000,0.000000,0.120524,0,0
lqr_pt_2602_hotel,gazebo_map2_straight_tracking,1,1,ros_live,gazebo,1788402292.062800,0.879057,0.008187,0.019004,0.999000,0.020000,0.000000,20,0.000000,0.019004,0.000000,0.000000,0.120524,0,0
lqr_pt_2602_hotel,gazebo_map2_straight_tracking,1,1,ros_live,gazebo,1788402292.112513,0.879057,0.008187,0.019001,0.999000,0.020000,0.000000,20,0.000000,0.019001,0.000000,0.000000,0.120524,0,0
lqr_pt_2602_hotel,gazebo_map2_straight_tracking,1,1,ros_live,gazebo,1788402292.162844,0.879057,0.008187,0.019002,0.999000,0.020000,0.000000,20,0.000000,0.019002,0.000000,0.000000,0.120524,0,0
lqr_pt_2602_hotel,gazebo_map2_straight_tracking,1,1,ros_live,gazebo,1788402292.212415,0.879057,0.008187,0.019002,0.999000,0.020000,0.000000,20,0.000000,0.019002,0.000000,0.000000,0.120524,0,0
lqr_pt_2602_hotel,gazebo_map2_straight_tracking,1,1,ros_live,gazebo,1788402292.262789,0.879057,0.008187,0.019001,0.999000,0.020000,0.000000,20,0.000000,0.019001,0.000000,0.000000,0.120524,0,0
lqr_pt_2602_hotel,gazebo_map2_straight_tracking,1,1,ros_live,gazebo,1788402292.312500,0.879057,0.008187,0.019004,0.999000,0.020000,0.000000,20,0.000000,0.019004,0.000000,0.000000,0.120524,0,0
lqr_pt_2602_hotel,gazebo_map2_straight_tracking,1,1,ros_live,gazebo,1788402292.362592,0.879057,0.008187,0.019002,0.999000,0.020000,0.000000,20,0.000000,0.019002,0.000000,0.000000,0.120524,0,0
lqr_pt_2602_hotel,gazebo_map2_straight_tracking,1,1,ros_live,gazebo,1788402292.412366,0.879057,0.008187,0.019006,0.999000,0.020000,0.000000,20,0.000000,0.019006,0.000000,0.000000,0.120524,0,0
lqr_pt_2602_hotel,gazebo_map2_straight_tracking,1,1,ros_live,gazebo,1788402292.462670,0.879057,0.008187,0.019007,0.999000,0.020000,0.000000,20,0.000000,0.019007,0.000000,0.000000,0.120524,0,0
lqr_pt_2602_hotel,gazebo_map2_straight_tracking,1,1,ros_live,gazebo,1788402292.512450,0.879057,0.008187,0.019005,0.999000,0.020000,0.000000,20,0.000000,0.019005,0.000000,0.000000,0.120524,0,0
lqr_pt_2602_hotel,gazebo_map2_straight_tracking,1,1,ros_live,gazebo,1788402292.562888,0.879057,0.008187,0.019008,0.999000,0.020000,0.000000,20,0.000000,0.019008,0.000000,0.000000,0.120524,0,0
lqr_pt_2602_hotel,gazebo_map2_straight_tracking,1,1,ros_live,gazebo,1788402292.612435,0.879057,0.008187,0.019003,0.999000,0.020000,0.000000,20,0.000000,0.019003,0.000000,0.000000,0.120524,0,0
lqr_pt_2602_hotel,gazebo_map2_straight_tracking,1,1,ros_live,gazebo,1788402292.662572,0.879057,0.008187,0.019001,0.999000,0.020000,0.000000,20,0.000000,0.019001,0.000000,0.000000,0.120524,0,0
lqr_pt_2602_hotel,gazebo_map2_straight_tracking,1,1,ros_live,gazebo,1788402292.712413,0.879057,0.008187,0.018999,0.999000,0.020000,0.000000,20,0.000000,0.018999,0.000000,0.000000,0.120524,0,0
lqr_pt_2602_hotel,gazebo_map2_straight_tracking,1,1,ros_live,gazebo,1788402292.762483,0.879057,0.008187,0.018998,0.999000,0.020000,0.000000,20,0.000000,0.018998,0.000000,0.000000,0.120524,0,0
lqr_pt_2602_hotel,gazebo_map2_straight_tracking,1,1,ros_live,gazebo,1788402292.812706,0.879057,0.008187,0.018998,0.999000,0.020000,0.000000,20,0.000000,0.018998,0.000000,0.000000,0.120524,0,0
lqr_pt_2602_hotel,gazebo_map2_straight_tracking,1,1,ros_live,gazebo,1788402292.862566,0.879057,0.008187,0.018994,0.999000,0.020000,0.000000,20,0.000000,0.018994,0.000000,0.000000,0.120524,0,0
lqr_pt_2602_hotel,gazebo_map2_straight_tracking,1,1,ros_live,gazebo,1788402292.912810,0.879057,0.008187,0.018999,0.999000,0.020000,0.000000,20,0.000000,0.018999,0.000000,0.000000,0.120524,0,0
lqr_pt_2602_hotel,gazebo_map2_straight_tracking,1,1,ros_live,gazebo,1788402292.962434,0.879057,0.008187,0.018992,0.999000,0.020000,0.000000,20,0.000000,0.018992,0.000000,0.000000,0.120524,0,0
lqr_pt_2602_hotel,gazebo_map2_straight_tracking,1,1,ros_live,gazebo,1788402293.012538,0.879057,0.008187,0.018993,0.999000,0.020000,0.000000,20,0.000000,0.018993,0.000000,0.000000,0.120524,0,0
lqr_pt_2602_hotel,gazebo_map2_straight_tracking,1,1,ros_live,gazebo,1788402293.062685,0.879057,0.008187,0.018993,0.999000,0.020000,0.000000,20,0.000000,0.018993,0.000000,0.000000,0.120524,0,0
lqr_pt_2602_hotel,gazebo_map2_straight_tracking,1,1,ros_live,gazebo,1788402293.112737,0.879057,0.008187,0.018991,0.999000,0.020000,0.000000,20,0.000000,0.018991,0.000000,0.000000,0.120524,0,0
lqr_pt_2602_hotel,gazebo_map2_straight_tracking,1,1,ros_live,gazebo,1788402293.162456,0.879057,0.008187,0.018994,0.999000,0.020000,0.000000,20,0.000000,0.018994,0.000000,0.000000,0.120524,0,0
lqr_pt_2602_hotel,gazebo_map2_straight_tracking,1,1,ros_live,gazebo,1788402293.212729,0.879057,0.008187,0.018993,0.999000,0.020000,0.000000,20,0.000000,0.018993,0.000000,0.000000,0.120524,0,0
lqr_pt_2602_hotel,gazebo_map2_straight_tracking,1,1,ros_live,gazebo,1788402293.262842,0.879057,0.008187,0.018993,0.999000,0.020000,0.000000,20,0.000000,0.018993,0.000000,0.000000,0.120524,0,0
lqr_pt_2602_hotel,gazebo_map2_straight_tracking,1,1,ros_live,gazebo,1788402293.312751,0.879057,0.008187,0.018991,0.999000,0.020000,0.000000,20,0.000000,0.018991,0.000000,0.000000,0.120524,0,0
lqr_pt_2602_hotel,gazebo_map2_straight_tracking,1,1,ros_live,gazebo,1788402293.362494,0.879057,0.008187,0.018990,0.999000,0.020000,0.000000,20,0.000000,0.018990,0.000000,0.000000,0.120524,0,0
lqr_pt_2602_hotel,gazebo_map2_straight_tracking,1,1,ros_live,gazebo,1788402293.412480,0.879057,0.008187,0.018992,0.999000,0.020000,0.000000,20,0.000000,0.018992,0.000000,0.000000,0.120524,0,0
lqr_pt_2602_hotel,gazebo_map2_straight_tracking,1,1,ros_live,gazebo,1788402293.462597,0.879057,0.008187,0.018991,0.999000,0.020000,0.000000,20,0.000000,0.018991,0.000000,0.000000,0.120524,0,0
lqr_pt_2602_hotel,gazebo_map2_straight_tracking,1,1,ros_live,gazebo,1788402293.512763,0.879057,0.008187,0.018990,0.999000,0.020000,0.000000,20,0.000000,0.018990,0.000000,0.000000,0.120524,0,0
lqr_pt_2602_hotel,gazebo_map2_straight_tracking,1,1,ros_live,gazebo,1788402293.563081,0.879057,0.008187,0.018994,0.999000,0.020000,0.000000,20,0.000000,0.018994,0.000000,0.000000,0.120524,0,0
lqr_pt_2602_hotel,gazebo_map2_straight_tracking,1,1,ros_live,gazebo,1788402293.612763,0.879057,0.008187,0.018997,0.999000,0.020000,0.000000,20,0.000000,0.018997,0.000000,0.000000,0.120524,0,0
lqr_pt_2602_hotel,gazebo_map2_straight_tracking,1,1,ros_live,gazebo,1788402293.662547,0.879057,0.008187,0.018992,0.999000,0.020000,0.000000,20,0.000000,0.018992,0.000000,0.000000,0.120524,0,0
lqr_pt_2602_hotel,gazebo_map2_straight_tracking,1,1,ros_live,gazebo,1788402293.712636,0.879057,0.008187,0.018992,0.999000,0.020000,0.000000,20,0.000000,0.018992,0.000000,0.000000,0.120524,0,0
lqr_pt_2602_hotel,gazebo_map2_straight_tracking,1,1,ros_live,gazebo,1788402293.762822,0.879057,0.008187,0.018994,0.999000,0.020000,0.000000,20,0.000000,0.018994,0.000000,0.000000,0.120524,0,0
lqr_pt_2602_hotel,gazebo_map2_straight_tracking,1,1,ros_live,gazebo,1788402293.812472,0.879057,0.008187,0.018994,0.999000,0.020000,0.000000,20,0.000000,0.018994,0.000000,0.000000,0.120524,0,0
lqr_pt_2602_hotel,gazebo_map2_straight_tracking,1,1,ros_live,gazebo,1788402293.862433,0.879057,0.008187,0.018997,0.999000,0.020000,0.000000,20,0.000000,0.018997,0.000000,0.000000,0.120524,0,0
lqr_pt_2602_hotel,gazebo_map2_straight_tracking,1,1,ros_live,gazebo,1788402293.912577,0.879057,0.008187,0.018997,0.999000,0.020000,0.000000,20,0.000000,0.018997,0.000000,0.000000,0.120524,0,0
lqr_pt_2602_hotel,gazebo_map2_straight_tracking,1,1,ros_live,gazebo,1788402293.962357,0.879057,0.008187,0.018997,0.999000,0.020000,0.000000,20,0.000000,0.018997,0.000000,0.000000,0.120524,0,0
lqr_pt_2602_hotel,gazebo_map2_straight_tracking,1,1,ros_live,gazebo,1788402294.012656,0.879057,0.008187,0.018997,0.999000,0.020000,0.000000,20,0.000000,0.018997,0.000000,0.000000,0.120524,0,0
lqr_pt_2602_hotel,gazebo_map2_straight_tracking,1,1,ros_live,gazebo,1788402294.062657,0.879057,0.008187,0.018994,0.999000,0.020000,0.000000,20,0.000000,0.018994,0.000000,0.000000,0.120524,0,0
lqr_pt_2602_hotel,gazebo_map2_straight_tracking,1,1,ros_live,gazebo,1788402294.112355,0.879057,0.008187,0.018992,0.999000,0.020000,0.000000,20,0.000000,0.018992,0.000000,0.000000,0.120524,0,0
lqr_pt_2602_hotel,gazebo_map2_straight_tracking,1,1,ros_live,gazebo,1788402294.162920,0.879057,0.008187,0.018992,0.999000,0.020000,0.000000,20,0.000000,0.018992,0.000000,0.000000,0.120524,0,0
lqr_pt_2602_hotel,gazebo_map2_straight_tracking,1,1,ros_live,gazebo,1788402294.212644,0.879057,0.008187,0.018995,0.999000,0.020000,0.000000,20,0.000000,0.018995,0.000000,0.000000,0.120524,0,0
lqr_pt_2602_hotel,gazebo_map2_straight_tracking,1,1,ros_live,gazebo,1788402294.262786,0.879057,0.008187,0.018992,0.999000,0.020000,0.000000,20,0.000000,0.018992,0.000000,0.000000,0.120524,0,0
lqr_pt_2602_hotel,gazebo_map2_straight_tracking,1,1,ros_live,gazebo,1788402294.312512,0.879057,0.008187,0.018988,0.999000,0.020000,0.000000,20,0.000000,0.018988,0.000000,0.000000,0.120524,0,0
lqr_pt_2602_hotel,gazebo_map2_straight_tracking,1,1,ros_live,gazebo,1788402294.362727,0.879057,0.008187,0.018992,0.999000,0.020000,0.000000,20,0.000000,0.018992,0.000000,0.000000,0.120524,0,0
lqr_pt_2602_hotel,gazebo_map2_straight_tracking,1,1,ros_live,gazebo,1788402294.412499,0.879057,0.008187,0.018992,0.999000,0.020000,0.000000,20,0.000000,0.018992,0.000000,0.000000,0.120524,0,0
lqr_pt_2602_hotel,gazebo_map2_straight_tracking,1,1,ros_live,gazebo,1788402294.462691,0.879057,0.008187,0.018991,0.999000,0.020000,0.000000,20,0.000000,0.018991,0.000000,0.000000,0.120524,0,0
lqr_pt_2602_hotel,gazebo_map2_straight_tracking,1,1,ros_live,gazebo,1788402294.512499,0.879057,0.008187,0.018990,0.999000,0.020000,0.000000,20,0.000000,0.018990,0.000000,0.000000,0.120524,0,0
lqr_pt_2602_hotel,gazebo_map2_straight_tracking,1,1,ros_live,gazebo,1788402294.562800,0.879057,0.008187,0.018989,0.999000,0.020000,0.000000,20,0.000000,0.018989,0.000000,0.000000,0.120524,0,0
lqr_pt_2602_hotel,gazebo_map2_straight_tracking,1,1,ros_live,gazebo,1788402294.612492,0.879057,0.008187,0.018984,0.999000,0.020000,0.000000,20,0.000000,0.018984,0.000000,0.000000,0.120524,0,0
lqr_pt_2602_hotel,gazebo_map2_straight_tracking,1,1,ros_live,gazebo,1788402294.662349,0.879057,0.008187,0.018986,0.999000,0.020000,0.000000,20,0.000000,0.018986,0.000000,0.000000,0.120524,0,0
lqr_pt_2602_hotel,gazebo_map2_straight_tracking,1,1,ros_live,gazebo,1788402294.712566,0.879057,0.008187,0.018991,0.999000,0.020000,0.000000,20,0.000000,0.018991,0.000000,0.000000,0.120524,0,0
lqr_pt_2602_hotel,gazebo_map2_straight_tracking,1,1,ros_live,gazebo,1788402294.762563,0.879057,0.008187,0.018991,0.999000,0.020000,0.000000,20,0.000000,0.018991,0.000000,0.000000,0.120524,0,0
lqr_pt_2602_hotel,gazebo_map2_straight_tracking,1,1,ros_live,gazebo,1788402294.812587,0.879057,0.008187,0.018991,0.999000,0.020000,0.000000,20,0.000000,0.018991,0.000000,0.000000,0.120524,0,0
lqr_pt_2602_hotel,gazebo_map2_straight_tracking,1,1,ros_live,gazebo,1788402294.862819,0.879057,0.008187,0.018991,0.999000,0.020000,0.000000,20,0.000000,0.018991,0.000000,0.000000,0.120524,0,0
lqr_pt_2602_hotel,gazebo_map2_straight_tracking,1,1,ros_live,gazebo,1788402294.912516,0.879057,0.008187,0.018994,0.999000,0.020000,0.000000,20,0.000000,0.018994,0.000000,0.000000,0.120524,0,0
lqr_pt_2602_hotel,gazebo_map2_straight_tracking,1,1,ros_live,gazebo,1788402294.962770,0.879057,0.008187,0.018991,0.999000,0.020000,0.000000,20,0.000000,0.018991,0.000000,0.000000,0.120524,0,0
lqr_pt_2602_hotel,gazebo_map2_straight_tracking,1,1,ros_live,gazebo,1788402295.012526,0.879057,0.008187,0.018994,0.999000,0.020000,0.000000,20,0.000000,0.018994,0.000000,0.000000,0.120524,0,0
lqr_pt_2602_hotel,gazebo_map2_straight_tracking,1,1,ros_live,gazebo,1788402295.062838,0.879057,0.008187,0.018993,0.999000,0.020000,0.000000,20,0.000000,0.018993,0.000000,0.000000,0.120524,0,0
lqr_pt_2602_hotel,gazebo_map2_straight_tracking,1,1,ros_live,gazebo,1788402295.112637,0.879057,0.008187,0.018991,0.999000,0.020000,0.000000,20,0.000000,0.018991,0.000000,0.000000,0.120524,0,0
lqr_pt_2602_hotel,gazebo_map2_straight_tracking,1,1,ros_live,gazebo,1788402295.162831,0.879057,0.008187,0.018989,0.999000,0.020000,0.000000,20,0.000000,0.018989,0.000000,0.000000,0.120524,0,0
lqr_pt_2602_hotel,gazebo_map2_straight_tracking,1,1,ros_live,gazebo,1788402295.212958,0.879057,0.008187,0.018986,0.999000,0.020000,0.000000,20,0.000000,0.018986,0.000000,0.000000,0.120524,0,0
lqr_pt_2602_hotel,gazebo_map2_straight_tracking,1,1,ros_live,gazebo,1788402295.262735,0.879057,0.008187,0.018984,0.999000,0.020000,0.000000,20,0.000000,0.018984,0.000000,0.000000,0.120524,0,0
lqr_pt_2602_hotel,gazebo_map2_straight_tracking,1,1,ros_live,gazebo,1788402295.312394,0.879057,0.008187,0.018984,0.999000,0.020000,0.000000,20,0.000000,0.018984,0.000000,0.000000,0.120524,0,0
lqr_pt_2602_hotel,gazebo_map2_straight_tracking,1,1,ros_live,gazebo,1788402295.362796,0.879057,0.008187,0.018985,0.999000,0.020000,0.000000,20,0.000000,0.018985,0.000000,0.000000,0.120524,0,0
lqr_pt_2602_hotel,gazebo_map2_straight_tracking,1,1,ros_live,gazebo,1788402295.412601,0.879057,0.008187,0.018984,0.999000,0.020000,0.000000,20,0.000000,0.018984,0.000000,0.000000,0.120524,0,0
lqr_pt_2602_hotel,gazebo_map2_straight_tracking,1,1,ros_live,gazebo,1788402295.462558,0.879057,0.008187,0.018988,0.999000,0.020000,0.000000,20,0.000000,0.018988,0.000000,0.000000,0.120524,0,0
lqr_pt_2602_hotel,gazebo_map2_straight_tracking,1,1,ros_live,gazebo,1788402295.512580,0.879057,0.008187,0.018987,0.999000,0.020000,0.000000,20,0.000000,0.018987,0.000000,0.000000,0.120524,0,0
lqr_pt_2602_hotel,gazebo_map2_straight_tracking,1,1,ros_live,gazebo,1788402295.562567,0.879057,0.008187,0.018981,0.999000,0.020000,0.000000,20,0.000000,0.018981,0.000000,0.000000,0.120524,0,0
lqr_pt_2602_hotel,gazebo_map2_straight_tracking,1,1,ros_live,gazebo,1788402295.612899,0.879057,0.008187,0.018982,0.999000,0.020000,0.000000,20,0.000000,0.018982,0.000000,0.000000,0.120524,0,0
lqr_pt_2602_hotel,gazebo_map2_straight_tracking,1,1,ros_live,gazebo,1788402295.662536,0.879057,0.008187,0.018986,0.999000,0.020000,0.000000,20,0.000000,0.018986,0.000000,0.000000,0.120524,0,0
lqr_pt_2602_hotel,gazebo_map2_straight_tracking,1,1,ros_live,gazebo,1788402295.712833,0.879057,0.008187,0.018984,0.999000,0.020000,0.000000,20,0.000000,0.018984,0.000000,0.000000,0.120524,0,0
lqr_pt_2602_hotel,gazebo_map2_straight_tracking,1,1,ros_live,gazebo,1788402295.762538,0.879057,0.008187,0.018986,0.999000,0.020000,0.000000,20,0.000000,0.018986,0.000000,0.000000,0.120524,0,0
lqr_pt_2602_hotel,gazebo_map2_straight_tracking,1,1,ros_live,gazebo,1788402295.812488,0.879057,0.008187,0.018984,0.999000,0.020000,0.000000,20,0.000000,0.018984,0.000000,0.000000,0.120524,0,0
lqr_pt_2602_hotel,gazebo_map2_straight_tracking,1,1,ros_live,gazebo,1788402295.862681,0.879057,0.008187,0.018988,0.999000,0.020000,0.000000,20,0.000000,0.018988,0.000000,0.000000,0.120524,0,0
lqr_pt_2602_hotel,gazebo_map2_straight_tracking,1,1,ros_live,gazebo,1788402295.912529,0.879057,0.008187,0.018984,0.999000,0.020000,0.000000,20,0.000000,0.018984,0.000000,0.000000,0.120524,0,0
lqr_pt_2602_hotel,gazebo_map2_straight_tracking,1,1,ros_live,gazebo,1788402295.962732,0.879057,0.008187,0.018981,0.999000,0.020000,0.000000,20,0.000000,0.018981,0.000000,0.000000,0.120524,0,0
lqr_pt_2602_hotel,gazebo_map2_straight_tracking,1,1,ros_live,gazebo,1788402296.012761,0.879057,0.008187,0.018980,0.999000,0.020000,0.000000,20,0.000000,0.018980,0.000000,0.000000,0.120524,0,0
lqr_pt_2602_hotel,gazebo_map2_straight_tracking,1,1,ros_live,gazebo,1788402296.062566,0.879057,0.008187,0.018977,0.999000,0.020000,0.000000,20,0.000000,0.018977,0.000000,0.000000,0.120524,0,0
lqr_pt_2602_hotel,gazebo_map2_straight_tracking,1,1,ros_live,gazebo,1788402296.112586,0.879057,0.008187,0.018977,0.999000,0.020000,0.000000,20,0.000000,0.018977,0.000000,0.000000,0.120524,0,0
lqr_pt_2602_hotel,gazebo_map2_straight_tracking,1,1,ros_live,gazebo,1788402296.162493,0.879057,0.008187,0.018975,0.999000,0.020000,0.000000,20,0.000000,0.018975,0.000000,0.000000,0.120524,0,0
lqr_pt_2602_hotel,gazebo_map2_straight_tracking,1,1,ros_live,gazebo,1788402296.212844,0.879057,0.008187,0.018976,0.999000,0.020000,0.000000,20,0.000000,0.018976,0.000000,0.000000,0.120524,0,0
lqr_pt_2602_hotel,gazebo_map2_straight_tracking,1,1,ros_live,gazebo,1788402296.262761,0.879057,0.008187,0.018975,0.999000,0.020000,0.000000,20,0.000000,0.018975,0.000000,0.000000,0.120524,0,0
lqr_pt_2602_hotel,gazebo_map2_straight_tracking,1,1,ros_live,gazebo,1788402296.312487,0.879057,0.008187,0.018974,0.999000,0.020000,0.000000,20,0.000000,0.018974,0.000000,0.000000,0.120524,0,0
lqr_pt_2602_hotel,gazebo_map2_straight_tracking,1,1,ros_live,gazebo,1788402296.362499,0.879057,0.008187,0.018973,0.999000,0.020000,0.000000,20,0.000000,0.018973,0.000000,0.000000,0.120524,0,0
lqr_pt_2602_hotel,gazebo_map2_straight_tracking,1,1,ros_live,gazebo,1788402296.412776,0.879057,0.008187,0.018976,0.999000,0.020000,0.000000,20,0.000000,0.018976,0.000000,0.000000,0.120524,0,0
lqr_pt_2602_hotel,gazebo_map2_straight_tracking,1,1,ros_live,gazebo,1788402296.462434,0.879057,0.008187,0.018976,0.999000,0.020000,0.000000,20,0.000000,0.018976,0.000000,0.000000,0.120524,0,0
lqr_pt_2602_hotel,gazebo_map2_straight_tracking,1,1,ros_live,gazebo,1788402296.512716,0.879057,0.008187,0.018972,0.999000,0.020000,0.000000,20,0.000000,0.018972,0.000000,0.000000,0.120524,0,0
lqr_pt_2602_hotel,gazebo_map2_straight_tracking,1,1,ros_live,gazebo,1788402296.562546,0.879057,0.008187,0.018971,0.999000,0.020000,0.000000,20,0.000000,0.018971,0.000000,0.000000,0.120524,0,0
lqr_pt_2602_hotel,gazebo_map2_straight_tracking,1,1,ros_live,gazebo,1788402296.612853,0.879057,0.008187,0.018973,0.999000,0.020000,0.000000,20,0.000000,0.018973,0.000000,0.000000,0.120524,0,0
lqr_pt_2602_hotel,gazebo_map2_straight_tracking,1,1,ros_live,gazebo,1788402296.662495,0.879057,0.008187,0.018977,0.999000,0.020000,0.000000,20,0.000000,0.018977,0.000000,0.000000,0.120524,0,0
lqr_pt_2602_hotel,gazebo_map2_straight_tracking,1,1,ros_live,gazebo,1788402296.712848,0.879057,0.008187,0.018979,0.999000,0.020000,0.000000,20,0.000000,0.018979,0.000000,0.000000,0.120524,0,0
lqr_pt_2602_hotel,gazebo_map2_straight_tracking,1,1,ros_live,gazebo,1788402296.762806,0.879057,0.008187,0.018981,0.999000,0.020000,0.000000,20,0.000000,0.018981,0.000000,0.000000,0.120524,0,0
lqr_pt_2602_hotel,gazebo_map2_straight_tracking,1,1,ros_live,gazebo,1788402296.812707,0.879057,0.008187,0.018984,0.999000,0.020000,0.000000,20,0.000000,0.018984,0.000000,0.000000,0.120524,0,0
lqr_pt_2602_hotel,gazebo_map2_straight_tracking,1,1,ros_live,gazebo,1788402296.862766,0.879057,0.008187,0.018984,0.999000,0.020000,0.000000,20,0.000000,0.018984,0.000000,0.000000,0.120524,0,0
lqr_pt_2602_hotel,gazebo_map2_straight_tracking,1,1,ros_live,gazebo,1788402296.912728,0.879057,0.008187,0.018989,0.999000,0.020000,0.000000,20,0.000000,0.018989,0.000000,0.000000,0.120524,0,0
lqr_pt_2602_hotel,gazebo_map2_straight_tracking,1,1,ros_live,gazebo,1788402296.962915,0.879057,0.008187,0.018984,0.999000,0.020000,0.000000,20,0.000000,0.018984,0.000000,0.000000,0.120524,0,0
lqr_pt_2602_hotel,gazebo_map2_straight_tracking,1,1,ros_live,gazebo,1788402297.012706,0.879057,0.008187,0.018980,0.999000,0.020000,0.000000,20,0.000000,0.018980,0.000000,0.000000,0.120524,0,0
lqr_pt_2602_hotel,gazebo_map2_straight_tracking,1,1,ros_live,gazebo,1788402297.062664,0.879057,0.008187,0.018979,0.999000,0.020000,0.000000,20,0.000000,0.018979,0.000000,0.000000,0.120524,0,0
lqr_pt_2602_hotel,gazebo_map2_straight_tracking,1,1,ros_live,gazebo,1788402297.112411,0.879057,0.008187,0.018977,0.999000,0.020000,0.000000,20,0.000000,0.018977,0.000000,0.000000,0.120524,0,0
lqr_pt_2602_hotel,gazebo_map2_straight_tracking,1,1,ros_live,gazebo,1788402297.162853,0.879057,0.008187,0.018976,0.999000,0.020000,0.000000,20,0.000000,0.018976,0.000000,0.000000,0.120524,0,0
lqr_pt_2602_hotel,gazebo_map2_straight_tracking,1,1,ros_live,gazebo,1788402297.212493,0.879057,0.008187,0.018972,0.999000,0.020000,0.000000,20,0.000000,0.018972,0.000000,0.000000,0.120524,0,0
lqr_pt_2602_hotel,gazebo_map2_straight_tracking,1,1,ros_live,gazebo,1788402297.262731,0.879057,0.008187,0.018973,0.999000,0.020000,0.000000,20,0.000000,0.018973,0.000000,0.000000,0.120524,0,0
lqr_pt_2602_hotel,gazebo_map2_straight_tracking,1,1,ros_live,gazebo,1788402297.312403,0.879057,0.008187,0.018977,0.999000,0.020000,0.000000,20,0.000000,0.018977,0.000000,0.000000,0.120524,0,0
lqr_pt_2602_hotel,gazebo_map2_straight_tracking,1,1,ros_live,gazebo,1788402297.362744,0.879057,0.008187,0.018974,0.999000,0.020000,0.000000,20,0.000000,0.018974,0.000000,0.000000,0.120524,0,0
lqr_pt_2602_hotel,gazebo_map2_straight_tracking,1,1,ros_live,gazebo,1788402297.412540,0.879057,0.008187,0.018974,0.999000,0.020000,0.000000,20,0.000000,0.018974,0.000000,0.000000,0.120524,0,0
lqr_pt_2602_hotel,gazebo_map2_straight_tracking,1,1,ros_live,gazebo,1788402297.462730,0.879057,0.008187,0.018973,0.999000,0.020000,0.000000,20,0.000000,0.018973,0.000000,0.000000,0.120524,0,0
lqr_pt_2602_hotel,gazebo_map2_straight_tracking,1,1,ros_live,gazebo,1788402297.512470,0.879057,0.008187,0.018978,0.999000,0.020000,0.000000,20,0.000000,0.018978,0.000000,0.000000,0.120524,0,0
lqr_pt_2602_hotel,gazebo_map2_straight_tracking,1,1,ros_live,gazebo,1788402297.562871,0.879057,0.008187,0.018975,0.999000,0.020000,0.000000,20,0.000000,0.018975,0.000000,0.000000,0.120524,0,0
lqr_pt_2602_hotel,gazebo_map2_straight_tracking,1,1,ros_live,gazebo,1788402297.612442,0.879057,0.008187,0.018974,0.999000,0.020000,0.000000,20,0.000000,0.018974,0.000000,0.000000,0.120524,0,0
lqr_pt_2602_hotel,gazebo_map2_straight_tracking,1,1,ros_live,gazebo,1788402297.662856,0.879057,0.008187,0.018973,0.999000,0.020000,0.000000,20,0.000000,0.018973,0.000000,0.000000,0.120524,0,0
lqr_pt_2602_hotel,gazebo_map2_straight_tracking,1,1,ros_live,gazebo,1788402297.712463,0.879057,0.008187,0.018973,0.999000,0.020000,0.000000,20,0.000000,0.018973,0.000000,0.000000,0.120524,0,0
lqr_pt_2602_hotel,gazebo_map2_straight_tracking,1,1,ros_live,gazebo,1788402297.762360,0.879057,0.008187,0.018976,0.999000,0.020000,0.000000,20,0.000000,0.018976,0.000000,0.000000,0.120524,0,0
lqr_pt_2602_hotel,gazebo_map2_straight_tracking,1,1,ros_live,gazebo,1788402297.812434,0.879057,0.008187,0.018972,0.999000,0.020000,0.000000,20,0.000000,0.018972,0.000000,0.000000,0.120524,0,0
lqr_pt_2602_hotel,gazebo_map2_straight_tracking,1,1,ros_live,gazebo,1788402297.862895,0.879057,0.008187,0.018968,0.999000,0.020000,0.000000,20,0.000000,0.018968,0.000000,0.000000,0.120524,0,0
lqr_pt_2602_hotel,gazebo_map2_straight_tracking,1,1,ros_live,gazebo,1788402297.912358,0.879057,0.008187,0.018969,0.999000,0.020000,0.000000,20,0.000000,0.018969,0.000000,0.000000,0.120524,0,0
lqr_pt_2602_hotel,gazebo_map2_straight_tracking,1,1,ros_live,gazebo,1788402297.962777,0.879057,0.008187,0.018969,0.999000,0.020000,0.000000,20,0.000000,0.018969,0.000000,0.000000,0.120524,0,0
lqr_pt_2602_hotel,gazebo_map2_straight_tracking,1,1,ros_live,gazebo,1788402298.012762,0.879057,0.008187,0.018972,0.999000,0.020000,0.000000,20,0.000000,0.018972,0.000000,0.000000,0.120524,0,0
lqr_pt_2602_hotel,gazebo_map2_straight_tracking,1,1,ros_live,gazebo,1788402298.062796,0.879057,0.008187,0.018969,0.999000,0.020000,0.000000,20,0.000000,0.018969,0.000000,0.000000,0.120524,0,0
lqr_pt_2602_hotel,gazebo_map2_straight_tracking,1,1,ros_live,gazebo,1788402298.112547,0.879057,0.008187,0.018971,0.999000,0.020000,0.000000,20,0.000000,0.018971,0.000000,0.000000,0.120524,0,0
lqr_pt_2602_hotel,gazebo_map2_straight_tracking,1,1,ros_live,gazebo,1788402298.162567,0.879057,0.008187,0.018964,0.999000,0.020000,0.000000,20,0.000000,0.018964,0.000000,0.000000,0.120524,0,0
lqr_pt_2602_hotel,gazebo_map2_straight_tracking,1,1,ros_live,gazebo,1788402298.212555,0.879057,0.008187,0.018965,0.999000,0.020000,0.000000,20,0.000000,0.018965,0.000000,0.000000,0.120524,0,0
lqr_pt_2602_hotel,gazebo_map2_straight_tracking,1,1,ros_live,gazebo,1788402298.262884,0.879057,0.008187,0.018964,0.999000,0.020000,0.000000,20,0.000000,0.018964,0.000000,0.000000,0.120524,0,0
lqr_pt_2602_hotel,gazebo_map2_straight_tracking,1,1,ros_live,gazebo,1788402298.312587,0.879057,0.008187,0.018964,0.999000,0.020000,0.000000,20,0.000000,0.018964,0.000000,0.000000,0.120524,0,0
lqr_pt_2602_hotel,gazebo_map2_straight_tracking,1,1,ros_live,gazebo,1788402298.362833,0.879057,0.008187,0.018960,0.999000,0.020000,0.000000,20,0.000000,0.018960,0.000000,0.000000,0.120524,0,0
lqr_pt_2602_hotel,gazebo_map2_straight_tracking,1,1,ros_live,gazebo,1788402298.412574,0.879057,0.008187,0.018962,0.999000,0.020000,0.000000,20,0.000000,0.018962,0.000000,0.000000,0.120524,0,0
lqr_pt_2602_hotel,gazebo_map2_straight_tracking,1,1,ros_live,gazebo,1788402298.462541,0.879057,0.008187,0.018960,0.999000,0.020000,0.000000,20,0.000000,0.018960,0.000000,0.000000,0.120524,0,0
lqr_pt_2602_hotel,gazebo_map2_straight_tracking,1,1,ros_live,gazebo,1788402298.512460,0.879057,0.008187,0.018961,0.999000,0.020000,0.000000,20,0.000000,0.018961,0.000000,0.000000,0.120524,0,0
lqr_pt_2602_hotel,gazebo_map2_straight_tracking,1,1,ros_live,gazebo,1788402298.562466,0.879057,0.008187,0.018962,0.999000,0.020000,0.000000,20,0.000000,0.018962,0.000000,0.000000,0.120524,0,0
lqr_pt_2602_hotel,gazebo_map2_straight_tracking,1,1,ros_live,gazebo,1788402298.612526,0.879057,0.008187,0.018960,0.999000,0.020000,0.000000,20,0.000000,0.018960,0.000000,0.000000,0.120524,0,0
lqr_pt_2602_hotel,gazebo_map2_straight_tracking,1,1,ros_live,gazebo,1788402298.662562,0.879057,0.008187,0.018955,0.999000,0.020000,0.000000,20,0.000000,0.018955,0.000000,0.000000,0.120524,0,0
lqr_pt_2602_hotel,gazebo_map2_straight_tracking,1,1,ros_live,gazebo,1788402298.712492,0.879057,0.008187,0.018953,0.999000,0.020000,0.000000,20,0.000000,0.018953,0.000000,0.000000,0.120524,0,0
lqr_pt_2602_hotel,gazebo_map2_straight_tracking,1,1,ros_live,gazebo,1788402298.762560,0.879057,0.008187,0.018953,0.999000,0.020000,0.000000,20,0.000000,0.018953,0.000000,0.000000,0.120524,0,0
lqr_pt_2602_hotel,gazebo_map2_straight_tracking,1,1,ros_live,gazebo,1788402298.812384,0.879057,0.008187,0.018951,0.999000,0.020000,0.000000,20,0.000000,0.018951,0.000000,0.000000,0.120524,0,0
lqr_pt_2602_hotel,gazebo_map2_straight_tracking,1,1,ros_live,gazebo,1788402298.862454,0.879057,0.008187,0.018945,0.999000,0.020000,0.000000,20,0.000000,0.018945,0.000000,0.000000,0.120524,0,0
lqr_pt_2602_hotel,gazebo_map2_straight_tracking,1,1,ros_live,gazebo,1788402298.912406,0.879057,0.008187,0.018942,0.999000,0.020000,0.000000,20,0.000000,0.018942,0.000000,0.000000,0.120524,0,0
lqr_pt_2602_hotel,gazebo_map2_straight_tracking,1,1,ros_live,gazebo,1788402298.962437,0.879057,0.008187,0.018944,0.999000,0.020000,0.000000,20,0.000000,0.018944,0.000000,0.000000,0.120524,0,0
lqr_pt_2602_hotel,gazebo_map2_straight_tracking,1,1,ros_live,gazebo,1788402299.012387,0.879057,0.008187,0.018941,0.999000,0.020000,0.000000,20,0.000000,0.018941,0.000000,0.000000,0.120524,0,0
lqr_pt_2602_hotel,gazebo_map2_straight_tracking,1,1,ros_live,gazebo,1788402299.062347,0.879057,0.008187,0.018942,0.999000,0.020000,0.000000,20,0.000000,0.018942,0.000000,0.000000,0.120524,0,0
lqr_pt_2602_hotel,gazebo_map2_straight_tracking,1,1,ros_live,gazebo,1788402299.112487,0.879057,0.008187,0.018946,0.999000,0.020000,0.000000,20,0.000000,0.018946,0.000000,0.000000,0.120524,0,0
lqr_pt_2602_hotel,gazebo_map2_straight_tracking,1,1,ros_live,gazebo,1788402299.162580,0.879057,0.008187,0.018944,0.999000,0.020000,0.000000,20,0.000000,0.018944,0.000000,0.000000,0.120524,0,0
lqr_pt_2602_hotel,gazebo_map2_straight_tracking,1,1,ros_live,gazebo,1788402299.212345,0.879057,0.008187,0.018944,0.999000,0.020000,0.000000,20,0.000000,0.018944,0.000000,0.000000,0.120524,0,0
lqr_pt_2602_hotel,gazebo_map2_straight_tracking,1,1,ros_live,gazebo,1788402299.262445,0.879057,0.008187,0.018944,0.999000,0.020000,0.000000,20,0.000000,0.018944,0.000000,0.000000,0.120524,0,0
lqr_pt_2602_hotel,gazebo_map2_straight_tracking,1,1,ros_live,gazebo,1788402299.312495,0.879057,0.008187,0.018942,0.999000,0.020000,0.000000,20,0.000000,0.018942,0.000000,0.000000,0.120524,0,0
lqr_pt_2602_hotel,gazebo_map2_straight_tracking,1,1,ros_live,gazebo,1788402299.362466,0.879057,0.008187,0.018944,0.999000,0.020000,0.000000,20,0.000000,0.018944,0.000000,0.000000,0.120524,0,0
lqr_pt_2602_hotel,gazebo_map2_straight_tracking,1,1,ros_live,gazebo,1788402299.412428,0.879057,0.008187,0.018955,0.999000,0.020000,0.000000,20,0.000000,0.018955,0.000000,0.000000,0.120524,0,0
lqr_pt_2602_hotel,gazebo_map2_straight_tracking,1,1,ros_live,gazebo,1788402299.462477,0.879057,0.008187,0.018955,0.999000,0.020000,0.000000,20,0.000000,0.018955,0.000000,0.000000,0.120524,0,0
lqr_pt_2602_hotel,gazebo_map2_straight_tracking,1,1,ros_live,gazebo,1788402299.512393,0.879057,0.008187,0.018956,0.999000,0.020000,0.000000,20,0.000000,0.018956,0.000000,0.000000,0.120524,0,0
lqr_pt_2602_hotel,gazebo_map2_straight_tracking,1,1,ros_live,gazebo,1788402299.562451,0.879057,0.008187,0.018957,0.999000,0.020000,0.000000,20,0.000000,0.018957,0.000000,0.000000,0.120524,0,0
lqr_pt_2602_hotel,gazebo_map2_straight_tracking,1,1,ros_live,gazebo,1788402299.612386,0.879057,0.008187,0.018961,0.999000,0.020000,0.000000,20,0.000000,0.018961,0.000000,0.000000,0.120524,0,0
lqr_pt_2602_hotel,gazebo_map2_straight_tracking,1,1,ros_live,gazebo,1788402299.662535,0.879057,0.008187,0.018963,0.999000,0.020000,0.000000,20,0.000000,0.018963,0.000000,0.000000,0.120524,0,0
lqr_pt_2602_hotel,gazebo_map2_straight_tracking,1,1,ros_live,gazebo,1788402299.712368,0.879057,0.008187,0.018963,0.999000,0.020000,0.000000,20,0.000000,0.018963,0.000000,0.000000,0.120524,0,0
lqr_pt_2602_hotel,gazebo_map2_straight_tracking,1,1,ros_live,gazebo,1788402299.762463,0.879057,0.008187,0.018964,0.999000,0.020000,0.000000,20,0.000000,0.018964,0.000000,0.000000,0.120524,0,0
lqr_pt_2602_hotel,gazebo_map2_straight_tracking,1,1,ros_live,gazebo,1788402299.812444,0.879057,0.008187,0.018965,0.999000,0.020000,0.000000,20,0.000000,0.018965,0.000000,0.000000,0.120524,0,0
lqr_pt_2602_hotel,gazebo_map2_straight_tracking,1,1,ros_live,gazebo,1788402299.862480,0.879057,0.008187,0.018967,0.999000,0.020000,0.000000,20,0.000000,0.018967,0.000000,0.000000,0.120524,0,0
lqr_pt_2602_hotel,gazebo_map2_straight_tracking,1,1,ros_live,gazebo,1788402299.912369,0.879057,0.008187,0.018967,0.999000,0.020000,0.000000,20,0.000000,0.018967,0.000000,0.000000,0.120524,0,0
lqr_pt_2602_hotel,gazebo_map2_straight_tracking,1,1,ros_live,gazebo,1788402299.962468,0.879057,0.008187,0.018967,0.999000,0.020000,0.000000,20,0.000000,0.018967,0.000000,0.000000,0.120524,0,0
lqr_pt_2602_hotel,gazebo_map2_straight_tracking,1,1,ros_live,gazebo,1788402300.012351,0.879057,0.008187,0.018966,0.999000,0.020000,0.000000,20,0.000000,0.018966,0.000000,0.000000,0.120524,0,0
lqr_pt_2602_hotel,gazebo_map2_straight_tracking,1,1,ros_live,gazebo,1788402300.062459,0.879057,0.008187,0.018967,0.999000,0.020000,0.000000,20,0.000000,0.018967,0.000000,0.000000,0.120524,0,0
lqr_pt_2602_hotel,gazebo_map2_straight_tracking,1,1,ros_live,gazebo,1788402300.112861,0.879057,0.008187,0.018964,0.999000,0.020000,0.000000,20,0.000000,0.018964,0.000000,0.000000,0.120524,0,0
lqr_pt_2602_hotel,gazebo_map2_straight_tracking,1,1,ros_live,gazebo,1788402300.162482,0.879057,0.008187,0.018964,0.999000,0.020000,0.000000,20,0.000000,0.018964,0.000000,0.000000,0.120524,0,0
lqr_pt_2602_hotel,gazebo_map2_straight_tracking,1,1,ros_live,gazebo,1788402300.213501,0.879057,0.008187,0.018967,0.999000,0.020000,0.000000,20,0.000000,0.018967,0.000000,0.000000,0.120524,0,0
lqr_pt_2602_hotel,gazebo_map2_straight_tracking,1,1,ros_live,gazebo,1788402300.262490,0.879057,0.008187,0.018966,0.999000,0.020000,0.000000,20,0.000000,0.018966,0.000000,0.000000,0.120524,0,0
lqr_pt_2602_hotel,gazebo_map2_straight_tracking,1,1,ros_live,gazebo,1788402300.312506,0.879057,0.008187,0.018968,0.999000,0.020000,0.000000,20,0.000000,0.018968,0.000000,0.000000,0.120524,0,0
lqr_pt_2602_hotel,gazebo_map2_straight_tracking,1,1,ros_live,gazebo,1788402300.362447,0.879057,0.008187,0.018976,0.999000,0.020000,0.000000,20,0.000000,0.018976,0.000000,0.000000,0.120524,0,0
lqr_pt_2602_hotel,gazebo_map2_straight_tracking,1,1,ros_live,gazebo,1788402300.412391,0.879057,0.008187,0.018974,0.999000,0.020000,0.000000,20,0.000000,0.018974,0.000000,0.000000,0.120524,0,0
lqr_pt_2602_hotel,gazebo_map2_straight_tracking,1,1,ros_live,gazebo,1788402300.462442,0.879057,0.008187,0.018970,0.999000,0.020000,0.000000,20,0.000000,0.018970,0.000000,0.000000,0.120524,0,0
lqr_pt_2602_hotel,gazebo_map2_straight_tracking,1,1,ros_live,gazebo,1788402300.512851,0.879057,0.008187,0.018970,0.999000,0.020000,0.000000,20,0.000000,0.018970,0.000000,0.000000,0.120524,0,0
lqr_pt_2602_hotel,gazebo_map2_straight_tracking,1,1,ros_live,gazebo,1788402300.562500,0.879057,0.008187,0.018971,0.999000,0.020000,0.000000,20,0.000000,0.018971,0.000000,0.000000,0.120524,0,0
